profile,comp,window,final,base,mult,cagr,maxdd,worst_vs_paid_in,trough,fills,names,sells,starved,starved_weeks,reserve_end,reserve_min,reserve_min_frac,avg_invested,vs_EW,vs_SPY,vs_QQQ,vs_BRK.B,vs_60/40,vs_T-bill
A,c100,1998-2002,131418,100000,1.3142,,0.0895,0.9962,1667,293,45,7,0,0,63334,1667,0.4475,0.3955,0.50518,0.70601,,0.1657,0.46701,0.20461
A,c100,1998-2019,1605730,440000,3.6494,,0.3911,0.9921,1667,2058,205,61,304,21,371698,63,0.0002,0.7043,0.0277,0.21915,,0.13344,0.72979,2.17527
A,c100,1998-2026,3447002,573333,6.0122,,0.3911,0.9921,1667,2512,222,101,304,21,1034577,63,0.0002,0.7088,-0.15436,-0.07366,,-0.01268,0.68542,3.53976
A,c100,2000-2019,1216625,400000,3.0416,,0.4017,0.838,1541,1728,193,52,1433,57,285353,6,0.0001,0.8121,0.07129,0.05138,-0.30723,0.00991,0.49746,1.71723
A,c100,2000-2020,1354420,420000,3.2248,,0.4017,0.838,1541,1767,196,59,1433,57,347471,6,0.0001,0.8088,0.05241,-0.02597,-0.48539,0.09115,0.45369,1.88562
A,c100,2000-2026,2540327,533333,4.7631,,0.4017,0.838,1541,2182,214,90,1433,57,784213,6,0.0001,0.7887,0.0563,-0.22985,-0.60762,-0.15358,0.39959,2.68393
A,c100,2003-2007,122948,100000,1.2295,,0.063,0.9883,1647,426,84,1,12,6,19689,2,0.0003,0.6315,-0.12519,-0.04781,-0.1085,-0.23003,0.01307,0.11907
A,c100,2008-2012,129033,100000,1.2903,,0.269,0.661,1549,491,122,2,2179,99,3259,0,0.0001,0.9316,-0.03167,-0.00866,-0.10142,0.08475,0.08901,0.28585
A,c100,2010-2019,335279,200000,1.6764,,0.1165,0.9647,1667,561,90,11,254,29,109249,7,0.0001,0.7224,-0.09646,-0.1783,-0.36164,-0.12157,0.074,0.60018
A,c100,2010-2026,850784,333333,2.5524,,0.199,0.9647,1667,1000,129,31,254,29,239145,7,0.0001,0.7045,-0.08744,-0.35476,-0.59957,-0.22589,0.03632,1.11121
A,c100,2013-2019,170588,140000,1.2185,,0.0481,0.9955,1659,272,43,2,0,0,90997,267,0.1575,0.2733,-0.18962,-0.24009,-0.37078,-0.191,-0.10065,0.16752
A,c100,2020-2026,188495,133333,1.4137,,0.1685,0.8214,1667,433,69,5,12,2,55752,5,0.001,0.5649,-0.11107,-0.21516,-0.29886,-0.13084,-0.06061,0.24899
A,f_g0c25,1998-2002,116650,100000,1.1665,,0.1815,0.916,1619,293,45,7,0,0,48566,1619,0.4126,0.4003,0.33603,0.5143,,0.0347,0.30216,0.06924
A,f_g0c25,1998-2019,1683114,440000,3.8253,,0.4614,0.916,1619,1962,201,56,582,32,519448,4,0.0,0.6927,0.07723,0.27791,,0.18806,0.81316,2.3283
A,f_g0c25,1998-2026,4186327,573333,7.3017,,0.4614,0.916,1619,2416,219,95,582,32,1855851,4,0.0,0.6758,0.02702,0.12502,,0.19908,1.04692,4.51347
A,f_g0c25,2000-2019,1330517,400000,3.3263,,0.4359,0.8274,1534,1717,192,50,1525,59,406829,6,0.0,0.7997,0.17158,0.1498,-0.24238,0.10445,0.63764,1.9716
A,f_g0c25,2000-2020,1525865,420000,3.633,,0.4359,0.8274,1534,1756,195,57,1525,59,528591,6,0.0,0.7937,0.18563,0.09733,-0.42025,0.22927,0.6377,2.25089
A,f_g0c25,2000-2026,3204089,533333,6.0077,,0.4359,0.8274,1534,2171,214,87,1525,59,1466495,6,0.0,0.7533,0.33231,-0.02861,-0.5051,0.06758,0.76529,3.6465
A,f_g0c25,2003-2007,128572,100000,1.2857,,0.0812,0.9404,1567,425,84,1,15,7,25833,21,0.0066,0.6082,-0.08518,-0.00425,-0.06772,-0.19481,0.05941,0.17025
A,f_g0c25,2008-2012,128541,100000,1.2854,,0.2662,0.6565,1546,489,120,2,2176,99,3372,6,0.0002,0.9278,-0.03537,-0.01244,-0.10484,0.08061,0.08486,0.28095
A,f_g0c25,2010-2019,382745,200000,1.9137,,0.1577,0.9346,1657,557,89,11,274,29,159476,7,0.0002,0.6906,0.03146,-0.06197,-0.27127,0.00279,0.22605,0.82673
A,f_g0c25,2010-2026,1108879,333333,3.3266,,0.2778,0.9346,1657,996,129,30,274,29,497559,7,0.0002,0.6356,0.1894,-0.15902,-0.47809,0.00894,0.3507,1.75167
A,f_g0c25,2013-2019,211293,140000,1.5092,,0.1375,1.0,1667,272,43,2,0,0,131703,287,0.1675,0.2405,0.00375,-0.05876,-0.22063,0.00204,0.11395,0.44611
A,f_g0c25,2020-2026,211832,133333,1.5887,,0.2834,0.6958,1667,429,69,4,16,3,81038,93,0.0259,0.5137,-0.00102,-0.118,-0.21206,-0.02324,0.05569,0.40362
A,f_g0c50,1998-2002,121464,100000,1.2146,,0.1528,0.9434,1635,293,45,7,0,0,53380,1635,0.4321,0.3981,0.39117,0.5768,,0.0774,0.3559,0.11337
A,f_g0c50,1998-2019,1642011,440000,3.7318,,0.445,0.9329,1635,1984,201,56,527,28,462288,16,0.0001,0.6957,0.05092,0.2467,,0.15905,0.76888,2.24702
A,f_g0c50,1998-2026,3843875,573333,6.7044,,0.445,0.9329,1635,2438,219,95,527,28,1496148,16,0.0001,0.687,-0.057,0.03299,,0.10099,0.87947,4.06245
A,f_g0c50,2000-2019,1281157,400000,3.2029,,0.4272,0.8238,1535,1714,192,50,1538,60,363308,7,0.0,0.8015,0.12811,0.10714,-0.27049,0.06348,0.57689,1.86136
A,f_g0c50,2000-2020,1451699,420000,3.4564,,0.4272,0.8238,1535,1753,195,57,1538,60,461060,7,0.0,0.7964,0.128,0.04399,-0.44843,0.16952,0.5581,2.09288
A,f_g0c50,2000-2026,2903416,533333,5.4439,,0.4272,0.8238,1535,2168,214,87,1538,60,1176161,7,0.0,0.7634,0.20728,-0.11977,-0.55154,-0.0326,0.59963,3.21047
A,f_g0c50,2003-2007,126653,100000,1.2665,,0.0744,0.9564,1594,425,84,1,13,7,23903,14,0.009,0.6139,-0.09883,-0.01911,-0.08164,-0.20683,0.0436,0.15278
A,f_g0c50,2008-2012,128764,100000,1.2876,,0.2662,0.6566,1547,491,120,2,2171,98,3350,1,0.0,0.9282,-0.03369,-0.01072,-0.10329,0.08249,0.08674,0.28317
A,f_g0c50,2010-2019,364874,200000,1.8244,,0.1384,0.9458,1667,558,89,11,272,29,140805,28,0.0005,0.701,-0.0167,-0.10577,-0.30529,-0.04403,0.1688,0.74143
A,f_g0c50,2010-2026,999514,333333,2.9985,,0.2468,0.9458,1667,997,129,30,272,29,387233,28,0.0005,0.6592,0.07209,-0.24197,-0.52957,-0.09056,0.21748,1.48028
A,f_g0c50,2013-2019,196215,140000,1.4015,,0.1029,1.0,1667,272,43,2,0,0,116625,282,0.1652,0.251,-0.06787,-0.12593,-0.27625,-0.06946,0.03446,0.34292
A,f_g0c50,2020-2026,203982,133333,1.5299,,0.2541,0.7285,1667,430,69,4,15,3,72488,79,0.0211,0.5276,-0.03804,-0.15068,-0.24126,-0.05943,0.01657,0.3516
A,f_g100c25,1998-2002,107114,100000,1.0711,,0.2105,0.916,1619,293,45,7,0,0,39031,1619,0.3282,0.404,0.22682,0.39051,,-0.04988,0.19571,-0.01816
A,f_g100c25,1998-2019,1736576,440000,3.9468,,0.4688,0.8842,1619,1923,201,56,721,37,604073,11,0.0,0.6948,0.11144,0.3185,,0.2258,0.87075,2.43401
A,f_g100c25,1998-2026,4640841,573333,8.0945,,0.4688,0.8842,1619,2377,219,95,721,37,2356859,11,0.0,0.6638,0.13852,0.24717,,0.32927,1.26915,5.11207
A,f_g100c25,2000-2019,1394322,400000,3.4858,,0.4446,0.8151,1564,1700,192,50,1562,61,480604,2,0.0001,0.796,0.22776,0.20494,-0.20605,0.15742,0.71617,2.11411
A,f_g100c25,2000-2020,1700244,420000,4.0482,,0.4446,0.8151,1564,1739,195,57,1562,61,713321,2,0.0001,0.7871,0.32112,0.22273,-0.354,0.36976,0.82486,2.6224
A,f_g100c25,2000-2026,3628866,533333,6.8041,,0.4446,0.8151,1564,2154,214,87,1562,61,1903216,2,0.0001,0.7355,0.50893,0.10017,-0.43948,0.20911,0.99932,4.26251
A,f_g100c25,2003-2007,129127,100000,1.2913,,0.0858,0.9142,1524,425,84,1,14,6,26388,58,0.0176,0.6075,-0.08123,5e-05,-0.06369,-0.19133,0.06399,0.17531
A,f_g100c25,2008-2012,130562,100000,1.3056,,0.2684,0.6586,1544,498,121,2,2163,97,3211,2,0.0001,0.9253,-0.0202,0.00309,-0.09077,0.09761,0.10192,0.30109
A,f_g100c25,2010-2019,413078,200000,2.0654,,0.1466,0.9531,1588,559,90,11,261,28,188993,5,0.0001,0.6787,0.1132,0.01237,-0.21351,0.08226,0.32321,0.9715
A,f_g100c25,2010-2026,1285508,333333,3.8565,,0.244,0.9531,1588,998,129,31,261,28,674588,5,0.0001,0.6024,0.37885,-0.02507,-0.39496,0.16965,0.56584,2.18997
A,f_g100c25,2013-2019,235599,140000,1.6829,,0.1241,0.9931,1655,272,43,2,0,0,156009,267,0.1578,0.2262,0.11922,0.04951,-0.13098,0.11731,0.24209,0.61247
A,f_g100c25,2020-2026,215364,133333,1.6152,,0.253,0.7162,1667,429,69,4,16,3,84570,179,0.045,0.5167,0.01563,-0.10329,-0.19892,-0.00695,0.0733,0.42702
A,f_g100c50,1998-2002,114823,100000,1.1482,,0.1681,0.9434,1635,293,45,7,0,0,46739,1635,0.3824,0.3991,0.31511,0.49058,,0.01849,0.28176,0.05249
A,f_g100c50,1998-2019,1668594,440000,3.7923,,0.454,0.9075,1635,1952,201,56,641,36,510160,1,0.0,0.6962,0.06794,0.26688,,0.17781,0.79752,2.29958
A,f_g100c50,1998-2026,4056880,573333,7.076,,0.454,0.9075,1635,2406,219,95,641,36,1733469,1,0.0,0.6792,-0.00474,0.09024,,0.162,0.98362,4.34298
A,f_g100c50,2000-2019,1319024,400000,3.2976,,0.4363,0.8146,1568,1699,192,50,1557,60,404901,2,0.0,0.7996,0.16146,0.13987,-0.24892,0.09491,0.62349,1.94593
A,f_g100c50,2000-2020,1546978,420000,3.6833,,0.4363,0.8146,1568,1738,195,57,1557,60,559737,2,0.0,0.7927,0.20203,0.11251,-0.41223,0.24628,0.66036,2.29587
A,f_g100c50,2000-2026,3106387,533333,5.8245,,0.4363,0.8146,1568,2153,214,87,1557,60,1383652,2,0.0,0.7528,0.29168,-0.05823,-0.52019,0.03503,0.71146,3.50482
A,f_g100c50,2003-2007,127210,100000,1.2721,,0.0659,0.9389,1565,426,84,1,14,6,23962,4,0.0008,0.6194,-0.09487,-0.0148,-0.0776,-0.20334,0.04819,0.15786
A,f_g100c50,2008-2012,130324,100000,1.3032,,0.2684,0.6586,1544,497,121,2,2163,97,3191,0,0.0,0.9265,-0.02199,0.00126,-0.09243,0.0956,0.09991,0.29871
A,f_g100c50,2010-2019,383806,200000,1.919,,0.1286,0.9657,1622,561,90,11,254,28,157195,23,0.0004,0.6956,0.03432,-0.05937,-0.26925,0.00557,0.22944,0.83179
A,f_g100c50,2010-2026,1088676,333333,3.266,,0.2133,0.9657,1622,1000,129,31,254,28,475453,23,0.0004,0.6396,0.16773,-0.17434,-0.4876,-0.00944,0.32609,1.70153
A,f_g100c50,2013-2019,210014,140000,1.5001,,0.087,0.9935,1656,272,43,2,0,0,130424,268,0.1581,0.2412,-0.00232,-0.06446,-0.22535,-0.00402,0.10721,0.43736
A,f_g100c50,2020-2026,207592,133333,1.5569,,0.2327,0.7434,1667,430,69,4,15,3,76098,141,0.034,0.527,-0.02102,-0.13565,-0.22783,-0.04279,0.03456,0.37552
A,f_g50c25,1998-2002,113306,100000,1.1331,,0.1915,0.916,1619,293,45,7,0,0,45223,1619,0.3781,0.3976,0.29774,0.4709,,0.00504,0.26483,0.03859
A,f_g50c25,1998-2019,1736300,440000,3.9461,,0.4632,0.9142,1619,1959,201,56,609,36,573769,11,0.0,0.6902,0.11127,0.31829,,0.2256,0.87045,2.43347
A,f_g50c25,1998-2026,4540520,573333,7.9195,,0.4632,0.9142,1619,2413,219,95,609,36,2210882,11,0.0,0.6654,0.11391,0.22021,,0.30053,1.2201,4.97995
A,f_g50c25,2000-2019,1376315,400000,3.4408,,0.4405,0.826,1549,1714,192,49,1538,59,450608,1,0.0,0.7958,0.21191,0.18938,-0.2163,0.14247,0.69401,2.07389
A,f_g50c25,2000-2020,1632040,420000,3.8858,,0.4405,0.826,1549,1753,195,56,1538,59,631215,1,0.0,0.7883,0.26813,0.17368,-0.37991,0.31481,0.75166,2.47709
A,f_g50c25,2000-2026,3499112,533333,6.5608,,0.4405,0.826,1549,2168,214,86,1538,59,1753302,1,0.0,0.7412,0.45498,0.06083,-0.45953,0.16588,0.92783,4.07434
A,f_g50c25,2003-2007,129346,100000,1.2935,,0.0798,0.9202,1534,425,84,1,14,6,26607,24,0.0033,0.6075,-0.07967,0.00174,-0.06211,-0.18996,0.06579,0.1773
A,f_g50c25,2008-2012,129529,100000,1.2953,,0.269,0.6567,1544,495,120,2,2171,97,3297,1,0.0,0.926,-0.02795,-0.00485,-0.09796,0.08892,0.0932,0.29079
A,f_g50c25,2010-2019,400993,200000,2.005,,0.1492,0.948,1619,558,90,11,273,29,176348,23,0.0004,0.6843,0.08063,-0.01725,-0.23652,0.0506,0.2845,0.91382
A,f_g50c25,2010-2026,1220426,333333,3.6613,,0.2535,0.948,1619,997,129,31,273,29,608489,23,0.0004,0.6153,0.30905,-0.07443,-0.42559,0.11044,0.48657,2.02847
A,f_g50c25,2013-2019,225155,140000,1.6083,,0.1238,0.9987,1665,272,43,2,0,0,145564,277,0.1626,0.2321,0.0696,0.00299,-0.1695,0.06778,0.18703,0.54098
A,f_g50c25,2020-2026,215932,133333,1.6195,,0.269,0.7046,1667,429,69,4,16,3,85138,136,0.035,0.5116,0.01831,-0.10093,-0.19681,-0.00433,0.07613,0.43078
A,f_g50c50,1998-2002,119238,100000,1.1924,,0.1561,0.9434,1635,293,45,7,0,0,51154,1635,0.4145,0.3958,0.36567,0.54789,,0.05765,0.33104,0.09296
A,f_g50c50,1998-2019,1668618,440000,3.7923,,0.4481,0.9283,1635,1977,201,56,523,28,494447,34,0.0002,0.6933,0.06795,0.2669,,0.17783,0.79754,2.29963
A,f_g50c50,1998-2026,4012174,573333,6.998,,0.4481,0.9283,1635,2431,219,95,523,28,1668903,34,0.0002,0.6798,-0.01571,0.07822,,0.1492,0.96176,4.28411
A,f_g50c50,2000-2019,1304131,400000,3.2603,,0.4333,0.8218,1551,1709,192,49,1547,59,386645,11,0.0001,0.8002,0.14834,0.127,-0.2574,0.08255,0.60516,1.91267
A,f_g50c50,2000-2020,1505762,420000,3.5851,,0.4333,0.8218,1551,1748,195,56,1547,59,515192,11,0.0001,0.7942,0.17,0.08287,-0.42789,0.21308,0.61612,2.20806
A,f_g50c50,2000-2026,3038189,533333,5.6966,,0.4333,0.8218,1551,2163,214,86,1547,59,1310266,11,0.0001,0.757,0.26332,-0.07891,-0.53072,0.0123,0.67388,3.40592
A,f_g50c50,2003-2007,127076,100000,1.2708,,0.0696,0.9429,1572,425,84,1,14,6,24337,52,0.0071,0.6129,-0.09582,-0.01583,-0.07857,-0.20418,0.04709,0.15664
A,f_g50c50,2008-2012,129588,100000,1.2959,,0.269,0.6567,1544,495,120,2,2165,97,3269,1,0.0,0.9266,-0.02751,-0.0044,-0.09755,0.08941,0.0937,0.29138
A,f_g50c50,2010-2019,375583,200000,1.8779,,0.1326,0.9583,1643,560,90,11,269,29,150068,1,0.0001,0.6983,0.01216,-0.07953,-0.2849,-0.01597,0.20311,0.79254
A,f_g50c50,2010-2026,1055211,333333,3.1656,,0.2304,0.9583,1643,999,129,31,269,29,438859,1,0.0001,0.6478,0.13183,-0.19972,-0.50335,-0.03989,0.28532,1.61849
A,f_g50c50,2013-2019,204027,140000,1.4573,,0.0938,0.9978,1663,272,43,2,0,0,124437,275,0.1617,0.2454,-0.03076,-0.09113,-0.24743,-0.03242,0.07564,0.39638
A,f_g50c50,2020-2026,206790,133333,1.5509,,0.244,0.7349,1667,430,69,4,15,3,75297,110,0.0271,0.5254,-0.0248,-0.13899,-0.23081,-0.04648,0.03057,0.37021
A,f_g67c15,1998-2002,108892,100000,1.0889,,0.2131,0.9048,1612,293,45,7,0,0,40808,1612,0.3454,0.4004,0.24718,0.41359,,-0.03411,0.21556,-0.00187
A,f_g67c15,1998-2019,1778995,440000,4.0432,,0.4671,0.9048,1612,1948,201,56,637,36,625771,1,0.0,0.6905,0.13859,0.3507,,0.25574,0.91645,2.5179
A,f_g67c15,1998-2026,4914325,573333,8.5715,,0.4671,0.9048,1612,2402,219,95,637,36,2593742,1,0.0,0.6581,0.20561,0.32066,,0.4076,1.40287,5.47225
A,f_g67c15,2000-2019,1417834,400000,3.5446,,0.4432,0.8253,1554,1713,192,50,1538,60,495132,6,0.0,0.7946,0.24846,0.22526,-0.19266,0.17693,0.74511,2.16662
A,f_g67c15,2000-2020,1722508,420000,4.1012,,0.4432,0.8253,1554,1752,195,57,1538,60,725357,6,0.0,0.7858,0.33842,0.23874,-0.34554,0.38769,0.84876,2.66984
A,f_g67c15,2000-2026,3810568,533333,7.1448,,0.4432,0.8253,1554,2167,214,87,1538,60,2072424,6,0.0,0.732,0.58449,0.15526,-0.41142,0.26965,1.09943,4.52601
A,f_g67c15,2003-2007,130429,100000,1.3043,,0.0826,0.9174,1529,425,84,1,14,6,27689,38,0.0085,0.6049,-0.07197,0.01013,-0.05426,-0.18319,0.07471,0.18715
A,f_g67c15,2008-2012,130259,100000,1.3026,,0.2688,0.6573,1544,496,121,2,2157,97,3239,3,0.0001,0.9259,-0.02248,0.00076,-0.09288,0.09505,0.09936,0.29806
A,f_g67c15,2010-2019,418654,200000,2.0933,,0.1554,0.9513,1598,558,90,11,273,28,193874,19,0.0004,0.677,0.12823,0.02603,-0.2029,0.09687,0.34108,0.99811
A,f_g67c15,2010-2026,1343556,333333,4.0307,,0.2537,0.9513,1598,997,129,31,273,28,732636,19,0.0004,0.5969,0.44112,0.01896,-0.36764,0.22247,0.63655,2.33401
A,f_g67c15,2013-2019,239309,140000,1.7094,,0.1344,0.997,1662,272,43,2,0,0,159719,274,0.1611,0.2245,0.13684,0.06604,-0.11729,0.13491,0.26165,0.63786
A,f_g67c15,2020-2026,220437,133333,1.6533,,0.2711,0.6988,1667,429,69,4,16,3,89643,104,0.027,0.5098,0.03956,-0.08217,-0.18005,0.01644,0.09858,0.46064
A,f_g67c25,1998-2002,111495,100000,1.1149,,0.1983,0.916,1619,293,45,7,0,0,43411,1619,0.363,0.3988,0.27699,0.44738,,-0.01103,0.24461,0.02199
A,f_g67c25,1998-2019,1742858,440000,3.961,,0.4646,0.9072,1619,1950,201,56,618,34,588753,22,0.0001,0.6907,0.11547,0.32327,,0.23023,0.87752,2.44644
A,f_g67c25,1998-2026,4615565,573333,8.0504,,0.4646,0.9072,1619,2404,219,95,618,34,2295714,22,0.0001,0.6634,0.13232,0.24038,,0.32203,1.25679,5.07878
A,f_g67c25,2000-2019,1385889,400000,3.4647,,0.4417,0.8229,1554,1711,192,49,1534,60,461699,7,0.0,0.7956,0.22034,0.19765,-0.21085,0.15042,0.70579,2.09527
A,f_g67c25,2000-2020,1659729,420000,3.9517,,0.4417,0.8229,1554,1750,195,56,1534,60,660611,7,0.0,0.7877,0.28964,0.1936,-0.36939,0.33712,0.78138,2.53609
A,f_g67c25,2000-2026,3565306,533333,6.6849,,0.4417,0.8229,1554,2165,214,86,1534,60,1822392,7,0.0,0.7389,0.48251,0.0809,-0.4493,0.18793,0.9643,4.17033
A,f_g67c25,2003-2007,129449,100000,1.2945,,0.0817,0.9183,1531,425,84,1,14,6,26710,38,0.0084,0.6072,-0.07894,0.00254,-0.06136,-0.18932,0.06664,0.17823
A,f_g67c25,2008-2012,130252,100000,1.3025,,0.2688,0.6573,1544,496,121,2,2158,97,3286,3,0.0002,0.9261,-0.02252,0.00071,-0.09293,0.095,0.0993,0.298
A,f_g67c25,2010-2019,405549,200000,2.0277,,0.1473,0.9521,1609,559,90,11,270,28,180824,42,0.0009,0.683,0.09291,-0.00609,-0.22785,0.06254,0.29909,0.93556
A,f_g67c25,2010-2026,1248263,333333,3.7448,,0.244,0.9521,1609,998,129,31,270,28,635040,42,0.0009,0.6111,0.33891,-0.05331,-0.41249,0.13577,0.52048,2.09755
A,f_g67c25,2013-2019,229059,140000,1.6361,,0.1207,0.9969,1661,272,43,2,0,0,149469,274,0.161,0.2299,0.08815,0.02038,-0.1551,0.0863,0.20761,0.56771
A,f_g67c25,2020-2026,216302,133333,1.6223,,0.2638,0.7084,1667,429,69,4,16,3,85508,151,0.0385,0.5124,0.02006,-0.09939,-0.19543,-0.00263,0.07797,0.43323
A,f_g67c50,1998-2002,117973,100000,1.1797,,0.1578,0.9434,1635,293,45,7,0,0,49889,1635,0.4049,0.3962,0.35118,0.53147,,0.04643,0.31692,0.08136
A,f_g67c50,1998-2019,1674373,440000,3.8054,,0.4495,0.9237,1635,1972,201,56,550,33,499878,7,0.0,0.694,0.07163,0.27127,,0.18189,0.80374,2.31101
A,f_g67c50,1998-2026,4046171,573333,7.0573,,0.4495,0.9237,1635,2426,219,95,550,33,1702103,7,0.0,0.6794,-0.00737,0.08736,,0.15894,0.97839,4.32888
A,f_g67c50,2000-2019,1315917,400000,3.2898,,0.4338,0.8213,1557,1707,192,50,1548,59,393683,1,0.0,0.8004,0.15872,0.13718,-0.25069,0.09233,0.61967,1.93899
A,f_g67c50,2000-2020,1528801,420000,3.64,,0.4338,0.8213,1557,1746,195,57,1548,59,531518,1,0.0,0.7941,0.18791,0.09944,-0.41914,0.23164,0.64085,2.25714
A,f_g67c50,2000-2026,3080318,533333,5.7756,,0.4338,0.8213,1557,2161,214,87,1548,59,1341670,1,0.0,0.7561,0.28084,-0.06614,-0.52421,0.02634,0.6971,3.46701
A,f_g67c50,2003-2007,127165,100000,1.2717,,0.0683,0.9417,1569,425,84,1,14,6,24426,73,0.0105,0.6126,-0.09519,-0.01515,-0.07792,-0.20362,0.04782,0.15745
A,f_g67c50,2008-2012,130203,100000,1.302,,0.2688,0.6573,1544,496,121,2,2158,97,3192,3,0.0001,0.927,-0.0229,0.00033,-0.09327,0.09459,0.09889,0.29751
A,f_g67c50,2010-2019,377260,200000,1.8863,,0.1305,0.9621,1636,560,90,11,260,29,152842,20,0.0005,0.6965,0.01668,-0.07542,-0.28171,-0.01158,0.20848,0.80055
A,f_g67c50,2010-2026,1063753,333333,3.1913,,0.224,0.9621,1636,999,129,31,260,29,452123,20,0.0005,0.6436,0.141,-0.19325,-0.49933,-0.03212,0.29573,1.63969
A,f_g67c50,2013-2019,206264,140000,1.4733,,0.0912,0.9964,1661,272,43,2,0,0,126673,273,0.1605,0.2438,-0.02014,-0.08117,-0.23918,-0.02181,0.08743,0.41169
A,f_g67c50,2020-2026,207276,133333,1.5546,,0.2403,0.7377,1667,430,69,4,15,3,75783,121,0.0296,0.5255,-0.0225,-0.13697,-0.229,-0.04424,0.03299,0.37343
A,g0,1998-2002,111862,100000,1.1186,,0.2038,0.8957,1602,293,45,7,0,0,43778,1602,0.3872,0.4044,0.2812,0.45215,,-0.00777,0.24871,0.02535
A,g0,1998-2019,1743873,440000,3.9633,,0.4664,0.8957,1602,1959,201,56,609,34,580379,10,0.0,0.6924,0.11612,0.32404,,0.23095,0.87861,2.44844
A,g0,1998-2026,4642886,573333,8.0981,,0.4664,0.8957,1602,2413,219,95,609,34,2312680,10,0.0,0.6671,0.13902,0.24772,,0.32985,1.27015,5.11476
A,g0,2000-2019,1381971,400000,3.4549,,0.4392,0.8309,1534,1720,192,50,1508,58,454546,2,0.0,0.7978,0.21689,0.19427,-0.21308,0.14716,0.70097,2.08652
A,g0,2000-2020,1605663,420000,3.823,,0.4392,0.8309,1534,1759,195,57,1508,58,604838,2,0.0,0.7908,0.24763,0.15471,-0.38993,0.29356,0.72335,2.4209
A,g0,2000-2026,3576303,533333,6.7056,,0.4392,0.8309,1534,2174,214,87,1508,58,1837405,2,0.0,0.7426,0.48708,0.08423,-0.4476,0.1916,0.97036,4.18628
A,g0,2003-2007,129547,100000,1.2955,,0.0847,0.9243,1541,425,84,1,15,6,26753,20,0.004,0.6046,-0.07824,0.0033,-0.06065,-0.18871,0.06745,0.17913
A,g0,2008-2012,128481,100000,1.2848,,0.2662,0.6565,1544,489,120,2,2176,100,3235,0,0.0,0.9277,-0.03582,-0.0129,-0.10526,0.08011,0.08435,0.28034
A,g0,2010-2019,403010,200000,2.0151,,0.1796,0.9297,1643,557,89,11,284,28,178644,7,0.0001,0.6831,0.08607,-0.01231,-0.23268,0.05589,0.29096,0.92345
A,g0,2010-2026,1244716,333333,3.7341,,0.3136,0.9297,1643,996,128,31,284,28,632809,7,0.0001,0.6152,0.3351,-0.056,-0.41416,0.13254,0.51615,2.08874
A,g0,2013-2019,226793,140000,1.6199,,0.1723,1.0,1667,272,43,2,0,0,147202,288,0.1678,0.2312,0.07738,0.01028,-0.16346,0.07555,0.19566,0.55219
A,g0,2020-2026,219926,133333,1.6494,,0.2976,0.6776,1666,429,69,3,16,3,88225,13,0.0031,0.5112,0.03715,-0.0843,-0.18195,0.01409,0.09603,0.45725
A,g0c25,1998-2002,116647,100000,1.1665,,0.1789,0.9215,1619,293,45,7,0,0,48563,1619,0.4125,0.401,0.336,0.51426,,0.03467,0.30212,0.06921
A,g0c25,1998-2019,1701289,440000,3.8666,,0.4481,0.9215,1619,1987,201,56,514,27,518393,42,0.0002,0.6947,0.08886,0.29171,,0.20089,0.83274,2.36424
A,g0c25,1998-2026,4233559,573333,7.3841,,0.4481,0.9215,1619,2441,219,95,514,27,1879977,42,0.0002,0.6778,0.0386,0.13772,,0.21261,1.07001,4.57567
A,g0c25,2000-2019,1336412,400000,3.341,,0.4282,0.835,1535,1725,192,51,1488,58,405586,16,0.0001,0.8011,0.17677,0.1549,-0.23902,0.10935,0.6449,1.98477
A,g0c25,2000-2020,1535374,420000,3.6557,,0.4282,0.835,1535,1764,195,58,1488,58,530374,16,0.0001,0.7952,0.19301,0.10417,-0.41664,0.23693,0.64791,2.27114
A,g0c25,2000-2026,3239804,533333,6.0746,,0.4282,0.835,1535,2179,214,88,1488,58,1485800,16,0.0001,0.7544,0.34716,-0.01778,-0.49958,0.07948,0.78496,3.6983
A,g0c25,2003-2007,127812,100000,1.2781,,0.0784,0.9401,1567,425,84,1,15,7,25072,24,0.0074,0.6101,-0.09059,-0.01014,-0.07323,-0.19957,0.05315,0.16333
A,g0c25,2008-2012,128379,100000,1.2838,,0.2665,0.6574,1546,490,120,2,2188,99,3220,2,0.0,0.9284,-0.03658,-0.01368,-0.10597,0.07926,0.0835,0.27934
A,g0c25,2010-2019,383728,200000,1.9186,,0.1589,0.9419,1655,558,89,11,283,28,158652,7,0.0005,0.6931,0.03411,-0.05956,-0.2694,0.00537,0.2292,0.83142
A,g0c25,2010-2026,1111591,333333,3.3348,,0.2815,0.9419,1655,997,128,31,283,28,498815,7,0.0005,0.6376,0.19231,-0.15697,-0.47681,0.01141,0.354,1.7584
A,g0c25,2013-2019,210681,140000,1.5049,,0.1375,1.0,1667,272,43,2,0,0,131091,282,0.1652,0.241,0.00085,-0.06149,-0.22289,-0.00086,0.11072,0.44192
A,g0c25,2020-2026,210681,133333,1.5801,,0.2667,0.7118,1667,429,69,4,16,3,79887,173,0.0456,0.5145,-0.00645,-0.12279,-0.21634,-0.02854,0.04996,0.39599
A,g0c50,1998-2002,121551,100000,1.2155,,0.1514,0.9468,1635,293,45,7,0,0,53467,1635,0.4314,0.3984,0.39217,0.57792,,0.07817,0.35687,0.11416
A,g0c50,1998-2019,1666548,440000,3.7876,,0.4299,0.9468,1635,2014,201,58,423,23,466356,31,0.0001,0.6975,0.06663,0.26533,,0.17637,0.79531,2.29554
A,g0c50,1998-2026,3917683,573333,6.8332,,0.4299,0.9468,1635,2468,219,97,423,23,1546390,31,0.0001,0.6878,-0.03889,0.05283,,0.12213,0.91556,4.15966
A,g0c50,2000-2019,1296584,400000,3.2415,,0.417,0.8384,1537,1728,193,52,1446,58,362847,5,0.0,0.8042,0.1417,0.12048,-0.2617,0.07628,0.59587,1.89582
A,g0c50,2000-2020,1473154,420000,3.5075,,0.417,0.8384,1537,1767,196,59,1446,58,465673,5,0.0,0.7991,0.14467,0.05942,-0.44028,0.18681,0.58113,2.13859
A,g0c50,2000-2026,2960424,533333,5.5508,,0.417,0.8384,1537,2182,214,90,1446,58,1203853,5,0.0,0.7655,0.23099,-0.10248,-0.54273,-0.01361,0.63104,3.29315
A,g0c50,2003-2007,126118,100000,1.2612,,0.0727,0.956,1593,425,84,1,13,7,23369,14,0.0086,0.6154,-0.10264,-0.02326,-0.08551,-0.21018,0.03919,0.14792
A,g0c50,2008-2012,128471,100000,1.2847,,0.266,0.6585,1547,490,120,2,2188,100,3351,5,0.0001,0.9286,-0.03589,-0.01297,-0.10533,0.08003,0.08427,0.28025
A,g0c50,2010-2019,364987,200000,1.8249,,0.139,0.9538,1667,559,90,11,270,29,140468,3,0.0001,0.7021,-0.0164,-0.10549,-0.30508,-0.04373,0.16916,0.74197
A,g0c50,2010-2026,1001493,333333,3.0045,,0.2504,0.9538,1667,998,129,31,270,29,387917,3,0.0001,0.66,0.07422,-0.24046,-0.52863,-0.08876,0.21989,1.48519
A,g0c50,2013-2019,195968,140000,1.3998,,0.1034,1.0,1667,272,43,2,0,0,116377,277,0.1626,0.2513,-0.06905,-0.12703,-0.27716,-0.07064,0.03315,0.34122
A,g0c50,2020-2026,202423,133333,1.5182,,0.2345,0.7475,1667,430,69,4,15,3,70929,174,0.042,0.5294,-0.04539,-0.15717,-0.24705,-0.06662,0.0088,0.34127
A,g100,1998-2002,100200,100000,1.002,,0.244,0.8771,1602,293,45,7,0,0,32116,1602,0.2756,0.4104,0.14763,0.30075,,-0.11121,0.11853,-0.08154
A,g100,1998-2019,1834489,440000,4.1693,,0.4701,0.8751,1602,1910,200,56,771,37,711726,1,0.0,0.6961,0.17411,0.39284,,0.29491,0.97623,2.62763
A,g100,1998-2026,5537543,573333,9.6585,,0.4701,0.8751,1602,2364,219,95,771,37,3266047,1,0.0,0.6506,0.35851,0.48815,,0.58611,1.7076,6.29304
A,g100,2000-2019,1485897,400000,3.7147,,0.4452,0.8156,1564,1701,192,49,1555,62,567498,10,0.0,0.7937,0.3084,0.28408,-0.1539,0.23343,0.82889,2.31863
A,g100,2000-2020,1898259,420000,4.5197,,0.4452,0.8156,1564,1740,195,56,1555,62,905610,10,0.0,0.7828,0.47498,0.36513,-0.27876,0.52928,1.03739,3.04428
A,g100,2000-2026,4380177,533333,8.2128,,0.4452,0.8156,1564,2155,214,86,1555,62,2644344,10,0.0,0.7191,0.82134,0.32795,-0.32344,0.45944,1.41325,5.35204
A,g100,2003-2007,130335,100000,1.3033,,0.0868,0.9132,1522,426,84,1,14,6,27086,3,0.0006,0.6121,-0.07264,0.0094,-0.05494,-0.18377,0.07394,0.1863
A,g100,2008-2012,130495,100000,1.3049,,0.2683,0.6583,1544,498,121,2,2168,96,3164,8,0.0005,0.9247,-0.02071,0.00257,-0.09124,0.09704,0.10135,0.30041
A,g100,2010-2019,448811,200000,2.2441,,0.1672,0.9426,1571,559,90,11,261,29,224663,7,0.0002,0.6657,0.2095,0.09994,-0.14548,0.17588,0.43768,1.14204
A,g100,2010-2026,1563601,333333,4.6908,,0.2949,0.9426,1571,998,129,31,261,29,951971,7,0.0002,0.5697,0.67714,0.18584,-0.26407,0.42268,0.90458,2.88005
A,g100,2013-2019,264282,140000,1.8877,,0.1656,0.9931,1655,272,43,2,0,0,184692,267,0.1578,0.2127,0.25548,0.17728,-0.02518,0.25334,0.39331,0.80878
A,g100,2020-2026,224851,133333,1.6864,,0.2669,0.6965,1667,429,69,4,16,3,94057,89,0.0227,0.5112,0.06037,-0.06379,-0.16363,0.03679,0.12058,0.48988
A,g25,1998-2002,110406,100000,1.1041,,0.2098,0.8957,1602,293,45,7,0,0,42322,1602,0.3678,0.4007,0.26452,0.43324,,-0.02069,0.23245,0.012
A,g25,1998-2019,1793407,440000,4.0759,,0.4663,0.8957,1602,1965,201,56,594,32,625824,27,0.0001,0.6894,0.14782,0.36165,,0.26591,0.93197,2.5464
A,g25,1998-2026,5009848,573333,8.7381,,0.4663,0.8957,1602,2419,219,95,594,32,2677616,27,0.0001,0.6579,0.22905,0.34634,,0.43496,1.44958,5.59806
A,g25,2000-2019,1424232,400000,3.5606,,0.44,0.8325,1541,1722,192,50,1485,59,492267,1,0.0,0.7944,0.2541,0.23079,-0.18902,0.18224,0.75299,2.18091
A,g25,2000-2020,1698989,420000,4.0452,,0.44,0.8325,1541,1761,195,57,1485,59,689793,1,0.0,0.7864,0.32015,0.22183,-0.35448,0.36874,0.82351,2.61973
A,g25,2000-2026,3877195,533333,7.2697,,0.44,0.8325,1541,2176,214,87,1485,59,2126243,1,0.0,0.7329,0.61219,0.17546,-0.40113,0.29185,1.13613,4.62263
A,g25,2003-2007,130183,100000,1.3018,,0.0814,0.922,1537,425,84,1,15,7,27444,8,0.0023,0.6044,-0.07371,0.00823,-0.05604,-0.18472,0.07269,0.18492
A,g25,2008-2012,128864,100000,1.2886,,0.2672,0.6571,1544,492,120,2,2178,97,3225,2,0.0002,0.9266,-0.03294,-0.00996,-0.10259,0.08333,0.08759,0.28417
A,g25,2010-2019,417050,200000,2.0853,,0.1731,0.9385,1625,557,90,11,274,28,192980,1,0.0,0.6763,0.12391,0.0221,-0.20595,0.09267,0.33594,0.99045
A,g25,2010-2026,1351150,333333,4.0535,,0.2979,0.9385,1625,996,129,31,274,28,741100,1,0.0,0.5981,0.44926,0.02472,-0.36406,0.22938,0.6458,2.35286
A,g25,2013-2019,238069,140000,1.7005,,0.1628,1.0,1667,272,43,2,0,0,158478,283,0.1653,0.2251,0.13095,0.06051,-0.12187,0.12902,0.25511,0.62937
A,g25,2020-2026,223581,133333,1.6769,,0.2918,0.6809,1667,429,69,4,16,3,92788,19,0.0051,0.505,0.05439,-0.06908,-0.16835,0.03094,0.11425,0.48147
A,g25c50,1998-2002,119199,100000,1.192,,0.1554,0.9468,1635,293,45,7,0,0,51115,1635,0.4146,0.3958,0.36523,0.54739,,0.05731,0.33061,0.09261
A,g25c50,1998-2019,1695073,440000,3.8524,,0.4296,0.9468,1635,2013,201,57,436,23,493801,2,0.0,0.6963,0.08488,0.28699,,0.1965,0.82604,2.35194
A,g25c50,1998-2026,4072863,573333,7.1038,,0.4296,0.9468,1635,2467,219,96,436,23,1701929,2,0.0,0.6824,-0.00082,0.09453,,0.16658,0.99144,4.36403
A,g25c50,2000-2019,1322695,400000,3.3067,,0.4185,0.8382,1545,1728,192,52,1457,57,384056,11,0.0001,0.8038,0.16469,0.14304,-0.24683,0.09796,0.62801,1.95413
A,g25c50,2000-2020,1529771,420000,3.6423,,0.4185,0.8382,1545,1767,195,59,1457,57,515876,11,0.0001,0.7979,0.18866,0.10014,-0.41877,0.23242,0.64189,2.25921
A,g25c50,2000-2026,3091667,533333,5.7969,,0.4185,0.8382,1545,2182,214,89,1457,57,1325534,11,0.0001,0.7606,0.28556,-0.06269,-0.52246,0.03012,0.70335,3.48347
A,g25c50,2003-2007,126577,100000,1.2658,,0.0695,0.9533,1589,425,84,1,12,6,23828,9,0.0058,0.6147,-0.09937,-0.0197,-0.08219,-0.2073,0.04298,0.15209
A,g25c50,2008-2012,129419,100000,1.2942,,0.2688,0.6571,1547,493,121,2,2169,98,3231,1,0.0,0.9282,-0.02878,-0.00569,-0.09873,0.088,0.09227,0.2897
A,g25c50,2010-2019,374951,200000,1.8748,,0.1332,0.9585,1648,560,91,11,261,28,149293,9,0.0002,0.6982,0.01045,-0.08108,-0.28611,-0.01763,0.20108,0.78952
A,g25c50,2010-2026,1050722,333333,3.1522,,0.2331,0.9585,1648,999,129,32,261,28,437499,9,0.0002,0.648,0.12702,-0.20313,-0.50546,-0.04397,0.27986,1.60735
A,g25c50,2013-2019,203301,140000,1.4522,,0.094,0.9972,1662,272,43,2,0,0,123710,272,0.1601,0.2458,-0.03421,-0.09437,-0.25011,-0.03586,0.07181,0.39141
A,g25c50,2020-2026,204132,133333,1.531,,0.2378,0.7418,1667,431,69,4,14,2,72514,7,0.0017,0.5355,-0.03733,-0.15006,-0.2407,-0.05874,0.01732,0.3526
A,g50,1998-2002,107786,100000,1.0779,,0.2226,0.8957,1602,293,45,7,0,0,39702,1602,0.342,0.4005,0.23451,0.39923,,-0.04392,0.20321,-0.01201
A,g50,1998-2019,1826945,440000,4.1521,,0.4669,0.8957,1602,1956,201,56,620,36,667634,0,0.0,0.6885,0.16928,0.38711,,0.28958,0.9681,2.61272
A,g50,1998-2026,5311341,573333,9.264,,0.4669,0.8957,1602,2410,219,95,620,36,2988150,0,0.0,0.6514,0.30301,0.42736,,0.52132,1.59699,5.99513
A,g50,2000-2019,1453641,400000,3.6341,,0.4421,0.83,1549,1719,192,51,1509,59,524396,2,0.0001,0.7936,0.27999,0.2562,-0.17227,0.20666,0.78918,2.24659
A,g50,2000-2020,1777254,420000,4.2316,,0.4421,0.83,1549,1758,195,58,1509,59,773756,2,0.0001,0.7845,0.38096,0.27811,-0.32474,0.4318,0.90751,2.78648
A,g50,2000-2026,4115746,533333,7.717,,0.4421,0.83,1549,2173,214,88,1509,59,2371928,2,0.0001,0.7261,0.71139,0.24778,-0.36428,0.37134,1.26756,4.96857
A,g50,2003-2007,130546,100000,1.3055,,0.0807,0.9193,1532,425,84,1,14,6,27807,23,0.0031,0.6039,-0.07113,0.01104,-0.05341,-0.18245,0.07568,0.18822
A,g50,2008-2012,129385,100000,1.2938,,0.269,0.6567,1544,495,120,2,2173,97,3160,1,0.0001,0.9256,-0.02903,-0.00595,-0.09897,0.08771,0.09198,0.28936
A,g50,2010-2019,429263,200000,2.1463,,0.1682,0.9464,1607,558,89,11,273,29,205252,5,0.0001,0.6727,0.15682,0.05203,-0.1827,0.12467,0.37506,1.04874
A,g50,2010-2026,1443697,333333,4.3311,,0.2802,0.9464,1607,997,129,30,273,29,832068,5,0.0001,0.5863,0.54853,0.0949,-0.3205,0.31359,0.75853,2.58251
A,g50,2013-2019,248293,140000,1.7735,,0.1557,0.9989,1665,272,43,2,0,0,168702,277,0.1628,0.22,0.17952,0.10606,-0.08416,0.17751,0.30901,0.69934
A,g50,2020-2026,225823,133333,1.6937,,0.2838,0.686,1667,429,69,4,16,3,95029,44,0.0115,0.5047,0.06496,-0.05974,-0.16002,0.04127,0.12542,0.49632
A,g50c25,1998-2002,111629,100000,1.1163,,0.1974,0.9215,1619,293,45,7,0,0,43546,1619,0.3644,0.3983,0.27853,0.44913,,-0.00983,0.24611,0.02322
A,g50c25,1998-2019,1760962,440000,4.0022,,0.4494,0.9215,1619,1978,201,56,540,28,584283,14,0.0001,0.6932,0.12705,0.33701,,0.24301,0.89702,2.48224
A,g50c25,1998-2026,4655928,573333,8.1208,,0.4494,0.9215,1619,2432,219,95,540,28,2311379,14,0.0001,0.6663,0.14222,0.25122,,0.33359,1.27653,5.13194
A,g50c25,2000-2019,1390321,400000,3.4758,,0.4309,0.8322,1551,1721,192,51,1502,59,459734,6,0.0,0.7982,0.22424,0.20148,-0.20833,0.15409,0.71125,2.10517
A,g50c25,2000-2020,1665737,420000,3.966,,0.4309,0.8322,1551,1760,195,58,1502,59,658956,6,0.0,0.7903,0.29431,0.19792,-0.36711,0.34196,0.78782,2.54889
A,g50c25,2000-2026,3574610,533333,6.7024,,0.4309,0.8322,1551,2175,214,88,1502,59,1831351,6,0.0,0.741,0.48637,0.08372,-0.44786,0.19103,0.96942,4.18383
A,g50c25,2003-2007,128626,100000,1.2863,,0.072,0.9347,1558,425,84,1,14,6,25887,63,0.0089,0.6089,-0.0848,-0.00383,-0.06733,-0.19447,0.05986,0.17074
A,g50c25,2008-2012,129926,100000,1.2993,,0.2687,0.6574,1546,495,121,2,2158,97,3192,3,0.0002,0.9268,-0.02498,-0.0018,-0.0952,0.09226,0.09655,0.29474
A,g50c25,2010-2019,404052,200000,2.0203,,0.1468,0.9567,1618,559,90,11,261,29,179904,13,0.0003,0.6828,0.08888,-0.00976,-0.2307,0.05861,0.2943,0.92842
A,g50c25,2010-2026,1239599,333333,3.7188,,0.2449,0.9567,1618,998,129,31,261,29,627969,13,0.0003,0.6117,0.32961,-0.05988,-0.41657,0.12788,0.50992,2.07605
A,g50c25,2013-2019,227942,140000,1.6282,,0.1205,0.9966,1661,272,43,2,0,0,148351,272,0.1602,0.2304,0.08284,0.0154,-0.15922,0.081,0.20172,0.56006
A,g50c25,2020-2026,215068,133333,1.613,,0.2534,0.7196,1667,430,69,4,15,3,83575,34,0.0082,0.5209,0.01424,-0.10452,-0.20002,-0.00831,0.07182,0.42506
A,g50c50,1998-2002,115485,100000,1.1549,,0.1693,0.9468,1635,293,45,7,0,0,47402,1635,0.3858,0.3969,0.3227,0.49918,,0.02437,0.28916,0.05857
A,g50c50,1998-2019,1700104,440000,3.8639,,0.4321,0.9405,1635,1994,201,56,490,27,512496,44,0.0002,0.6976,0.0881,0.29081,,0.20005,0.83146,2.36189
A,g50c50,1998-2026,4151318,573333,7.2407,,0.4321,0.9405,1635,2448,219,95,490,27,1785981,44,0.0002,0.6804,0.01843,0.11562,,0.18905,1.0298,4.46736
A,g50c50,2000-2019,1333424,400000,3.3336,,0.4204,0.8325,1553,1721,192,50,1487,59,401589,2,0.0001,0.8029,0.17414,0.15231,-0.24072,0.10686,0.64122,1.97809
A,g50c50,2000-2020,1567981,420000,3.7333,,0.4204,0.8325,1553,1760,195,57,1487,59,560217,2,0.0001,0.7962,0.21835,0.12761,-0.40425,0.2632,0.6829,2.34062
A,g50c50,2000-2026,3161670,533333,5.9281,,0.4204,0.8325,1553,2175,214,87,1487,59,1412885,2,0.0001,0.756,0.31467,-0.04147,-0.51165,0.05345,0.74192,3.58499
A,g50c50,2003-2007,126916,100000,1.2692,,0.0665,0.9502,1584,426,84,1,12,6,23657,4,0.0011,0.6213,-0.09697,-0.01708,-0.07973,-0.20519,0.04576,0.15518
A,g50c50,2008-2012,129849,100000,1.2985,,0.2683,0.6582,1547,495,121,2,2165,97,3173,4,0.0002,0.9277,-0.02555,-0.00239,-0.09574,0.09161,0.0959,0.29398
A,g50c50,2010-2019,381643,200000,1.9082,,0.127,0.9613,1629,560,90,11,261,29,157216,12,0.0004,0.6943,0.02849,-0.06467,-0.27336,-0.0001,0.22252,0.82147
A,g50c50,2010-2026,1083190,333333,3.2496,,0.2129,0.9613,1629,999,129,31,261,29,471551,12,0.0004,0.6386,0.16185,-0.17851,-0.49018,-0.01443,0.3194,1.68792
A,g50c50,2013-2019,209679,140000,1.4977,,0.086,0.9943,1657,272,43,2,0,0,130088,267,0.1576,0.2414,-0.00392,-0.06596,-0.22659,-0.00561,0.10544,0.43506
A,g50c50,2020-2026,204831,133333,1.5362,,0.2293,0.7472,1667,431,69,4,14,2,73213,33,0.0076,0.5371,-0.03404,-0.14715,-0.2381,-0.05552,0.0208,0.35723
A,g67,1998-2002,105522,100000,1.0552,,0.2302,0.8957,1602,293,45,7,0,0,37438,1602,0.3218,0.4024,0.20858,0.36984,,-0.064,0.17794,-0.03276
A,g67,1998-2019,1836476,440000,4.1738,,0.468,0.8957,1602,1944,201,56,663,36,687433,9,0.0,0.6899,0.17538,0.39435,,0.29631,0.97837,2.63156
A,g67,1998-2026,5443042,573333,9.4937,,0.468,0.8957,1602,2398,219,95,663,36,3129875,9,0.0,0.6495,0.33532,0.46275,,0.55904,1.66139,6.16858
A,g67,2000-2019,1463213,400000,3.658,,0.4443,0.8251,1554,1714,192,49,1542,59,541993,2,0.0,0.7924,0.28842,0.26447,-0.16682,0.2146,0.80097,2.26797
A,g67,2000-2020,1817766,420000,4.328,,0.4443,0.8251,1554,1753,195,56,1542,59,821990,2,0.0,0.7827,0.41244,0.30725,-0.30935,0.46443,0.951,2.87279
A,g67,2000-2026,4229469,533333,7.9303,,0.4443,0.8251,1554,2168,214,86,1542,59,2491474,2,0.0,0.7221,0.75867,0.28225,-0.34671,0.40923,1.33022,5.13349
A,g67,2003-2007,130586,100000,1.3059,,0.0826,0.9174,1529,425,84,1,14,6,27847,39,0.0086,0.604,-0.07085,0.01135,-0.05312,-0.1822,0.07601,0.18858
A,g67,2008-2012,130209,100000,1.3021,,0.2688,0.6573,1544,496,121,2,2157,96,3203,3,0.0002,0.9256,-0.02285,0.00037,-0.09323,0.09463,0.09893,0.29756
A,g67,2010-2019,437725,200000,2.1886,,0.1679,0.9512,1595,558,90,11,273,28,212945,4,0.0001,0.6697,0.17962,0.07277,-0.16659,0.14684,0.40216,1.08913
A,g67,2010-2026,1500795,333333,4.5024,,0.2692,0.9512,1595,997,129,31,273,28,889875,4,0.0001,0.5788,0.60977,0.13821,-0.29363,0.36554,0.82808,2.7242
A,g67,2013-2019,254359,140000,1.8168,,0.1547,0.997,1662,272,43,2,0,0,174768,274,0.1611,0.2172,0.20834,0.13308,-0.06178,0.20628,0.34099,0.74086
A,g67,2020-2026,226311,133333,1.6973,,0.2784,0.6895,1667,429,69,4,16,3,95517,59,0.0155,0.5058,0.06726,-0.05771,-0.1582,0.04353,0.12785,0.49956
A,g67c25,1998-2002,108985,100000,1.0899,,0.2066,0.9215,1619,293,45,7,0,0,40901,1619,0.343,0.4006,0.24825,0.4148,,-0.03329,0.21659,-0.00102
A,g67c25,1998-2019,1765007,440000,4.0114,,0.4515,0.9154,1619,1961,201,56,597,33,599178,17,0.0001,0.6948,0.12964,0.34008,,0.24586,0.90138,2.49024
A,g67c25,1998-2026,4726203,573333,8.2434,,0.4515,0.9154,1619,2415,219,95,597,33,2394457,17,0.0001,0.665,0.15946,0.27011,,0.35372,1.31089,5.22449
A,g67c25,2000-2019,1393851,400000,3.4846,,0.4333,0.8247,1556,1716,192,49,1525,59,472094,2,0.0001,0.7979,0.22735,0.20453,-0.20632,0.15702,0.71559,2.11305
A,g67c25,2000-2020,1691687,420000,4.0278,,0.4333,0.8247,1556,1755,195,56,1525,59,695084,2,0.0001,0.7894,0.31447,0.21658,-0.35725,0.36286,0.81568,2.60417
A,g67c25,2000-2026,3635970,533333,6.8174,,0.4333,0.8247,1556,2170,214,86,1525,59,1897811,2,0.0001,0.7384,0.51189,0.10232,-0.43839,0.21148,1.00323,4.27281
A,g67c25,2003-2007,128598,100000,1.286,,0.07,0.9327,1554,425,84,1,14,6,25858,75,0.0142,0.6091,-0.085,-0.00405,-0.06753,-0.19465,0.05962,0.17049
A,g67c25,2008-2012,130041,100000,1.3004,,0.2684,0.658,1546,496,120,2,2170,96,3196,4,0.0,0.9263,-0.02411,-0.00091,-0.0944,0.09323,0.09752,0.2959
A,g67c25,2010-2019,410775,200000,2.0539,,0.1465,0.959,1606,559,91,11,262,28,185860,17,0.0004,0.6802,0.107,0.00672,-0.2179,0.07623,0.31584,0.96051
A,g67c25,2010-2026,1274204,333333,3.8226,,0.2374,0.959,1606,998,129,32,262,28,663284,17,0.0004,0.6053,0.36673,-0.03364,-0.40028,0.15937,0.55207,2.16192
A,g67c25,2013-2019,232660,140000,1.6619,,0.1197,0.9947,1658,272,43,2,0,0,153070,269,0.1585,0.2278,0.10526,0.03642,-0.14182,0.10337,0.2266,0.59235
A,g67c25,2020-2026,215112,133333,1.6133,,0.2478,0.7231,1667,430,69,4,15,3,83618,50,0.012,0.5226,0.01445,-0.10434,-0.19986,-0.00811,0.07204,0.42535
A,s_g0c50,1998-2002,121464,100000,1.2146,,0.1528,0.9434,1635,293,45,7,0,0,53380,1635,0.4321,0.3981,0.39117,0.5768,,0.0774,0.3559,0.11337
A,s_g0c50,1998-2019,1642011,440000,3.7318,,0.445,0.9329,1635,1984,201,56,527,28,462288,16,0.0001,0.6957,0.05092,0.2467,,0.15905,0.76888,2.24702
A,s_g0c50,1998-2026,3843875,573333,6.7044,,0.445,0.9329,1635,2438,219,95,527,28,1496148,16,0.0001,0.687,-0.057,0.03299,,0.10099,0.87947,4.06245
A,s_g0c50,2000-2019,1281157,400000,3.2029,,0.4272,0.8238,1535,1714,192,50,1538,60,363308,7,0.0,0.8015,0.12811,0.10714,-0.27049,0.06348,0.57689,1.86136
A,s_g0c50,2000-2020,1451699,420000,3.4564,,0.4272,0.8238,1535,1753,195,57,1538,60,461060,7,0.0,0.7964,0.128,0.04399,-0.44843,0.16952,0.5581,2.09288
A,s_g0c50,2000-2026,2903416,533333,5.4439,,0.4272,0.8238,1535,2168,214,87,1538,60,1176161,7,0.0,0.7634,0.20728,-0.11977,-0.55154,-0.0326,0.59963,3.21047
A,s_g0c50,2003-2007,126653,100000,1.2665,,0.0744,0.9564,1594,425,84,1,13,7,23903,14,0.009,0.6139,-0.09883,-0.01911,-0.08164,-0.20683,0.0436,0.15278
A,s_g0c50,2008-2012,128764,100000,1.2876,,0.2662,0.6566,1547,491,120,2,2171,98,3350,1,0.0,0.9282,-0.03369,-0.01072,-0.10329,0.08249,0.08674,0.28317
A,s_g0c50,2010-2019,364874,200000,1.8244,,0.1384,0.9458,1667,558,89,11,272,29,140805,28,0.0005,0.701,-0.0167,-0.10577,-0.30529,-0.04403,0.1688,0.74143
A,s_g0c50,2010-2026,999514,333333,2.9985,,0.2468,0.9458,1667,997,129,30,272,29,387233,28,0.0005,0.6592,0.07209,-0.24197,-0.52957,-0.09056,0.21748,1.48028
A,s_g0c50,2013-2019,196215,140000,1.4015,,0.1029,1.0,1667,272,43,2,0,0,116625,282,0.1652,0.251,-0.06787,-0.12593,-0.27625,-0.06946,0.03446,0.34292
A,s_g0c50,2020-2026,203982,133333,1.5299,,0.2541,0.7285,1667,430,69,4,15,3,72488,79,0.0211,0.5276,-0.03804,-0.15068,-0.24126,-0.05943,0.01657,0.3516
A,s_g50c50,1998-2002,119238,100000,1.1924,,0.1561,0.9434,1635,293,45,7,0,0,51154,1635,0.4145,0.3958,0.36567,0.54789,,0.05765,0.33104,0.09296
A,s_g50c50,1998-2019,1668618,440000,3.7923,,0.4481,0.9283,1635,1977,201,56,523,28,494447,34,0.0002,0.6933,0.06795,0.2669,,0.17783,0.79754,2.29963
A,s_g50c50,1998-2026,4012174,573333,6.998,,0.4481,0.9283,1635,2431,219,95,523,28,1668903,34,0.0002,0.6798,-0.01571,0.07822,,0.1492,0.96176,4.28411
A,s_g50c50,2000-2019,1304131,400000,3.2603,,0.4333,0.8218,1551,1709,192,49,1547,59,386645,11,0.0001,0.8002,0.14834,0.127,-0.2574,0.08255,0.60516,1.91267
A,s_g50c50,2000-2020,1505762,420000,3.5851,,0.4333,0.8218,1551,1748,195,56,1547,59,515192,11,0.0001,0.7942,0.17,0.08287,-0.42789,0.21308,0.61612,2.20806
A,s_g50c50,2000-2026,3038189,533333,5.6966,,0.4333,0.8218,1551,2163,214,86,1547,59,1310266,11,0.0001,0.757,0.26332,-0.07891,-0.53072,0.0123,0.67388,3.40592
A,s_g50c50,2003-2007,127076,100000,1.2708,,0.0696,0.9429,1572,425,84,1,14,6,24337,52,0.0071,0.6129,-0.09582,-0.01583,-0.07857,-0.20418,0.04709,0.15664
A,s_g50c50,2008-2012,129588,100000,1.2959,,0.269,0.6567,1544,495,120,2,2165,97,3269,1,0.0,0.9266,-0.02751,-0.0044,-0.09755,0.08941,0.0937,0.29138
A,s_g50c50,2010-2019,375583,200000,1.8779,,0.1326,0.9583,1643,560,90,11,269,29,150068,1,0.0001,0.6983,0.01216,-0.07953,-0.2849,-0.01597,0.20311,0.79254
A,s_g50c50,2010-2026,1055211,333333,3.1656,,0.2304,0.9583,1643,999,129,31,269,29,438859,1,0.0001,0.6478,0.13183,-0.19972,-0.50335,-0.03989,0.28532,1.61849
A,s_g50c50,2013-2019,204027,140000,1.4573,,0.0938,0.9978,1663,272,43,2,0,0,124437,275,0.1617,0.2454,-0.03076,-0.09113,-0.24743,-0.03242,0.07564,0.39638
A,s_g50c50,2020-2026,206790,133333,1.5509,,0.244,0.7349,1667,430,69,4,15,3,75297,110,0.0271,0.5254,-0.0248,-0.13899,-0.23081,-0.04648,0.03057,0.37021
A,s_g67c25,1998-2002,111495,100000,1.1149,,0.1983,0.916,1619,293,45,7,0,0,43411,1619,0.363,0.3988,0.27699,0.44738,,-0.01103,0.24461,0.02199
A,s_g67c25,1998-2019,1742858,440000,3.961,,0.4646,0.9072,1619,1950,201,56,618,34,588753,22,0.0001,0.6907,0.11547,0.32327,,0.23023,0.87752,2.44644
A,s_g67c25,1998-2026,4615565,573333,8.0504,,0.4646,0.9072,1619,2404,219,95,618,34,2295714,22,0.0001,0.6634,0.13232,0.24038,,0.32203,1.25679,5.07878
A,s_g67c25,2000-2019,1385889,400000,3.4647,,0.4417,0.8229,1554,1711,192,49,1534,60,461699,7,0.0,0.7956,0.22034,0.19765,-0.21085,0.15042,0.70579,2.09527
A,s_g67c25,2000-2020,1659729,420000,3.9517,,0.4417,0.8229,1554,1750,195,56,1534,60,660611,7,0.0,0.7877,0.28964,0.1936,-0.36939,0.33712,0.78138,2.53609
A,s_g67c25,2000-2026,3565306,533333,6.6849,,0.4417,0.8229,1554,2165,214,86,1534,60,1822392,7,0.0,0.7389,0.48251,0.0809,-0.4493,0.18793,0.9643,4.17033
A,s_g67c25,2003-2007,129449,100000,1.2945,,0.0817,0.9183,1531,425,84,1,14,6,26710,38,0.0084,0.6072,-0.07894,0.00254,-0.06136,-0.18932,0.06664,0.17823
A,s_g67c25,2008-2012,130252,100000,1.3025,,0.2688,0.6573,1544,496,121,2,2158,97,3286,3,0.0002,0.9261,-0.02252,0.00071,-0.09293,0.095,0.0993,0.298
A,s_g67c25,2010-2019,405549,200000,2.0277,,0.1473,0.9521,1609,559,90,11,270,28,180824,42,0.0009,0.683,0.09291,-0.00609,-0.22785,0.06254,0.29909,0.93556
A,s_g67c25,2010-2026,1248263,333333,3.7448,,0.244,0.9521,1609,998,129,31,270,28,635040,42,0.0009,0.6111,0.33891,-0.05331,-0.41249,0.13577,0.52048,2.09755
A,s_g67c25,2013-2019,229059,140000,1.6361,,0.1207,0.9969,1661,272,43,2,0,0,149469,274,0.161,0.2299,0.08815,0.02038,-0.1551,0.0863,0.20761,0.56771
A,s_g67c25,2020-2026,216302,133333,1.6223,,0.2638,0.7084,1667,429,69,4,16,3,85508,151,0.0385,0.5124,0.02006,-0.09939,-0.19543,-0.00263,0.07797,0.43323
A,s_g67c50,1998-2002,117973,100000,1.1797,,0.1578,0.9434,1635,293,45,7,0,0,49889,1635,0.4049,0.3962,0.35118,0.53147,,0.04643,0.31692,0.08136
A,s_g67c50,1998-2019,1674373,440000,3.8054,,0.4495,0.9237,1635,1972,201,56,550,33,499878,7,0.0,0.694,0.07163,0.27127,,0.18189,0.80374,2.31101
A,s_g67c50,1998-2026,4046171,573333,7.0573,,0.4495,0.9237,1635,2426,219,95,550,33,1702103,7,0.0,0.6794,-0.00737,0.08736,,0.15894,0.97839,4.32888
A,s_g67c50,2000-2019,1315917,400000,3.2898,,0.4338,0.8213,1557,1707,192,50,1548,59,393683,1,0.0,0.8004,0.15872,0.13718,-0.25069,0.09233,0.61967,1.93899
A,s_g67c50,2000-2020,1528801,420000,3.64,,0.4338,0.8213,1557,1746,195,57,1548,59,531518,1,0.0,0.7941,0.18791,0.09944,-0.41914,0.23164,0.64085,2.25714
A,s_g67c50,2000-2026,3080318,533333,5.7756,,0.4338,0.8213,1557,2161,214,87,1548,59,1341670,1,0.0,0.7561,0.28084,-0.06614,-0.52421,0.02634,0.6971,3.46701
A,s_g67c50,2003-2007,127165,100000,1.2717,,0.0683,0.9417,1569,425,84,1,14,6,24426,73,0.0105,0.6126,-0.09519,-0.01515,-0.07792,-0.20362,0.04782,0.15745
A,s_g67c50,2008-2012,130203,100000,1.302,,0.2688,0.6573,1544,496,121,2,2158,97,3192,3,0.0001,0.927,-0.0229,0.00033,-0.09327,0.09459,0.09889,0.29751
A,s_g67c50,2010-2019,377260,200000,1.8863,,0.1305,0.9621,1636,560,90,11,260,29,152842,20,0.0005,0.6965,0.01668,-0.07542,-0.28171,-0.01158,0.20848,0.80055
A,s_g67c50,2010-2026,1063753,333333,3.1913,,0.224,0.9621,1636,999,129,31,260,29,452123,20,0.0005,0.6436,0.141,-0.19325,-0.49933,-0.03212,0.29573,1.63969
A,s_g67c50,2013-2019,206264,140000,1.4733,,0.0912,0.9964,1661,272,43,2,0,0,126673,273,0.1605,0.2438,-0.02014,-0.08117,-0.23918,-0.02181,0.08743,0.41169
A,s_g67c50,2020-2026,207276,133333,1.5546,,0.2403,0.7377,1667,430,69,4,15,3,75783,121,0.0296,0.5255,-0.0225,-0.13697,-0.229,-0.04424,0.03299,0.37343
B,c100,1998-2002,131145,100000,1.3115,0.05592,0.0444,1.0,100000,293,45,7,0,0,102777,100000,0.7778,0.1054,0.24663,0.36708,,-0.15731,0.20841,0.07633
B,c100,1998-2019,2820729,440000,6.4107,0.0882,0.362,1.0,440000,2162,211,62,0,0,424869,21783,0.0187,0.591,-0.06912,0.31063,,-0.11688,0.9151,3.23454
B,c100,1998-2026,7789555,573333,13.5864,0.09554,0.362,1.0,573333,2616,227,102,0,0,1818605,28384,0.0187,0.6395,-0.20125,0.05098,,-0.19023,1.04258,6.45977
B,c100,2000-2019,2288637,400000,5.7216,0.09118,0.3673,1.0,400000,2019,207,59,195,26,308923,66,0.0001,0.6561,0.10354,0.78129,1.23555,-0.10537,1.30718,3.14379
B,c100,2000-2020,2664790,420000,6.3447,0.09203,0.3673,1.0,420000,2058,209,67,195,26,428316,69,0.0001,0.6652,0.0995,0.6723,0.67055,-0.01944,1.28551,3.57866
B,c100,2000-2026,6291783,533333,11.7971,0.09721,0.3673,1.0,533333,2473,223,99,195,26,1499554,88,0.0001,0.6931,0.16906,0.38967,0.30451,-0.20192,1.39404,6.10196
B,c100,2003-2007,122487,100000,1.2249,0.04155,0.0301,1.0,100000,430,85,1,0,0,77601,77601,0.6309,0.1544,-0.42552,-0.28765,-0.38267,-0.38911,-0.17275,0.06004
B,c100,2008-2012,156921,100000,1.5692,0.09464,0.1671,0.8659,86588,1162,179,4,0,0,7000,7000,0.0445,0.6515,0.29374,0.39558,0.11492,0.55276,0.39991,0.54168
B,c100,2010-2019,359235,200000,1.7962,0.06041,0.1124,0.9954,199073,679,99,11,0,0,116048,115563,0.3223,0.4209,-0.44552,-0.48103,-0.64621,-0.47315,-0.19007,0.69678
B,c100,2010-2026,1242911,333333,3.7287,0.08253,0.2099,0.9954,331788,1118,134,35,0,0,223305,162471,0.179,0.5514,-0.41542,-0.59236,-0.79214,-0.5268,-0.15384,1.92793
B,c100,2013-2019,162053,140000,1.1575,0.02119,0.0298,1.0,140000,272,43,2,0,0,115625,115490,0.7124,0.0962,-0.51856,-0.54165,-0.66235,-0.52086,-0.36017,0.09662
B,c100,2020-2026,182316,133333,1.3674,0.0486,0.0561,0.9986,133150,437,70,5,0,0,107227,106882,0.5881,0.1881,-0.34541,-0.4785,-0.60691,-0.40518,-0.30849,0.13693
B,f_g0c25,1998-2002,117418,100000,1.1742,0.03275,0.2898,0.9613,96134,293,45,7,0,0,89050,82918,0.7584,0.0996,0.11614,0.22398,,-0.24552,0.08193,-0.03633
B,f_g0c25,1998-2019,2911170,440000,6.6163,0.08976,0.5112,0.9613,422988,2131,211,62,51,12,535338,8,0.0,0.5873,-0.03927,0.35265,,-0.08856,0.9765,3.37032
B,f_g0c25,1998-2026,8957187,573333,15.623,0.1009,0.5112,0.9613,551166,2585,227,102,51,12,3005794,10,0.0,0.6222,-0.08152,0.20852,,-0.06885,1.34876,7.57797
B,f_g0c25,2000-2019,1896684,400000,4.7417,0.08097,0.5078,0.7488,299525,1674,183,50,1361,109,305779,11,0.0,0.6822,-0.08545,0.47622,0.85269,-0.25858,0.91205,2.43412
B,f_g0c25,2000-2020,2259111,420000,5.3788,0.08347,0.5078,0.7488,314501,1713,185,58,1361,109,447501,12,0.0,0.6889,-0.06789,0.41772,0.41623,-0.16872,0.93757,2.88162
B,f_g0c25,2000-2026,5806967,533333,10.8881,0.09391,0.5078,0.7488,399366,2128,206,85,1361,109,1823810,15,0.0,0.7024,0.07898,0.28259,0.20399,-0.26342,1.20957,5.55472
B,f_g0c25,2003-2007,159880,100000,1.5988,0.09875,0.0939,0.9068,90684,430,85,1,0,0,114993,88686,0.7192,0.1243,-0.25014,-0.07019,-0.19421,-0.20262,0.07979,0.38365
B,f_g0c25,2008-2012,128083,100000,1.2808,0.05093,0.4628,0.5493,54932,936,160,4,654,68,31,25,0.0002,0.7845,0.05598,0.13911,-0.08997,0.26741,0.14264,0.25836
B,f_g0c25,2010-2019,582949,200000,2.9147,0.11309,0.1602,0.9362,187245,679,99,11,0,0,339763,160530,0.5821,0.2987,-0.10021,-0.15784,-0.42588,-0.14505,0.31431,1.75345
B,f_g0c25,2010-2026,2241330,333333,6.724,0.12167,0.2745,0.9362,312075,1118,134,35,0,0,1221724,267551,0.5366,0.3508,0.05416,-0.26491,-0.62517,-0.14668,0.52587,4.27991
B,f_g0c25,2013-2019,291681,140000,2.0834,0.11095,0.148,1.0,140000,272,43,2,0,0,245253,139650,0.8402,0.0614,-0.13345,-0.175,-0.39225,-0.13759,0.15164,0.97381
B,f_g0c25,2020-2026,294821,133333,2.2112,0.1279,0.2545,0.7723,102975,437,70,5,0,0,219731,99586,0.7453,0.1378,0.05852,-0.15669,-0.36434,-0.03812,0.11824,0.83852
B,f_g0c50,1998-2002,124152,100000,1.2415,0.04437,0.1665,0.9613,96134,293,45,7,0,0,95784,92094,0.7701,0.1002,0.18015,0.29418,,-0.20224,0.14398,0.01894
B,f_g0c50,1998-2019,2946483,440000,6.6966,0.09036,0.4675,0.9613,422988,2162,211,62,0,0,550623,31874,0.0287,0.5772,-0.02762,0.36906,,-0.0775,1.00047,3.42333
B,f_g0c50,1998-2026,8648689,573333,15.0849,0.09955,0.4675,0.9613,551166,2616,227,102,0,0,2677739,41532,0.0287,0.6167,-0.11316,0.1669,,-0.10092,1.26786,7.28253
B,f_g0c50,2000-2019,1986804,400000,4.967,0.08349,0.483,0.847,338801,1752,187,53,1074,100,295656,1,0.0,0.6752,-0.042,0.54637,0.94072,-0.22335,1.0029,2.5973
B,f_g0c50,2000-2020,2347033,420000,5.5882,0.08545,0.483,0.847,355741,1791,189,61,1074,100,434983,1,0.0,0.6828,-0.03161,0.47289,0.47135,-0.13637,1.01298,3.03269
B,f_g0c50,2000-2026,5827776,533333,10.9271,0.09406,0.483,0.847,451734,2206,210,88,1074,100,1701584,1,0.0,0.7001,0.08285,0.28718,0.2083,-0.26078,1.21748,5.5782
B,f_g0c50,2003-2007,146237,100000,1.4624,0.07926,0.062,0.9387,93872,430,85,1,0,0,101350,91875,0.6928,0.1336,-0.31413,-0.14953,-0.26297,-0.27067,-0.01235,0.26558
B,f_g0c50,2008-2012,148467,100000,1.4847,0.08254,0.379,0.6334,63339,1145,178,4,31,15,17,16,0.0001,0.7136,0.22404,0.32039,0.05485,0.46911,0.32448,0.45862
B,f_g0c50,2010-2019,485656,200000,2.4283,0.09292,0.1366,0.9625,192496,679,99,11,0,0,242470,159371,0.4985,0.3367,-0.25038,-0.2984,-0.5217,-0.28774,0.09496,1.29391
B,f_g0c50,2010-2026,1733318,333333,5.2,0.10444,0.2375,0.9625,320827,1118,134,35,0,0,713712,265618,0.4058,0.4164,-0.18477,-0.43153,-0.71013,-0.34009,0.18002,3.08318
B,f_g0c50,2013-2019,239115,140000,1.708,0.07976,0.1058,1.0,140000,272,43,2,0,0,192688,139650,0.805,0.0712,-0.28962,-0.32368,-0.50178,-0.29301,-0.05591,0.6181
B,f_g0c50,2020-2026,250525,133333,1.8789,0.10039,0.1707,0.8533,113768,437,70,5,0,0,175436,110379,0.7003,0.1522,-0.10052,-0.28339,-0.45984,-0.18264,-0.04977,0.56229
B,f_g100c25,1998-2002,113016,100000,1.1302,0.02486,0.5655,0.9613,96134,293,45,7,0,0,84648,77420,0.7435,0.0981,0.0743,0.1781,,-0.2738,0.04137,-0.07245
B,f_g100c25,1998-2019,2789707,440000,6.3402,0.08765,0.5655,0.9613,422988,1979,200,61,578,58,578420,9,0.0,0.5998,-0.07935,0.29622,,-0.12659,0.89403,3.18797
B,f_g100c25,1998-2026,8909620,573333,15.54,0.1007,0.5655,0.9613,551166,2433,221,97,578,58,3471594,12,0.0,0.6222,-0.0864,0.2021,,-0.07379,1.33628,7.53242
B,f_g100c25,2000-2019,1475505,400000,3.6888,0.06748,0.566,0.5363,214520,1367,162,43,2721,130,271782,81,0.0002,0.7328,-0.28854,0.14841,0.44128,-0.42322,0.48746,1.67154
B,f_g100c25,2000-2020,1819781,420000,4.3328,0.07237,0.566,0.5363,225246,1406,167,48,2721,130,439624,85,0.0002,0.7352,-0.24916,0.14201,0.14082,-0.33038,0.56077,2.12676
B,f_g100c25,2000-2026,4578107,533333,8.5839,0.08418,0.566,0.5363,286026,1821,197,68,2721,130,1501002,108,0.0002,0.7372,-0.14935,0.01117,-0.0508,-0.41929,0.74198,4.16762
B,f_g100c25,2003-2007,166818,100000,1.6682,0.10816,0.1208,0.8792,87920,430,85,1,0,0,121931,87145,0.7309,0.1202,-0.21761,-0.02984,-0.15925,-0.16802,0.12665,0.44369
B,f_g100c25,2008-2012,137694,100000,1.3769,0.0663,0.4411,0.5843,58431,1028,173,4,301,54,23,21,0.0002,0.7578,0.13522,0.22458,-0.02169,0.36251,0.22838,0.35278
B,f_g100c25,2010-2019,717713,200000,3.5886,0.13652,0.1488,0.9194,183878,679,99,11,0,0,474526,178959,0.6546,0.2656,0.1078,0.03684,-0.29316,0.0526,0.61815,2.38998
B,f_g100c25,2010-2026,3130497,333333,9.3915,0.14448,0.2583,0.9194,306463,1118,134,35,0,0,2110891,298265,0.6404,0.2865,0.47236,0.02671,-0.47647,0.19184,1.1312,6.37452
B,f_g100c25,2013-2019,361520,140000,2.5823,0.14567,0.1515,0.9961,139456,272,43,2,0,0,315092,138760,0.869,0.053,0.07403,0.02253,-0.24674,0.0689,0.42738,1.44642
B,f_g100c25,2020-2026,355973,133333,2.6698,0.16062,0.2656,0.8429,112385,437,70,5,0,0,280883,110128,0.7891,0.1199,0.27808,0.01823,-0.23249,0.1614,0.35018,1.21987
B,f_g100c50,1998-2002,130440,100000,1.3044,0.05478,0.3362,0.9613,96134,293,45,7,0,0,102071,96134,0.7778,0.0942,0.23992,0.35972,,-0.16185,0.20191,0.07054
B,f_g100c50,1998-2019,3193414,440000,7.2578,0.09436,0.4287,0.9613,422988,2162,211,62,0,0,797554,96400,0.0845,0.5483,0.05388,0.48379,,-0.00019,1.16813,3.79403
B,f_g100c50,1998-2026,9558951,573333,16.6726,0.10341,0.4287,0.9613,551166,2616,227,102,0,0,3588001,125612,0.0845,0.5787,-0.01982,0.28971,,-0.00629,1.50655,8.15426
B,f_g100c50,2000-2019,1686462,400000,4.2162,0.07464,0.5026,0.7019,280753,1543,180,48,1851,124,272957,20,0.0,0.6976,-0.18682,0.3126,0.64734,-0.34076,0.70013,2.0535
B,f_g100c50,2000-2020,2030990,420000,4.8357,0.07799,0.5026,0.7019,294791,1582,182,56,1851,124,418866,21,0.0,0.7031,-0.16201,0.27456,0.27322,-0.25266,0.74192,2.48966
B,f_g100c50,2000-2026,4998377,533333,9.372,0.08776,0.5026,0.7019,374338,1997,204,83,1851,124,1444751,26,0.0,0.7168,-0.07126,0.10399,0.03634,-0.36598,0.90189,4.64201
B,f_g100c50,2003-2007,150473,100000,1.5047,0.08546,0.1208,0.8792,87920,430,85,1,0,0,105586,87145,0.7017,0.1306,-0.29426,-0.1249,-0.24162,-0.24954,0.01626,0.30224
B,f_g100c50,2008-2012,158688,100000,1.5869,0.0971,0.3483,0.6725,67249,1162,179,4,0,0,8767,8554,0.0538,0.6734,0.30831,0.41129,0.12748,0.57025,0.41567,0.55904
B,f_g100c50,2010-2019,549402,200000,2.747,0.1065,0.1265,0.9194,183878,679,99,11,0,0,306215,168723,0.5562,0.3122,-0.15199,-0.20631,-0.45892,-0.19425,0.23868,1.595
B,f_g100c50,2010-2026,2062127,333333,6.1864,0.11606,0.208,0.9194,306463,1118,134,35,0,0,1042521,281205,0.5037,0.3686,-0.03012,-0.32369,-0.65514,-0.21491,0.40387,3.85776
B,f_g100c50,2013-2019,275001,140000,1.9643,0.10162,0.104,0.9961,139456,272,43,2,0,0,228573,138760,0.8301,0.0645,-0.183,-0.22218,-0.42701,-0.18691,0.08578,0.86094
B,f_g100c50,2020-2026,284027,133333,2.1302,0.12154,0.1801,0.9044,120589,437,70,5,0,0,208938,118333,0.7356,0.1382,0.01977,-0.18756,-0.38761,-0.07333,0.0773,0.77121
B,f_g50c25,1998-2002,116249,100000,1.1625,0.03068,0.4342,0.9613,96134,293,45,7,0,0,87881,80549,0.753,0.0975,0.10503,0.21179,,-0.25303,0.07115,-0.04592
B,f_g50c25,1998-2019,2990991,440000,6.7977,0.0911,0.5108,0.9613,422988,2162,211,62,0,0,595131,557,0.0005,0.5847,-0.01293,0.38974,,-0.06357,1.03069,3.49015
B,f_g50c25,1998-2026,9536794,573333,16.6339,0.10332,0.5108,0.9613,551166,2616,227,102,0,0,3565844,725,0.0005,0.6135,-0.02209,0.28672,,-0.00859,1.50074,8.13304
B,f_g50c25,2000-2019,1707188,400000,4.268,0.0753,0.5101,0.6353,254107,1541,180,48,1860,123,298680,72,0.0001,0.7029,-0.17682,0.32873,0.66759,-0.33266,0.72102,2.09102
B,f_g50c25,2000-2020,2068560,420000,4.9251,0.07893,0.5101,0.6353,266812,1580,182,56,1860,123,463110,75,0.0001,0.7075,-0.14651,0.29813,0.29678,-0.23884,0.77414,2.55421
B,f_g50c25,2000-2026,5276261,533333,9.893,0.08998,0.5101,0.6353,338809,1995,204,83,1860,123,1768320,95,0.0001,0.7141,-0.01963,0.16537,0.09396,-0.33073,1.00763,4.95567
B,f_g50c25,2003-2007,166279,100000,1.6628,0.10744,0.0958,0.9042,90418,430,85,1,0,0,121392,89089,0.7301,0.1207,-0.22013,-0.03297,-0.16196,-0.17071,0.12301,0.43903
B,f_g50c25,2008-2012,135000,100000,1.35,0.06208,0.4375,0.58,58000,1003,171,4,368,58,47,42,0.0003,0.7627,0.11301,0.20062,-0.04083,0.33585,0.20434,0.32631
B,f_g50c25,2010-2019,664097,200000,3.3205,0.12771,0.1507,0.9378,187568,679,99,11,0,0,420910,174962,0.6317,0.2765,0.02505,-0.04061,-0.34596,-0.02603,0.49727,2.13674
B,f_g50c25,2010-2026,2784042,333333,8.3521,0.13642,0.2378,0.9378,312613,1118,134,35,0,0,1764436,291604,0.6156,0.3077,0.30941,-0.08692,-0.53441,0.05994,0.89534,5.55838
B,f_g50c25,2013-2019,331512,140000,2.3679,0.13153,0.1376,1.0,140000,272,43,2,0,0,285084,139650,0.8585,0.0562,-0.01512,-0.06235,-0.30926,-0.01983,0.3089,1.24335
B,f_g50c25,2020-2026,337069,133333,2.528,0.15105,0.2174,0.8266,110207,437,70,5,0,0,261980,107489,0.7772,0.1247,0.21021,-0.03584,-0.27325,0.09972,0.27848,1.10198
B,f_g50c50,1998-2002,126885,100000,1.2688,0.04895,0.2543,0.9613,96134,293,45,7,0,0,98517,94531,0.773,0.097,0.20613,0.32266,,-0.18469,0.16916,0.04137
B,f_g50c50,1998-2019,3003633,440000,6.8264,0.09131,0.4701,0.9613,422988,2162,211,62,0,0,607773,42958,0.0391,0.5711,-0.00876,0.39561,,-0.05961,1.03928,3.50912
B,f_g50c50,1998-2026,8974505,573333,15.6532,0.10098,0.4701,0.9613,551166,2616,227,102,0,0,3003554,55976,0.0391,0.6068,-0.07975,0.21086,,-0.06705,1.3533,7.59455
B,f_g50c50,2000-2019,1834496,400000,4.5862,0.07917,0.5033,0.7652,306070,1637,182,48,1491,117,283003,1,0.0,0.6857,-0.11544,0.42782,0.79194,-0.28289,0.84936,2.32153
B,f_g50c50,2000-2020,2193376,420000,5.2223,0.08195,0.5033,0.7652,321374,1676,184,56,1491,117,424334,1,0.0,0.6923,-0.09501,0.37646,0.37502,-0.19291,0.88119,2.76867
B,f_g50c50,2000-2026,5532631,533333,10.3737,0.09192,0.5033,0.7652,408094,2091,205,83,1491,117,1580668,1,0.0,0.7084,0.02801,0.22199,0.14711,-0.29822,1.10518,5.24505
B,f_g50c50,2003-2007,150758,100000,1.5076,0.08587,0.0958,0.9042,90418,430,85,1,0,0,105871,89089,0.7023,0.1304,-0.29293,-0.12324,-0.24019,-0.24812,0.01819,0.30471
B,f_g50c50,2008-2012,155414,100000,1.5541,0.09252,0.3489,0.6691,66913,1162,179,4,0,0,5492,5417,0.0348,0.6845,0.28131,0.38217,0.10421,0.53785,0.38646,0.52687
B,f_g50c50,2010-2019,524266,200000,2.6213,0.10132,0.1289,0.9378,187568,679,99,11,0,0,281079,166625,0.5352,0.3207,-0.19079,-0.24262,-0.48367,-0.23111,0.182,1.47627
B,f_g50c50,2010-2026,1936895,333333,5.8107,0.11185,0.2132,0.9378,312613,1118,134,35,0,0,917289,277708,0.4696,0.3853,-0.08902,-0.36476,-0.67608,-0.26258,0.31861,3.56275
B,f_g50c50,2013-2019,259506,140000,1.8536,0.0925,0.0984,1.0,140000,272,43,2,0,0,213078,139650,0.8202,0.0672,-0.22904,-0.26601,-0.45929,-0.23273,0.0246,0.75608
B,f_g50c50,2020-2026,273538,133333,2.0515,0.11516,0.1486,0.8915,118869,437,70,5,0,0,198449,115855,0.7255,0.1422,-0.01789,-0.21757,-0.41023,-0.10755,0.03751,0.7058
B,f_g67c15,1998-2002,107399,100000,1.074,0.01443,0.5655,0.9464,94643,293,45,7,0,0,79031,69617,0.7318,0.0998,0.0209,0.11954,,-0.30989,-0.01039,-0.11855
B,f_g67c15,1998-2019,2967606,440000,6.7446,0.09071,0.5655,0.9464,416428,2107,211,62,123,21,614478,15,0.0,0.5916,-0.02064,0.37887,,-0.07089,1.01482,3.45504
B,f_g67c15,1998-2026,9836168,573333,17.1561,0.10451,0.5655,0.9464,542619,2561,227,102,123,21,3922535,19,0.0,0.6148,0.00861,0.32712,,0.02253,1.57924,8.41974
B,f_g67c15,2000-2019,1542204,400000,3.8555,0.06984,0.5595,0.5177,207070,1416,167,44,2607,129,292063,3,0.0,0.7246,-0.25638,0.20032,0.50643,-0.39715,0.5547,1.79231
B,f_g67c15,2000-2020,1894607,420000,4.511,0.07443,0.5595,0.5177,217423,1455,171,50,2607,129,467935,3,0.0,0.7273,-0.21828,0.18897,0.18773,-0.30284,0.62495,2.25533
B,f_g67c15,2000-2026,4874656,533333,9.14,0.08674,0.5595,0.5177,276093,1870,199,72,2607,129,1716305,4,0.0,0.7276,-0.09425,0.07667,0.01069,-0.38168,0.85482,4.50235
B,f_g67c15,2003-2007,174377,100000,1.7438,0.11806,0.104,0.896,89598,430,85,1,0,0,129490,88824,0.7426,0.1162,-0.18215,0.01412,-0.12115,-0.13032,0.1777,0.50911
B,f_g67c15,2008-2012,129874,100000,1.2987,0.05386,0.463,0.5572,55722,952,167,4,531,67,39,35,0.0003,0.7817,0.07075,0.15503,-0.07725,0.28513,0.15861,0.27595
B,f_g67c15,2010-2019,765376,200000,3.8269,0.14386,0.16,0.9357,187141,679,99,11,0,0,522189,181168,0.6768,0.2546,0.18137,0.1057,-0.24622,0.1225,0.72561,2.61511
B,f_g67c15,2010-2026,3520282,333333,10.5608,0.1526,0.2542,0.9357,311901,1118,134,35,0,0,2500676,301947,0.6723,0.2695,0.65569,0.15454,-0.41128,0.34024,1.39656,7.29274
B,f_g67c15,2013-2019,380247,140000,2.7161,0.154,0.1521,1.0,140000,272,43,2,0,0,333819,139589,0.8757,0.051,0.12967,0.0755,-0.20772,0.12427,0.50132,1.57314
B,f_g67c15,2020-2026,378456,133333,2.8384,0.17145,0.2599,0.8063,107502,437,70,5,0,0,303366,105246,0.8016,0.1159,0.3588,0.08254,-0.18401,0.23475,0.43546,1.36007
B,f_g67c25,1998-2002,115291,100000,1.1529,0.02897,0.4841,0.9613,96134,293,45,7,0,0,86922,79288,0.75,0.0974,0.09592,0.2018,,-0.25919,0.06232,-0.05379
B,f_g67c25,1998-2019,2959871,440000,6.727,0.09058,0.5094,0.9613,422988,2121,211,62,83,18,590056,169,0.0002,0.5889,-0.0232,0.37528,,-0.07331,1.00956,3.44343
B,f_g67c25,1998-2026,9511570,573333,16.5899,0.10322,0.5094,0.9613,551166,2575,227,102,83,18,3565914,220,0.0002,0.6163,-0.02468,0.28332,,-0.01122,1.49413,8.10888
B,f_g67c25,2000-2019,1617122,400000,4.0428,0.07239,0.5124,0.5953,238104,1480,172,48,2378,125,289870,3,0.0,0.7123,-0.22025,0.25863,0.57961,-0.36786,0.63022,1.92795
B,f_g67c25,2000-2020,1968821,420000,4.6877,0.0764,0.5124,0.5953,250009,1519,176,54,2378,125,454427,3,0.0,0.7161,-0.18766,0.23554,0.23425,-0.27554,0.6886,2.38284
B,f_g67c25,2000-2026,4984101,533333,9.3452,0.08764,0.5124,0.5953,317472,1934,202,78,2378,125,1645196,4,0.0,0.7217,-0.07392,0.10084,0.03338,-0.36779,0.89646,4.62589
B,f_g67c25,2003-2007,167667,100000,1.6767,0.10929,0.104,0.896,89598,430,85,1,0,0,122780,88824,0.7323,0.1198,-0.21362,-0.0249,-0.15497,-0.16379,0.13238,0.45104
B,f_g67c25,2008-2012,136271,100000,1.3627,0.06408,0.4351,0.584,58395,1016,172,4,341,58,47,42,0.0003,0.76,0.12349,0.21193,-0.0318,0.34843,0.21568,0.3388
B,f_g67c25,2010-2019,686338,200000,3.4317,0.13144,0.1491,0.9357,187141,679,99,11,0,0,443152,178553,0.6427,0.2715,0.05937,-0.00848,-0.32406,0.00658,0.54741,2.24179
B,f_g67c25,2010-2026,2933889,333333,8.8017,0.14002,0.2336,0.9357,311901,1118,134,35,0,0,1914283,297588,0.6285,0.2981,0.37989,-0.03777,-0.50935,0.11699,0.99735,5.91137
B,f_g67c25,2013-2019,342627,140000,2.4473,0.13689,0.1359,1.0,140000,272,43,2,0,0,296199,139589,0.8627,0.055,0.01791,-0.03091,-0.2861,0.01304,0.35279,1.31857
B,f_g67c25,2020-2026,346190,133333,2.5964,0.15572,0.2303,0.8322,110954,437,70,5,0,0,271100,108697,0.7831,0.1223,0.24296,-0.00975,-0.25358,0.12948,0.31308,1.15886
B,f_g67c50,1998-2002,127947,100000,1.2795,0.0507,0.2819,0.9613,96134,293,45,7,0,0,99578,95531,0.7744,0.096,0.21622,0.33373,,-0.17786,0.17894,0.05008
B,f_g67c50,1998-2019,3061509,440000,6.958,0.09226,0.4571,0.9613,422988,2162,211,62,0,0,665649,62191,0.0562,0.5633,0.01034,0.42251,,-0.04149,1.07857,3.59601
B,f_g67c50,1998-2026,9165599,573333,15.9865,0.10179,0.4571,0.9613,551166,2616,227,102,0,0,3194648,81036,0.0562,0.5974,-0.06015,0.23664,,-0.04718,1.40341,7.77756
B,f_g67c50,2000-2019,1792089,400000,4.4802,0.07791,0.5034,0.7426,297022,1603,181,48,1599,120,278228,48,0.0001,0.6901,-0.13588,0.39482,0.75052,-0.29947,0.80661,2.24475
B,f_g67c50,2000-2020,2150230,420000,5.1196,0.08093,0.5034,0.7426,311873,1642,183,56,1599,120,422130,50,0.0001,0.6963,-0.11281,0.34939,0.34798,-0.20878,0.84419,2.69454
B,f_g67c50,2000-2026,5407788,533333,10.1396,0.09099,0.5034,0.7426,396029,2057,204,83,1599,120,1536975,64,0.0001,0.7118,0.00481,0.19442,0.12123,-0.31405,1.05768,5.10414
B,f_g67c50,2003-2007,152014,100000,1.5201,0.08768,0.104,0.896,89598,430,85,1,0,0,107127,88824,0.7047,0.1295,-0.28704,-0.11594,-0.23386,-0.24186,0.02666,0.31557
B,f_g67c50,2008-2012,156379,100000,1.5638,0.09388,0.3466,0.6688,66885,1162,179,4,0,0,6458,6346,0.0405,0.6817,0.28928,0.39076,0.11107,0.54741,0.39508,0.53636
B,f_g67c50,2010-2019,534704,200000,2.6735,0.1035,0.1275,0.9357,187141,679,99,11,0,0,291518,167944,0.5442,0.3169,-0.17467,-0.22754,-0.47339,-0.2158,0.20554,1.52558
B,f_g67c50,2010-2026,1990745,333333,5.9722,0.11369,0.2049,0.9357,311901,1118,134,35,0,0,971139,279907,0.4845,0.378,-0.0637,-0.3471,-0.66708,-0.24208,0.35527,3.6896
B,f_g67c50,2013-2019,265016,140000,1.893,0.09579,0.0972,1.0,140000,272,43,2,0,0,218589,139524,0.8239,0.0662,-0.21267,-0.25042,-0.44781,-0.21643,0.04636,0.79337
B,f_g67c50,2020-2026,278472,133333,2.0885,0.11819,0.1571,0.8959,119456,437,70,5,0,0,203382,117199,0.7304,0.1403,-0.00018,-0.20345,-0.39959,-0.09146,0.05623,0.73657
B,g0,1998-2002,110444,100000,1.1044,0.02014,0.3941,0.9613,96134,293,45,7,0,0,82076,74016,0.7431,0.0997,0.04984,0.15128,,-0.29033,0.01766,-0.09357
B,g0,1998-2019,2896227,440000,6.5823,0.0895,0.5247,0.9613,422988,2080,210,62,198,26,572914,23,0.0,0.5903,-0.0442,0.34571,,-0.09324,0.96635,3.34788
B,g0,1998-2026,9328409,573333,16.2705,0.10247,0.5247,0.9613,551166,2534,226,102,198,26,3517471,29,0.0,0.619,-0.04346,0.25861,,-0.03026,1.4461,7.93348
B,g0,2000-2019,1790980,400000,4.4774,0.07788,0.5154,0.6511,260434,1585,181,48,1670,120,305608,116,0.0002,0.695,-0.13642,0.39395,0.74943,-0.2999,0.80549,2.24274
B,g0,2000-2020,2146908,420000,5.1117,0.08085,0.5154,0.6511,273456,1624,183,56,1670,120,451666,122,0.0002,0.7007,-0.11418,0.3473,0.34589,-0.21001,0.84134,2.68883
B,g0,2000-2026,5680131,533333,10.6502,0.093,0.5154,0.6511,347246,2039,204,83,1670,120,1931437,154,0.0002,0.7089,0.05541,0.25457,0.17769,-0.27951,1.1613,5.41155
B,g0,2003-2007,173408,100000,1.7341,0.11681,0.1252,0.8755,87551,430,85,1,0,0,128521,85553,0.7411,0.1164,-0.1867,0.00848,-0.12603,-0.13516,0.17115,0.50072
B,g0,2008-2012,120402,100000,1.204,0.03796,0.5007,0.5095,50951,843,150,4,916,120,40,0,0.0,0.8151,-0.00734,0.07079,-0.14455,0.1914,0.07412,0.1829
B,g0,2010-2019,689158,200000,3.4458,0.1319,0.1896,0.9101,182022,679,99,11,0,0,445972,158772,0.645,0.2718,0.06373,-0.00441,-0.32128,0.01072,0.55377,2.25511
B,g0,2010-2026,2945569,333333,8.8367,0.14029,0.3248,0.9101,303370,1118,134,35,0,0,1925963,264619,0.6291,0.3012,0.38538,-0.03394,-0.5074,0.12144,1.0053,5.93888
B,g0,2013-2019,354901,140000,2.535,0.14264,0.1907,1.0,140000,272,43,2,0,0,308473,139650,0.8678,0.0531,0.05437,0.00381,-0.26053,0.04933,0.40125,1.40162
B,g0,2020-2026,337771,133333,2.5333,0.15141,0.3363,0.6923,92306,437,70,5,0,0,262682,88916,0.7767,0.1279,0.21273,-0.03383,-0.27173,0.10201,0.28115,1.10636
B,g0c25,1998-2002,117343,100000,1.1734,0.03262,0.2945,0.9712,97123,293,45,7,0,0,88975,82289,0.7582,0.0996,0.11543,0.2232,,-0.246,0.08123,-0.03694
B,g0c25,1998-2019,2961187,440000,6.73,0.0906,0.4856,0.9712,427342,2162,211,62,0,0,565327,9646,0.0084,0.5825,-0.02276,0.37589,,-0.0729,1.01046,3.4454
B,g0c25,1998-2026,9118370,573333,15.9041,0.10159,0.4856,0.9712,556840,2616,227,102,0,0,3147420,12569,0.0084,0.6168,-0.065,0.23027,,-0.05209,1.39102,7.73233
B,g0c25,2000-2019,1907362,400000,4.7684,0.08128,0.4926,0.7486,299433,1681,183,50,1347,109,305023,64,0.0001,0.6847,-0.0803,0.48453,0.86312,-0.25441,0.92281,2.45346
B,g0c25,2000-2020,2271639,420000,5.4087,0.08376,0.4926,0.7486,314405,1720,185,58,1347,109,446801,67,0.0001,0.6913,-0.06272,0.42558,0.42409,-0.16411,0.94832,2.90315
B,g0c25,2000-2026,5845531,533333,10.9604,0.09418,0.4926,0.7486,399244,2135,206,85,1347,109,1832490,86,0.0001,0.7044,0.08614,0.2911,0.21199,-0.25853,1.22424,5.59825
B,g0c25,2003-2007,159707,100000,1.5971,0.09851,0.0945,0.9061,90608,430,85,1,0,0,114820,88611,0.7189,0.1244,-0.25096,-0.07119,-0.19508,-0.20349,0.07862,0.38215
B,g0c25,2008-2012,131266,100000,1.3127,0.05612,0.4336,0.5781,57809,966,169,4,479,65,46,1,0.0,0.7712,0.08223,0.16741,-0.06736,0.2989,0.17103,0.28963
B,g0c25,2010-2019,574541,200000,2.8727,0.11147,0.161,0.9332,186631,679,99,11,0,0,331355,159829,0.576,0.3035,-0.11319,-0.16999,-0.43416,-0.15738,0.29535,1.71374
B,g0c25,2010-2026,2217590,333333,6.6528,0.12095,0.2797,0.9332,311052,1118,134,35,0,0,1197984,266381,0.5317,0.3558,0.04299,-0.2727,-0.62914,-0.15572,0.5097,4.22398
B,g0c25,2013-2019,292679,140000,2.0906,0.1115,0.1489,1.0,140000,272,43,2,0,0,246251,139650,0.8407,0.0612,-0.13048,-0.17218,-0.39017,-0.13464,0.15558,0.98057
B,g0c25,2020-2026,292577,133333,2.1943,0.1266,0.2625,0.7617,101557,437,70,5,0,0,217488,98167,0.7434,0.1387,0.05047,-0.16311,-0.36918,-0.04544,0.10973,0.82453
B,g0c50,1998-2002,123255,100000,1.2326,0.04285,0.1812,0.9811,98113,293,45,7,0,0,94887,90100,0.7689,0.1005,0.17163,0.28483,,-0.20801,0.13571,0.01158
B,g0c50,1998-2019,2946505,440000,6.6966,0.09036,0.4427,0.9811,431697,2162,211,62,0,0,550645,33481,0.0285,0.5767,-0.02761,0.36907,,-0.0775,1.00049,3.42336
B,g0c50,1998-2026,8674833,573333,15.1305,0.09967,0.4427,0.9811,562514,2616,227,102,0,0,2703883,43626,0.0285,0.616,-0.11048,0.17043,,-0.0982,1.27472,7.30757
B,g0c50,2000-2019,2040826,400000,5.1021,0.08494,0.4618,0.8603,344112,1787,189,58,902,100,314176,3,0.0,0.6754,-0.01595,0.58841,0.99349,-0.20224,1.05736,2.69511
B,g0c50,2000-2020,2408854,420000,5.7354,0.08679,0.4618,0.8603,361318,1826,191,66,902,100,460428,3,0.0,0.6827,-0.0061,0.51169,0.51011,-0.11362,1.066,3.13891
B,g0c50,2000-2026,5978236,533333,11.2092,0.09511,0.4618,0.8603,458817,2241,211,94,902,100,1797860,4,0.0,0.6983,0.1108,0.32041,0.2395,-0.24169,1.27473,5.74804
B,g0c50,2003-2007,146607,100000,1.4661,0.0798,0.0631,0.9373,93734,430,85,1,0,0,101720,91737,0.6935,0.1334,-0.3124,-0.14738,-0.26111,-0.26882,-0.00985,0.26878
B,g0c50,2008-2012,142220,100000,1.4222,0.07324,0.353,0.6597,65973,1076,175,4,207,36,0,0,0.0,0.7287,0.17254,0.26484,0.01047,0.4073,0.26876,0.39725
B,g0c50,2010-2019,483586,200000,2.4179,0.09245,0.1379,0.9558,191157,679,99,11,0,0,240399,157119,0.4964,0.3392,-0.25358,-0.30139,-0.52374,-0.29077,0.09029,1.28413
B,g0c50,2010-2026,1735371,333333,5.2061,0.10452,0.2438,0.9558,318595,1118,134,35,0,0,715765,261864,0.4065,0.418,-0.18381,-0.43085,-0.70978,-0.33931,0.18142,3.08802
B,g0c50,2013-2019,240578,140000,1.7184,0.0807,0.1075,1.0,140000,272,43,2,0,0,194150,139650,0.8062,0.0709,-0.28527,-0.31955,-0.49873,-0.28869,-0.05013,0.62799
B,g0c50,2020-2026,251227,133333,1.8842,0.10086,0.1826,0.8358,111434,437,70,5,0,0,176137,108045,0.7011,0.152,-0.098,-0.28139,-0.45833,-0.18035,-0.04711,0.56666
B,g100,1998-2002,83789,100000,0.8379,-0.03487,0.7655,0.6977,69767,293,45,7,0,0,55420,44741,0.6413,0.1137,-0.20353,-0.12658,,-0.46161,-0.22795,-0.31233
B,g100,1998-2019,2489513,440000,5.658,0.08203,0.7655,0.6977,306973,1764,186,53,1278,106,543756,84,0.0001,0.6245,-0.17842,0.15673,,-0.22057,0.69022,2.73732
B,g100,1998-2026,8714515,573333,15.1997,0.09984,0.7655,0.6977,399995,2218,209,88,1278,106,3708019,110,0.0001,0.6364,-0.10641,0.17578,,-0.09407,1.28512,7.34557
B,g100,2000-2019,1180864,400000,2.9522,0.05565,0.7218,0.3621,144858,1072,145,35,3520,180,196633,21,0.0001,0.7959,-0.43061,-0.08091,0.15347,-0.5384,0.19043,1.13807
B,g100,2000-2020,1490259,420000,3.5482,0.06221,0.7218,0.3621,152101,1111,151,39,3520,180,354674,22,0.0001,0.7961,-0.38512,-0.06478,-0.06576,-0.45163,0.27815,1.56057
B,g100,2000-2026,3880144,533333,7.2753,0.07746,0.7218,0.3621,193144,1526,183,58,3520,180,1362177,28,0.0001,0.7855,-0.27904,-0.14299,-0.19551,-0.50782,0.4764,3.37978
B,g100,2003-2007,183244,100000,1.8324,0.12924,0.1492,0.8792,87920,430,85,1,0,0,138357,87145,0.755,0.1113,-0.14056,0.06569,-0.07646,-0.0861,0.23759,0.58585
B,g100,2008-2012,125811,100000,1.2581,0.04716,0.4901,0.5399,53993,910,156,4,751,76,7,5,0.0,0.7971,0.03726,0.1189,-0.10611,0.24493,0.12237,0.23604
B,g100,2010-2019,939009,200000,4.695,0.16752,0.1863,0.9182,183634,679,99,11,0,0,695823,178300,0.6969,0.2301,0.44938,0.35654,-0.07521,0.37715,1.11708,3.43524
B,g100,2010-2026,5007623,333333,15.0229,0.17734,0.3282,0.9182,306057,1118,134,35,0,0,3988017,297167,0.6969,0.2258,1.35522,0.64235,-0.16255,0.9065,2.40912,10.79647
B,g100,2013-2019,474733,140000,3.391,0.1913,0.2012,0.9961,139456,272,43,2,0,0,428305,138760,0.8988,0.0437,0.41038,0.34274,-0.01085,0.40363,0.87438,2.21253
B,g100,2020-2026,431813,133333,3.2386,0.19512,0.3439,0.7808,104109,437,70,5,0,0,356724,101852,0.8213,0.1072,0.55038,0.23516,-0.06897,0.40883,0.63784,1.69281
B,g25,1998-2002,109102,100000,1.091,0.01764,0.4859,0.9613,96134,293,45,7,0,0,80734,72116,0.74,0.0982,0.03709,0.13729,,-0.29895,0.0053,-0.10458
B,g25,1998-2019,3017638,440000,6.8583,0.09154,0.515,0.9613,422988,2145,211,62,27,8,631371,134,0.0001,0.5849,-0.00413,0.40212,,-0.05523,1.04878,3.53015
B,g25,1998-2026,10080719,573333,17.5826,0.10546,0.515,0.9613,551166,2599,227,102,27,8,4120261,174,0.0001,0.6092,0.03368,0.36011,,0.04795,1.64337,8.65394
B,g25,2000-2019,1671476,400000,4.1787,0.07416,0.5124,0.5842,233698,1506,175,48,2131,125,311861,4,0.0,0.7075,-0.19404,0.30094,0.6327,-0.34662,0.68502,2.02636
B,g25,2000-2020,2026914,420000,4.826,0.07789,0.5124,0.5842,245383,1545,179,54,2131,125,478843,4,0.0,0.7115,-0.16369,0.272,0.27067,-0.25416,0.73842,2.48266
B,g25,2000-2026,5330390,533333,9.9945,0.09039,0.5124,0.5842,311598,1960,203,80,2131,125,1946183,5,0.0,0.7136,-0.00957,0.17732,0.10518,-0.32387,1.02823,5.01677
B,g25,2003-2007,178874,100000,1.7887,0.12378,0.1052,0.8948,89482,430,85,1,0,0,133987,87484,0.7491,0.1137,-0.16106,0.04027,-0.09849,-0.1079,0.20807,0.54803
B,g25,2008-2012,123441,100000,1.2344,0.04317,0.4876,0.5253,52526,876,152,4,851,93,43,2,0.0,0.8059,0.01771,0.09782,-0.12296,0.22147,0.10122,0.21275
B,g25,2010-2019,768963,200000,3.8448,0.14439,0.1831,0.9264,185277,679,99,11,0,0,525776,168987,0.6799,0.2548,0.18691,0.11088,-0.24268,0.12776,0.7337,2.63205
B,g25,2010-2026,3581039,333333,10.7431,0.15379,0.302,0.9264,308794,1118,134,35,0,0,2561433,281645,0.678,0.2702,0.68426,0.17447,-0.40112,0.36338,1.43792,7.43586
B,g25,2013-2019,390437,140000,2.7888,0.15838,0.1824,1.0,140000,272,43,2,0,0,344010,139650,0.8794,0.0498,0.15994,0.10432,-0.18648,0.1544,0.54156,1.6421
B,g25,2020-2026,375424,133333,2.8157,0.17002,0.3019,0.7303,97376,437,70,5,0,0,300335,93986,0.7991,0.1185,0.34792,0.07387,-0.19055,0.22486,0.42396,1.34117
B,g25c50,1998-2002,120335,100000,1.2033,0.03785,0.3115,0.9811,98113,293,45,7,0,0,91966,85550,0.761,0.0995,0.14386,0.25438,,-0.22678,0.1088,-0.01239
B,g25c50,1998-2019,2997267,440000,6.812,0.09121,0.4327,0.9811,431697,2162,211,62,0,0,601407,43811,0.0377,0.5729,-0.01086,0.39266,,-0.0616,1.03495,3.49957
B,g25c50,1998-2026,8966118,573333,15.6386,0.10094,0.4327,0.9811,562514,2616,227,102,0,0,2995168,57087,0.0377,0.6086,-0.08061,0.20973,,-0.06792,1.3511,7.58652
B,g25c50,2000-2019,1869819,400000,4.6745,0.0802,0.4707,0.7578,303121,1667,183,50,1383,111,289175,43,0.0001,0.6904,-0.09841,0.45531,0.82644,-0.26908,0.88497,2.38548
B,g25c50,2000-2020,2233159,420000,5.317,0.08288,0.4707,0.7578,318277,1706,185,58,1383,111,433407,45,0.0001,0.6968,-0.0786,0.40143,0.39996,-0.17827,0.91531,2.83703
B,g25c50,2000-2026,5594471,533333,10.4896,0.09238,0.4707,0.7578,404161,2121,206,85,1383,111,1635944,57,0.0001,0.7113,0.0395,0.23565,0.15993,-0.29037,1.12871,5.31486
B,g25c50,2003-2007,150050,100000,1.5005,0.08485,0.0486,0.9518,95180,430,85,1,0,0,105163,93713,0.7009,0.131,-0.29625,-0.12736,-0.24375,-0.25165,0.0134,0.29858
B,g25c50,2008-2012,145675,100000,1.4567,0.07842,0.3366,0.68,68002,1115,177,4,111,31,51,49,0.0003,0.7163,0.20102,0.29556,0.03501,0.44148,0.29958,0.43119
B,g25c50,2010-2019,519095,200000,2.5955,0.10023,0.1307,0.9687,193744,679,99,11,0,0,275909,163231,0.5306,0.3243,-0.19877,-0.25009,-0.48877,-0.23869,0.17035,1.45185
B,g25c50,2010-2026,1922155,333333,5.7665,0.11134,0.2175,0.9687,322906,1118,134,35,0,0,902549,272052,0.4654,0.3893,-0.09596,-0.36959,-0.67855,-0.2682,0.30858,3.52802
B,g25c50,2013-2019,260242,140000,1.8589,0.09294,0.1006,1.0,140000,272,43,2,0,0,213814,139650,0.8207,0.0671,-0.22685,-0.26393,-0.45776,-0.23055,0.02751,0.76106
B,g25c50,2020-2026,270973,133333,2.0323,0.11357,0.1528,0.8765,116860,437,70,5,0,0,195884,113932,0.7229,0.1436,-0.0271,-0.2249,-0.41576,-0.11592,0.02779,0.6898
B,g50,1998-2002,103630,100000,1.0363,0.00718,0.5868,0.9004,90043,293,45,7,0,0,75262,65017,0.7221,0.0999,-0.01493,0.08025,,-0.33411,-0.04512,-0.14949
B,g50,1998-2019,2977184,440000,6.7663,0.09087,0.5868,0.9004,396189,2090,210,62,176,24,641245,53,0.0001,0.5919,-0.01748,0.38333,,-0.06789,1.02132,3.46942
B,g50,1998-2026,10202798,573333,17.7956,0.10593,0.5868,0.9004,516246,2544,226,102,176,24,4345399,69,0.0001,0.6116,0.0462,0.37658,,0.06064,1.67538,8.77085
B,g50,2000-2019,1527352,400000,3.8184,0.06933,0.5575,0.5089,203562,1392,165,43,2649,131,302096,2,0.0,0.7267,-0.26354,0.18877,0.49192,-0.40296,0.53973,1.76542
B,g50,2000-2020,1884605,420000,4.4872,0.07416,0.5575,0.5089,213740,1431,169,49,2649,131,482300,2,0.0,0.7291,-0.22241,0.18269,0.18146,-0.30653,0.61637,2.23814
B,g50,2000-2026,4980054,533333,9.3376,0.08761,0.5575,0.5089,271416,1846,198,70,2649,131,1868987,2,0.0,0.7259,-0.07467,0.09995,0.03254,-0.36831,0.89492,4.62132
B,g50,2003-2007,182412,100000,1.8241,0.12821,0.0961,0.9042,90418,430,85,1,0,0,137525,89089,0.7539,0.112,-0.14447,0.06085,-0.08065,-0.09025,0.23197,0.57865
B,g50,2008-2012,125151,100000,1.2515,0.04605,0.4815,0.5364,53644,902,155,4,769,79,66,20,0.0002,0.7982,0.03182,0.11304,-0.1108,0.2384,0.11649,0.22956
B,g50,2010-2019,840843,200000,4.2042,0.15468,0.1795,0.9378,187568,679,99,11,0,0,597657,177703,0.6966,0.2425,0.29786,0.21472,-0.17189,0.23318,0.89576,2.97157
B,g50,2010-2026,4195872,333333,12.5876,0.16486,0.2771,0.9378,312613,1118,134,35,0,0,3176266,296172,0.6966,0.2482,0.97343,0.37612,-0.2983,0.59745,1.85649,8.88423
B,g50,2013-2019,423126,140000,3.0223,0.17181,0.178,1.0,140000,272,43,2,0,0,376698,139650,0.888,0.0472,0.25706,0.19678,-0.11837,0.25105,0.67062,1.8633
B,g50,2020-2026,405294,133333,3.0397,0.18369,0.2805,0.7616,101551,437,70,5,0,0,330205,99107,0.8139,0.1121,0.45516,0.15931,-0.12615,0.32231,0.53726,1.52744
B,g50c25,1998-2002,108768,100000,1.0877,0.01701,0.5267,0.9574,95736,293,45,7,0,0,80400,70710,0.7352,0.1003,0.03391,0.13381,,-0.3011,0.00222,-0.10732
B,g50c25,1998-2019,2992255,440000,6.8006,0.09112,0.5267,0.9574,421239,2155,211,62,14,7,600619,189,0.0002,0.5905,-0.01251,0.39033,,-0.06317,1.03155,3.49204
B,g50c25,1998-2026,9600177,573333,16.7445,0.10357,0.5267,0.9574,548887,2609,227,102,14,7,3632940,246,0.0002,0.617,-0.01559,0.29528,,-0.002,1.51736,8.19374
B,g50c25,2000-2019,1573655,400000,3.9341,0.07092,0.5057,0.5696,227849,1451,170,46,2543,128,278816,23,0.0,0.7186,-0.24121,0.2248,0.53715,-0.38486,0.5864,1.84925
B,g50c25,2000-2020,1914410,420000,4.5581,0.07496,0.5057,0.5696,239242,1490,174,52,2543,128,437614,24,0.0,0.7223,-0.21011,0.2014,0.20014,-0.29556,0.64193,2.28935
B,g50c25,2000-2026,4815649,533333,9.0293,0.08624,0.5057,0.5696,303799,1905,201,75,2543,128,1565723,31,0.0,0.7276,-0.10522,0.06363,-0.00155,-0.38916,0.83237,4.43575
B,g50c25,2003-2007,166706,100000,1.6671,0.10801,0.0841,0.9215,92150,430,85,1,0,0,121819,91375,0.7307,0.1204,-0.21813,-0.03049,-0.15981,-0.16858,0.12589,0.44272
B,g50c25,2008-2012,137479,100000,1.3748,0.06596,0.4129,0.6087,60869,1026,172,4,327,58,46,0,0.0,0.7528,0.13345,0.22267,-0.02321,0.36039,0.22647,0.35068
B,g50c25,2010-2019,675129,200000,3.3756,0.12958,0.1503,0.9516,190315,679,99,11,0,0,431942,176634,0.6368,0.2759,0.04207,-0.02468,-0.3351,-0.00986,0.52214,2.18885
B,g50c25,2010-2026,2891663,333333,8.675,0.13902,0.2367,0.9516,317192,1118,134,35,0,0,1872057,294389,0.6222,0.303,0.36003,-0.05162,-0.51641,0.10092,0.9686,5.8119
B,g50c25,2013-2019,343284,140000,2.452,0.1372,0.1373,1.0,140000,272,43,2,0,0,296856,139576,0.8629,0.0549,0.01986,-0.02905,-0.28473,0.01498,0.35538,1.32301
B,g50c25,2020-2026,340920,133333,2.5569,0.15304,0.2316,0.8233,109767,437,70,5,0,0,265830,107511,0.7797,0.1239,0.22403,-0.02483,-0.26495,0.11228,0.29309,1.12599
B,g50c50,1998-2002,112871,100000,1.1287,0.0246,0.4601,0.9811,98113,293,45,7,0,0,84502,75757,0.7431,0.1016,0.07291,0.17658,,-0.27474,0.04003,-0.07365
B,g50c50,1998-2019,2939307,440000,6.6802,0.09024,0.4601,0.9811,431697,2162,211,62,0,0,543447,2410,0.0021,0.5935,-0.02998,0.36573,,-0.07975,0.9956,3.41256
B,g50c50,1998-2026,8914537,573333,15.5486,0.10072,0.4601,0.9811,562514,2616,227,102,0,0,2943587,3140,0.0021,0.6265,-0.0859,0.20277,,-0.07328,1.33757,7.53713
B,g50c50,2000-2019,1627423,400000,4.0686,0.07273,0.488,0.6377,255086,1507,175,48,2131,125,265847,26,0.0,0.7111,-0.21528,0.26665,0.58967,-0.36384,0.64061,1.9466
B,g50c50,2000-2020,1957159,420000,4.6599,0.07609,0.488,0.6377,267841,1546,179,54,2131,125,406769,27,0.0,0.7158,-0.19247,0.22822,0.22694,-0.27983,0.6786,2.3628
B,g50c50,2000-2026,4754020,533333,8.9138,0.08571,0.488,0.6377,340115,1961,203,80,2131,125,1366020,34,0.0,0.7274,-0.11667,0.05002,-0.01432,-0.39698,0.80892,4.36618
B,g50c50,2003-2007,151879,100000,1.5188,0.08749,0.0724,0.9389,93889,430,85,1,0,0,106992,93114,0.7045,0.1297,-0.28767,-0.11672,-0.23454,-0.24253,0.02576,0.31441
B,g50c50,2008-2012,147877,100000,1.4788,0.08167,0.3356,0.6896,68959,1138,177,4,51,22,77,74,0.0005,0.7099,0.21918,0.31514,0.05066,0.46327,0.31922,0.45283
B,g50c50,2010-2019,548228,200000,2.7411,0.10627,0.1273,0.9592,191845,679,99,11,0,0,305042,165971,0.5553,0.3142,-0.1538,-0.208,-0.46008,-0.19597,0.23603,1.58946
B,g50c50,2010-2026,2079661,333333,6.239,0.11663,0.2127,0.9592,319741,1118,134,35,0,0,1060055,276618,0.5077,0.3692,-0.02188,-0.31794,-0.65221,-0.20823,0.4158,3.89906
B,g50c50,2013-2019,277559,140000,1.9826,0.10308,0.1066,0.9981,139728,272,43,2,0,0,231131,138953,0.8317,0.0641,-0.1754,-0.21495,-0.42168,-0.17935,0.09588,0.87825
B,g50c50,2020-2026,284356,133333,2.1327,0.12174,0.1866,0.8877,118361,437,70,5,0,0,209267,116105,0.7359,0.1386,0.02095,-0.18662,-0.3869,-0.07226,0.07855,0.77326
B,g67,1998-2002,98054,100000,0.9805,-0.00394,0.6545,0.838,83800,293,45,7,0,0,69686,58775,0.7014,0.1029,-0.06793,0.02213,,-0.36994,-0.0965,-0.19525
B,g67,1998-2019,2842329,440000,6.4598,0.08857,0.6545,0.838,368722,1975,200,61,583,61,637562,78,0.0001,0.6017,-0.06199,0.32067,,-0.11011,0.92976,3.26697
B,g67,1998-2026,9775514,573333,17.0503,0.10427,0.6545,0.838,480456,2429,221,97,583,61,4356778,101,0.0001,0.6158,0.00239,0.31893,,0.01622,1.56334,8.36165
B,g67,2000-2019,1423233,400000,3.5581,0.06556,0.6199,0.456,182398,1302,155,42,2838,140,278575,0,0.0,0.747,-0.31374,0.10773,0.39022,-0.44366,0.43476,1.5769
B,g67,2000-2020,1775379,420000,4.2271,0.0711,0.6199,0.456,191518,1341,160,47,2838,140,460271,0,0.0,0.7483,-0.26748,0.11415,0.11298,-0.34672,0.52269,2.05047
B,g67,2000-2026,4682058,533333,8.7789,0.08509,0.6199,0.456,243198,1756,190,67,2838,140,1761829,0,0.0,0.7412,-0.13004,0.03413,-0.02924,-0.40611,0.78153,4.28496
B,g67,2003-2007,183630,100000,1.8363,0.12972,0.1135,0.896,89598,430,85,1,0,0,138743,88824,0.7556,0.1114,-0.13875,0.06793,-0.07451,-0.08418,0.24019,0.58919
B,g67,2008-2012,125949,100000,1.2595,0.04739,0.4817,0.5409,54091,912,156,4,749,76,4,2,0.0,0.7957,0.03839,0.12013,-0.10513,0.24629,0.1236,0.2374
B,g67,2010-2019,881552,200000,4.4078,0.16016,0.178,0.9343,186853,679,99,11,0,0,638366,179493,0.6986,0.2367,0.36069,0.27353,-0.1318,0.29289,0.98754,3.16385
B,g67,2010-2026,4549510,333333,13.6485,0.17055,0.2883,0.9343,311422,1118,134,35,0,0,3529904,299155,0.6986,0.2378,1.13976,0.4921,-0.23916,0.73209,2.09724,9.71729
B,g67,2013-2019,442673,140000,3.162,0.17942,0.1761,1.0,140000,272,43,2,0,0,396246,139589,0.8924,0.0458,0.31513,0.25207,-0.07765,0.30884,0.7478,1.99558
B,g67,2020-2026,419526,133333,3.1464,0.1899,0.2976,0.7682,102431,437,70,5,0,0,344436,100175,0.8197,0.1094,0.50626,0.20002,-0.09546,0.36874,0.59124,1.61619
B,g67c25,1998-2002,102461,100000,1.0246,0.00489,0.6055,0.8867,88673,293,45,7,0,0,74093,63648,0.7174,0.1034,-0.02604,0.06807,,-0.34162,-0.05589,-0.15908
B,g67c25,1998-2019,2840147,440000,6.4549,0.08854,0.6055,0.8867,390162,2029,202,61,435,32,578137,28,0.0,0.6031,-0.06271,0.31965,,-0.1108,0.92828,3.2637
B,g67c25,1998-2026,9145168,573333,15.9509,0.1017,0.6055,0.8867,508393,2483,221,98,435,32,3490746,36,0.0,0.626,-0.06225,0.23389,,-0.04931,1.39805,7.75799
B,g67c25,2000-2019,1453287,400000,3.6332,0.06667,0.579,0.5061,202456,1353,160,43,2748,132,264905,48,0.0001,0.7362,-0.29925,0.13112,0.41958,-0.43191,0.46506,1.63131
B,g67c25,2000-2020,1786317,420000,4.2531,0.07142,0.579,0.5061,212579,1392,165,48,2748,132,423222,50,0.0001,0.7386,-0.26296,0.12101,0.11984,-0.34269,0.53207,2.06926
B,g67c25,2000-2026,4493090,533333,8.4245,0.08341,0.579,0.5061,269942,1807,195,68,2748,132,1454189,63,0.0001,0.7408,-0.16515,-0.00761,-0.06842,-0.43008,0.70963,4.07165
B,g67c25,2003-2007,167411,100000,1.6741,0.10895,0.1019,0.913,91302,430,85,1,0,0,122524,90527,0.7319,0.1199,-0.21482,-0.02639,-0.15626,-0.16506,0.13066,0.44883
B,g67c25,2008-2012,138298,100000,1.383,0.06723,0.4152,0.6112,61118,1034,174,4,279,49,51,47,0.0004,0.751,0.1402,0.22995,-0.0174,0.36848,0.23377,0.35872
B,g67c25,2010-2019,700189,200000,3.5009,0.13371,0.1493,0.9433,188660,679,99,11,0,0,457002,177559,0.6473,0.2707,0.08075,0.01153,-0.31042,0.0269,0.57864,2.30721
B,g67c25,2010-2026,3062339,333333,9.187,0.14297,0.2536,0.9433,314433,1118,134,35,0,0,2042733,295932,0.6336,0.293,0.4403,0.00435,-0.48787,0.1659,1.0848,6.21396
B,g67c25,2013-2019,357313,140000,2.5522,0.14375,0.1463,0.9987,139821,272,43,2,0,0,310885,139128,0.8678,0.0534,0.06154,0.01063,-0.2555,0.05646,0.41077,1.41795
B,g67c25,2020-2026,349685,133333,2.6226,0.15748,0.2551,0.8302,110689,437,70,5,0,0,274596,108432,0.7853,0.1217,0.25551,0.00025,-0.24605,0.14088,0.32634,1.18066
B,s_g0c50,1998-2002,123133,100000,1.2313,0.04265,0.1662,0.9811,98113,293,45,7,0,0,94765,91115,0.7682,0.1011,0.17046,0.28355,,-0.20879,0.13458,0.01057
B,s_g0c50,1998-2019,2929689,440000,6.6584,0.09007,0.4686,0.9811,431697,2162,211,62,0,0,533829,23031,0.0205,0.5815,-0.03316,0.36126,,-0.08276,0.98907,3.39812
B,s_g0c50,1998-2026,8609381,573333,15.0164,0.09938,0.4686,0.9811,562514,2616,227,102,0,0,2638431,30010,0.0205,0.6209,-0.11719,0.1616,,-0.105,1.25756,7.24489
B,s_g0c50,2000-2019,1983836,400000,4.9596,0.08341,0.4832,0.8452,338083,1750,186,53,1081,99,294615,1,0.0,0.6756,-0.04343,0.54405,0.93782,-0.22451,0.99991,2.59192
B,s_g0c50,2000-2020,2342969,420000,5.5785,0.08536,0.4832,0.8452,354987,1789,188,61,1081,99,433792,1,0.0,0.6831,-0.03329,0.47034,0.4688,-0.13786,1.00949,3.02571
B,s_g0c50,2000-2026,5825916,533333,10.9236,0.09404,0.4832,0.8452,450777,2204,209,88,1081,99,1700559,2,0.0,0.7004,0.0825,0.28677,0.20792,-0.26101,1.21678,5.57611
B,s_g0c50,2003-2007,146200,100000,1.462,0.0792,0.062,0.9385,93847,430,85,1,0,0,101313,91850,0.6927,0.1336,-0.31431,-0.14975,-0.26316,-0.27085,-0.0126,0.26525
B,s_g0c50,2008-2012,148462,100000,1.4846,0.08253,0.379,0.6334,63337,1145,178,4,31,15,12,12,0.0001,0.7137,0.224,0.32035,0.05482,0.46906,0.32444,0.45858
B,s_g0c50,2010-2019,483307,200000,2.4165,0.09239,0.1368,0.9566,191323,679,99,11,0,0,240121,158035,0.4961,0.3385,-0.25401,-0.30179,-0.52401,-0.29118,0.08966,1.28281
B,s_g0c50,2010-2026,1726322,333333,5.179,0.10417,0.2379,0.9566,318872,1118,134,35,0,0,706716,263392,0.4035,0.4184,-0.18806,-0.43382,-0.7113,-0.34275,0.17526,3.0667
B,s_g0c50,2013-2019,238339,140000,1.7024,0.07925,0.1059,1.0,140000,272,43,2,0,0,191911,139650,0.8044,0.0714,-0.29192,-0.32588,-0.5034,-0.29531,-0.05897,0.61285
B,s_g0c50,2020-2026,248991,133333,1.8674,0.09937,0.1707,0.8478,113035,437,70,5,0,0,173902,109645,0.6984,0.1532,-0.10603,-0.28778,-0.46315,-0.18764,-0.05559,0.55272
B,s_g50c50,1998-2002,125828,100000,1.2583,0.04719,0.2541,0.9811,98113,293,45,7,0,0,97460,93519,0.7711,0.0978,0.19608,0.31165,,-0.19147,0.15942,0.0327
B,s_g50c50,1998-2019,2982195,440000,6.7777,0.09096,0.4716,0.9811,431697,2162,211,62,0,0,586335,32887,0.0301,0.5758,-0.01583,0.38565,,-0.06632,1.02472,3.47694
B,s_g50c50,1998-2026,8919197,573333,15.5567,0.10074,0.4716,0.9811,562514,2616,227,102,0,0,2948247,42853,0.0301,0.6116,-0.08542,0.2034,,-0.0728,1.3388,7.54159
B,s_g50c50,2000-2019,1817673,400000,4.5442,0.07868,0.5036,0.7592,303678,1628,182,48,1512,115,280334,1,0.0,0.6872,-0.12355,0.41473,0.77551,-0.28947,0.8324,2.29107
B,s_g50c50,2000-2020,2171714,420000,5.1707,0.08144,0.5036,0.7592,318862,1667,184,56,1512,115,418568,1,0.0,0.6937,-0.10395,0.36287,0.36144,-0.20088,0.86261,2.73145
B,s_g50c50,2000-2026,5468278,533333,10.253,0.09144,0.5036,0.7592,404904,2082,205,83,1512,115,1552884,1,0.0,0.71,0.01605,0.20778,0.13377,-0.30638,1.08069,5.17241
B,s_g50c50,2003-2007,149944,100000,1.4994,0.08469,0.0485,0.9526,95255,430,85,1,0,0,105057,93767,0.7006,0.1311,-0.29674,-0.12797,-0.24429,-0.25218,0.01269,0.29766
B,s_g50c50,2008-2012,155376,100000,1.5538,0.09247,0.3489,0.669,66896,1162,179,4,0,0,5455,5380,0.0345,0.6846,0.28101,0.38184,0.10395,0.53748,0.38613,0.52651
B,s_g50c50,2010-2019,521387,200000,2.6069,0.10072,0.1292,0.969,193798,679,99,11,0,0,278200,165076,0.5326,0.3226,-0.19523,-0.24678,-0.48651,-0.23533,0.17551,1.46268
B,s_g50c50,2010-2026,1927402,333333,5.7822,0.11152,0.2136,0.969,322997,1118,134,35,0,0,907796,275127,0.467,0.3875,-0.09349,-0.36787,-0.67767,-0.2662,0.31215,3.54038
B,s_g50c50,2013-2019,259256,140000,1.8518,0.09235,0.0984,1.0,140000,272,43,2,0,0,212828,139650,0.8201,0.0673,-0.22978,-0.26672,-0.45981,-0.23346,0.02361,0.75439
B,s_g50c50,2020-2026,271241,133333,2.0343,0.11373,0.1488,0.8838,117833,437,70,5,0,0,196152,114815,0.7232,0.1434,-0.02614,-0.22414,-0.41518,-0.11505,0.0288,0.69148
B,s_g67c25,1998-2002,114817,100000,1.1482,0.02812,0.484,0.9712,97123,293,45,7,0,0,86449,78853,0.7489,0.0979,0.09141,0.19686,,-0.26223,0.05796,-0.05768
B,s_g67c25,1998-2019,2944388,440000,6.6918,0.09032,0.5096,0.9712,427342,2114,211,62,115,21,584216,1,0.0,0.5902,-0.02831,0.36809,,-0.07816,0.99905,3.42018
B,s_g67c25,1998-2026,9468272,573333,16.5144,0.10304,0.5096,0.9712,556840,2568,227,102,115,21,3533958,1,0.0,0.6176,-0.02912,0.27748,,-0.01572,1.48277,8.06742
B,s_g67c25,2000-2019,1609553,400000,4.0239,0.07213,0.513,0.592,236802,1476,172,48,2448,125,288993,37,0.0001,0.7131,-0.2239,0.25274,0.57222,-0.37082,0.62259,1.91425
B,s_g67c25,2000-2020,1961749,420000,4.6708,0.07621,0.513,0.592,248643,1515,176,54,2448,125,453246,38,0.0001,0.7169,-0.19058,0.2311,0.22982,-0.27814,0.68253,2.37069
B,s_g67c25,2000-2026,4967433,533333,9.3139,0.08751,0.513,0.592,315737,1930,202,78,2448,125,1642145,49,0.0001,0.7223,-0.07701,0.09716,0.02992,-0.36991,0.89012,4.60708
B,s_g67c25,2003-2007,167133,100000,1.6713,0.10858,0.084,0.9221,92208,430,85,1,0,0,122246,91433,0.7314,0.1202,-0.21613,-0.02801,-0.15766,-0.16645,0.12877,0.44641
B,s_g67c25,2008-2012,137438,100000,1.3744,0.0659,0.4346,0.588,58804,1026,172,4,325,58,1,1,0.0,0.7566,0.13311,0.22231,-0.0235,0.35998,0.2261,0.35027
B,s_g67c25,2010-2019,683981,200000,3.4199,0.13105,0.1491,0.9518,190354,679,99,11,0,0,440794,177746,0.6415,0.2724,0.05574,-0.01189,-0.32638,0.00313,0.5421,2.23066
B,s_g67c25,2010-2026,2923643,333333,8.7709,0.13978,0.2336,0.9518,317256,1118,134,35,0,0,1904037,296244,0.6273,0.2992,0.37507,-0.04114,-0.51106,0.11309,0.99038,5.88723
B,s_g67c25,2013-2019,342595,140000,2.4471,0.13687,0.1359,1.0,140000,272,43,2,0,0,296167,139576,0.8627,0.055,0.01781,-0.031,-0.28617,0.01294,0.35266,1.31835
B,s_g67c25,2020-2026,344560,133333,2.5842,0.15489,0.2303,0.8282,110429,437,70,5,0,0,269471,108172,0.7821,0.1229,0.2371,-0.01441,-0.2571,0.12416,0.3069,1.1487
B,s_g67c50,1998-2002,126880,100000,1.2688,0.04894,0.2816,0.9811,98113,293,45,7,0,0,98511,94509,0.7725,0.0969,0.20608,0.32261,,-0.18472,0.16911,0.04132
B,s_g67c50,1998-2019,3036900,440000,6.902,0.09186,0.4588,0.9811,431697,2162,211,62,0,0,641040,51884,0.0471,0.5682,0.00222,0.41107,,-0.0492,1.06186,3.55907
B,s_g67c50,1998-2026,9100854,573333,15.8736,0.10151,0.4588,0.9811,562514,2616,227,102,0,0,3129904,67606,0.0471,0.6024,-0.06679,0.22791,,-0.05391,1.38643,7.71555
B,s_g67c50,2000-2019,1772730,400000,4.4318,0.07733,0.504,0.735,294018,1593,181,48,1644,121,278351,30,0.0001,0.6915,-0.14522,0.37975,0.73161,-0.30704,0.78709,2.20969
B,s_g67c50,2000-2020,2128183,420000,5.0671,0.0804,0.504,0.735,308719,1632,183,56,1644,121,419903,31,0.0001,0.6976,-0.12191,0.33555,0.33415,-0.2169,0.82528,2.65666
B,s_g67c50,2000-2026,5323989,533333,9.9825,0.09035,0.504,0.735,392024,2047,204,83,1644,121,1517030,40,0.0001,0.7128,-0.01076,0.17591,0.10385,-0.32468,1.02579,5.00955
B,s_g67c50,2003-2007,150622,100000,1.5062,0.08567,0.0541,0.9484,94843,430,85,1,0,0,105735,93830,0.702,0.1306,-0.29357,-0.12403,-0.24087,-0.2488,0.01726,0.30353
B,s_g67c50,2008-2012,157604,100000,1.576,0.09559,0.3458,0.6746,67459,1162,179,4,0,0,7682,7552,0.0478,0.6762,0.29937,0.40165,0.11977,0.55952,0.406,0.54839
B,s_g67c50,2010-2019,531425,200000,2.6571,0.10282,0.1278,0.9679,193577,679,99,11,0,0,288238,166224,0.5414,0.3189,-0.17974,-0.23228,-0.47662,-0.22061,0.19815,1.51009
B,s_g67c50,2010-2026,1979714,333333,5.9391,0.11332,0.2055,0.9679,322629,1118,134,35,0,0,960108,277040,0.4816,0.3803,-0.06889,-0.35071,-0.66892,-0.24628,0.34776,3.66362
B,s_g67c50,2013-2019,264967,140000,1.8926,0.09576,0.0972,1.0,140000,272,43,2,0,0,218539,139497,0.8239,0.0662,-0.21281,-0.25056,-0.44791,-0.21658,0.04616,0.79304
B,s_g67c50,2020-2026,275928,133333,2.0695,0.11663,0.1572,0.8874,118325,437,70,5,0,0,200838,116069,0.7279,0.1416,-0.00931,-0.21073,-0.40507,-0.09976,0.04658,0.7207
C,c100,1998-2002,88803,70000,1.2686,,0.0635,1.0,11000,293,45,7,0,0,54762,11000,0.5969,0.2593,0.41166,0.59109,,0.06727,0.37461,0.14374
C,c100,1998-2019,906155,274000,3.3071,,0.3111,1.0,11000,2162,211,62,0,0,252764,11000,0.1218,0.5982,-0.09955,0.07983,,-0.01783,0.53471,1.84455
C,c100,1998-2026,1885548,354000,5.3264,,0.3111,1.0,11000,2616,227,102,0,0,635864,11000,0.1218,0.6177,-0.27917,-0.20169,,-0.16663,0.45757,2.97973
C,c100,2000-2019,806186,250000,3.2247,,0.3438,0.9084,10965,2070,207,59,44,8,205793,48,0.0003,0.7279,0.09948,0.1098,-0.25305,0.02468,0.57374,1.85422
C,c100,2000-2020,893915,262000,3.4119,,0.3438,0.9084,10965,2109,209,67,44,8,248470,48,0.0003,0.7276,0.07715,0.02483,-0.44723,0.10432,0.5234,2.02531
C,c100,2000-2026,1668450,330000,5.0559,,0.3438,0.9084,10965,2524,223,99,44,8,572369,48,0.0003,0.7179,0.0807,-0.19163,-0.58026,-0.14376,0.46573,2.87693
C,c100,2003-2007,85800,70000,1.2257,,0.0437,0.9997,10997,430,85,1,0,0,31938,9928,0.371,0.3938,-0.18786,-0.09367,-0.16365,-0.25944,-0.02081,0.10746
C,c100,2008-2012,90802,70000,1.2972,,0.2954,0.6226,10696,684,143,2,1651,56,2454,33,0.0006,0.9132,-0.01389,0.01636,-0.09408,0.11445,0.10329,0.29003
C,c100,2010-2019,224809,130000,1.7293,,0.1051,0.9766,11000,679,99,11,0,0,78903,2928,0.067,0.6516,-0.11852,-0.19547,-0.3856,-0.14554,0.07316,0.64936
C,c100,2010-2026,549141,210000,2.615,,0.1953,0.9766,11000,1118,134,35,0,0,182098,2928,0.067,0.6461,-0.11879,-0.37782,-0.62237,-0.25614,0.02328,1.15751
C,c100,2013-2019,110460,94000,1.1751,,0.0358,0.9997,10997,272,43,2,0,0,70666,10300,0.6385,0.1756,-0.26529,-0.30939,-0.43914,-0.26691,-0.16254,0.12459
C,c100,2020-2026,122340,90000,1.3593,,0.0724,0.9675,11000,437,70,5,0,0,54762,9527,0.4476,0.384,-0.17404,-0.28172,-0.3761,-0.20097,-0.12719,0.19265
C,f_g0c25,1998-2002,77192,70000,1.1027,,0.1797,0.9622,10585,293,45,7,0,0,43152,10585,0.5575,0.2589,0.2271,0.38306,,-0.07227,0.19489,-0.00579
C,f_g0c25,1998-2019,1004063,274000,3.6645,,0.4587,0.8798,10585,2162,211,62,0,0,350673,6463,0.0435,0.6023,-0.00226,0.1965,,0.08829,0.70053,2.1519
C,f_g0c25,1998-2026,2461826,354000,6.9543,,0.4587,0.8798,10585,2616,227,102,0,0,1212142,6463,0.0435,0.596,-0.05887,0.04229,,0.08808,0.90304,4.19605
C,f_g0c25,2000-2019,843721,250000,3.3749,,0.4381,0.815,10633,1958,201,56,412,22,282757,46,0.0004,0.718,0.15067,0.16147,-0.21827,0.07239,0.64701,1.98711
C,f_g0c25,2000-2020,970663,262000,3.7048,,0.4381,0.815,10633,1997,203,64,412,22,363923,46,0.0004,0.7145,0.16963,0.11282,-0.39977,0.19913,0.6542,2.28506
C,f_g0c25,2000-2026,2065551,330000,6.2592,,0.4381,0.815,10633,2412,218,96,412,22,1018563,46,0.0004,0.6835,0.33791,0.00077,-0.48035,0.06003,0.81458,3.79967
C,f_g0c25,2003-2007,94182,70000,1.3455,,0.0744,0.9203,10317,430,85,1,0,0,40320,9217,0.4281,0.3643,-0.10853,-0.00513,-0.08195,-0.1871,0.07485,0.21564
C,f_g0c25,2008-2012,90140,70000,1.2877,,0.2965,0.61,10262,678,143,2,1662,58,2534,2,0.0,0.9111,-0.02109,0.00895,-0.10069,0.10632,0.09524,0.28062
C,f_g0c25,2010-2019,263441,130000,2.0265,,0.159,0.9345,10786,679,99,11,0,0,117535,3689,0.083,0.6117,0.03295,-0.05722,-0.28002,0.00129,0.25757,0.93279
C,f_g0c25,2010-2026,745469,210000,3.5499,,0.2791,0.9345,10786,1118,134,35,0,0,378425,3689,0.083,0.5703,0.19626,-0.15538,-0.48736,0.00981,0.38912,1.92885
C,f_g0c25,2013-2019,146247,94000,1.5558,,0.1368,1.0,11000,272,43,2,0,0,106454,10543,0.7252,0.1442,-0.02725,-0.08564,-0.25743,-0.02939,0.10878,0.48895
C,f_g0c25,2020-2026,151049,90000,1.6783,,0.2327,0.7451,9686,437,70,5,0,0,83471,6635,0.5436,0.3432,0.01979,-0.11316,-0.2297,-0.01347,0.07763,0.47253
C,f_g0c50,1998-2002,81148,70000,1.1593,,0.1424,0.9631,10594,293,45,7,0,0,47108,10594,0.5784,0.2578,0.28998,0.45394,,-0.02473,0.25612,0.04516
C,f_g0c50,1998-2019,982077,274000,3.5842,,0.4182,0.929,10594,2162,211,62,0,0,328687,10594,0.0916,0.5925,-0.02411,0.1703,,0.06446,0.66329,2.08288
C,f_g0c50,1998-2026,2245113,354000,6.3421,,0.4182,0.929,10594,2616,227,102,0,0,995429,10594,0.0916,0.5953,-0.14172,-0.04946,,-0.00771,0.73552,3.73865
C,f_g0c50,2000-2019,824505,250000,3.298,,0.4118,0.838,10760,1986,201,57,323,20,253037,70,0.0006,0.7202,0.12446,0.13502,-0.23608,0.04797,0.6095,1.91908
C,f_g0c50,2000-2020,935360,262000,3.5701,,0.4118,0.838,10760,2025,203,65,323,20,319014,70,0.0006,0.7178,0.12709,0.07234,-0.4216,0.15552,0.59403,2.16558
C,f_g0c50,2000-2026,1885646,330000,5.7141,,0.4118,0.838,10760,2440,218,97,323,20,826632,70,0.0006,0.6947,0.22138,-0.0864,-0.52561,-0.0323,0.65653,3.38163
C,f_g0c50,2003-2007,91269,70000,1.3038,,0.0632,0.9469,10545,430,85,1,0,0,37407,9455,0.4099,0.3739,-0.1361,-0.0359,-0.11033,-0.21223,0.04161,0.17805
C,f_g0c50,2008-2012,90812,70000,1.2973,,0.2961,0.6121,10407,684,143,2,1649,54,2522,18,0.0007,0.9107,-0.01378,0.01648,-0.09398,0.11458,0.10342,0.29017
C,f_g0c50,2010-2019,250176,130000,1.9244,,0.1385,0.957,10903,679,99,11,0,0,104270,4156,0.0926,0.619,-0.01906,-0.10469,-0.31627,-0.04912,0.19425,0.83547
C,f_g0c50,2010-2026,664529,210000,3.1644,,0.2456,0.957,10903,1118,134,35,0,0,297485,4156,0.0926,0.5914,0.06638,-0.24708,-0.54302,-0.09983,0.2383,1.61085
C,f_g0c50,2013-2019,132768,94000,1.4124,,0.0978,1.0,11000,272,43,2,0,0,92975,10485,0.6987,0.1541,-0.11691,-0.16991,-0.32587,-0.11885,0.00659,0.35172
C,f_g0c50,2020-2026,140360,90000,1.5596,,0.1657,0.8211,10674,437,70,5,0,0,72782,7624,0.5185,0.3559,-0.05238,-0.17592,-0.28421,-0.08328,0.00137,0.36832
C,f_g100c25,1998-2002,68758,70000,0.9823,,0.2977,0.8582,10585,293,45,7,0,0,34718,10585,0.4715,0.2657,0.09303,0.23195,,-0.17363,0.06434,-0.11442
C,f_g100c25,1998-2019,1047820,274000,3.8242,,0.4585,0.8526,10585,2162,211,62,0,0,394430,2264,0.0136,0.6159,0.04122,0.24865,,0.13572,0.77464,2.28926
C,f_g100c25,1998-2026,2785147,354000,7.8676,,0.4585,0.8526,10585,2616,227,102,0,0,1535464,2264,0.0136,0.5947,0.06473,0.17918,,0.23098,1.15297,4.87847
C,f_g100c25,2000-2019,881119,250000,3.5245,,0.4453,0.7889,10740,1921,200,54,512,27,333115,1,0.0,0.7246,0.20167,0.21295,-0.18362,0.11992,0.72001,2.11951
C,f_g100c25,2000-2020,1083215,262000,4.1344,,0.4453,0.7889,10740,1960,202,62,512,27,488801,1,0.0,0.7177,0.30525,0.24185,-0.33017,0.33818,0.84601,2.66597
C,f_g100c25,2000-2026,2340031,330000,7.091,,0.4453,0.7889,10740,2375,218,93,512,27,1305177,1,0.0,0.6732,0.5157,0.13375,-0.4113,0.20089,1.05571,4.43747
C,f_g100c25,2003-2007,94950,70000,1.3564,,0.0968,0.8951,9935,430,85,1,0,0,41087,9045,0.4327,0.3623,-0.10126,0.00298,-0.07446,-0.18047,0.08361,0.22555
C,f_g100c25,2008-2012,91532,70000,1.3076,,0.2962,0.6095,10169,687,144,2,1640,52,2936,15,0.0002,0.9077,-0.00596,0.02454,-0.0868,0.12341,0.11216,0.3004
C,f_g100c25,2010-2019,289435,130000,2.2264,,0.1471,0.9221,10143,679,99,11,0,0,143529,5528,0.1194,0.585,0.13487,0.0358,-0.20898,0.10009,0.38166,1.1235
C,f_g100c25,2010-2026,887329,210000,4.2254,,0.2391,0.9221,10143,1118,134,35,0,0,520285,5528,0.1194,0.5259,0.4239,0.00535,-0.38981,0.20197,0.65347,2.4862
C,f_g100c25,2013-2019,166749,94000,1.7739,,0.1303,0.9959,10955,272,43,2,0,0,126955,10359,0.7559,0.1326,0.10911,0.04254,-0.15333,0.10667,0.26422,0.69767
C,f_g100c25,2020-2026,160563,90000,1.784,,0.1549,0.824,10713,437,70,5,0,0,92985,8058,0.5433,0.3302,0.08402,-0.0573,-0.18118,0.04867,0.14551,0.56527
C,f_g100c50,1998-2002,75440,70000,1.0777,,0.1716,0.9631,10594,293,45,7,0,0,41400,10594,0.5282,0.2602,0.19925,0.35167,,-0.09332,0.16777,-0.02836
C,f_g100c50,1998-2019,1016363,274000,3.7094,,0.4158,0.9194,10594,2162,211,62,0,0,362973,10594,0.0762,0.5971,0.00996,0.21116,,0.10162,0.72136,2.19051
C,f_g100c50,1998-2026,2423727,354000,6.8467,,0.4158,0.9194,10594,2616,227,102,0,0,1174044,10594,0.0762,0.5904,-0.07343,0.02616,,0.07124,0.87359,4.11564
C,f_g100c50,2000-2019,841114,250000,3.3645,,0.421,0.8165,10956,1960,201,56,406,22,279391,62,0.0006,0.7253,0.14711,0.15788,-0.22069,0.06908,0.64192,1.97788
C,f_g100c50,2000-2020,990577,262000,3.7808,,0.421,0.8165,10956,1999,203,64,406,22,383056,62,0.0006,0.7208,0.19363,0.13565,-0.38746,0.22373,0.68814,2.35245
C,f_g100c50,2000-2026,2008558,330000,6.0865,,0.421,0.8165,10956,2414,218,96,406,22,959372,62,0.0006,0.6896,0.301,-0.02685,-0.49469,0.03078,0.76451,3.66723
C,f_g100c50,2003-2007,91896,70000,1.3128,,0.0946,0.8971,9959,430,85,1,0,0,38034,9070,0.4139,0.3723,-0.13016,-0.02927,-0.10422,-0.20682,0.04876,0.18614
C,f_g100c50,2008-2012,91367,70000,1.3052,,0.2963,0.609,10169,689,144,2,1644,54,2567,17,0.0007,0.9097,-0.00776,0.02269,-0.08844,0.12139,0.11016,0.29806
C,f_g100c50,2010-2019,264275,130000,2.0329,,0.128,0.9239,10163,679,99,11,0,0,118368,5226,0.1137,0.6032,0.03622,-0.05424,-0.27774,0.00446,0.26155,0.93891
C,f_g100c50,2010-2026,730453,210000,3.4783,,0.208,0.9239,10163,1118,134,35,0,0,363409,5226,0.1137,0.5639,0.17216,-0.17239,-0.49769,-0.01053,0.36114,1.86986
C,f_g100c50,2013-2019,144162,94000,1.5336,,0.0849,0.996,10956,272,43,2,0,0,104368,10359,0.7207,0.1459,-0.04112,-0.09868,-0.26802,-0.04323,0.09297,0.46771
C,f_g100c50,2020-2026,146077,90000,1.6231,,0.1058,0.8813,11000,437,70,5,0,0,78499,8617,0.5362,0.3465,-0.01378,-0.14235,-0.25505,-0.04594,0.04216,0.42406
C,f_g50c25,1998-2002,74442,70000,1.0635,,0.2038,0.9533,10585,293,45,7,0,0,40401,10585,0.5258,0.2573,0.18337,0.33378,,-0.10533,0.15231,-0.04122
C,f_g50c25,1998-2019,1052946,274000,3.8429,,0.4533,0.891,10585,2162,211,62,0,0,399555,8097,0.0535,0.5954,0.04632,0.25475,,0.14127,0.78332,2.30535
C,f_g50c25,1998-2026,2734282,354000,7.724,,0.4533,0.891,10585,2616,227,102,0,0,1484598,8097,0.0535,0.5802,0.04529,0.15765,,0.2085,1.11365,4.77111
C,f_g50c25,2000-2019,872485,250000,3.4899,,0.4399,0.8105,10733,1952,201,54,431,22,313018,21,0.0002,0.7193,0.1899,0.20107,-0.19162,0.10895,0.70316,2.08895
C,f_g50c25,2000-2020,1040141,262000,3.97,,0.4399,0.8105,10733,1991,203,62,431,22,433990,21,0.0002,0.714,0.25335,0.19247,-0.35681,0.28496,0.7726,2.52019
C,f_g50c25,2000-2026,2262169,330000,6.8551,,0.4399,0.8105,10733,2406,218,94,431,22,1215773,21,0.0002,0.675,0.46527,0.09603,-0.43089,0.16093,0.98731,4.25654
C,f_g50c25,2003-2007,95105,70000,1.3586,,0.0889,0.9111,10022,430,85,1,0,0,41243,9132,0.4337,0.3625,-0.09979,0.00462,-0.07294,-0.17913,0.08538,0.22756
C,f_g50c25,2008-2012,91009,70000,1.3001,,0.2963,0.6098,10205,687,144,2,1648,54,2461,39,0.0005,0.9091,-0.01164,0.01868,-0.09202,0.117,0.10581,0.29297
C,f_g50c25,2010-2019,278357,130000,2.1412,,0.1492,0.9454,10407,679,99,11,0,0,132451,4809,0.1056,0.5954,0.09144,-0.00384,-0.23926,0.05799,0.32878,1.04222
C,f_g50c25,2010-2026,833077,210000,3.967,,0.2518,0.9454,10407,1118,134,35,0,0,466034,4809,0.1056,0.5425,0.33685,-0.05612,-0.42712,0.12848,0.55237,2.27306
C,f_g50c25,2013-2019,157947,94000,1.6803,,0.1217,1.0,11000,272,43,2,0,0,118154,10441,0.7443,0.1373,0.05057,-0.01249,-0.19802,0.04826,0.19749,0.60806
C,f_g50c25,2020-2026,158373,90000,1.7597,,0.1732,0.8022,10429,437,70,5,0,0,90796,7378,0.5547,0.3324,0.06924,-0.07016,-0.19234,0.03437,0.12989,0.54393
C,f_g50c50,1998-2002,79297,70000,1.1328,,0.1528,0.9631,10594,293,45,7,0,0,45257,10594,0.5603,0.2562,0.26056,0.42078,,-0.04697,0.22748,0.02132
C,f_g50c50,1998-2019,1012941,274000,3.6969,,0.4137,0.9384,10594,2162,211,62,0,0,359551,10594,0.0978,0.587,0.00656,0.20708,,0.09791,0.71557,2.17977
C,f_g50c50,1998-2026,2383171,354000,6.7321,,0.4137,0.9384,10594,2616,227,102,0,0,1133488,10594,0.0978,0.5843,-0.08894,0.00899,,0.05331,0.84224,4.03004
C,f_g50c50,2000-2019,838514,250000,3.3541,,0.4155,0.8324,10893,1981,201,57,364,21,268872,42,0.0004,0.7213,0.14357,0.1543,-0.2231,0.06577,0.63684,1.96868
C,f_g50c50,2000-2020,970570,262000,3.7045,,0.4155,0.8324,10893,2020,203,65,364,21,356094,42,0.0004,0.7179,0.16952,0.11271,-0.39983,0.19902,0.65404,2.28474
C,f_g50c50,2000-2026,1976073,330000,5.9881,,0.4155,0.8324,10893,2435,218,97,364,21,919507,42,0.0004,0.6899,0.27995,-0.04259,-0.50287,0.01411,0.73597,3.59175
C,f_g50c50,2003-2007,91932,70000,1.3133,,0.0869,0.9131,10044,430,85,1,0,0,38070,9155,0.4141,0.3724,-0.12982,-0.0289,-0.10388,-0.20652,0.04917,0.1866
C,f_g50c50,2008-2012,91012,70000,1.3002,,0.2963,0.6098,10205,687,144,2,1648,54,2463,37,0.0006,0.9099,-0.01162,0.01871,-0.09199,0.11703,0.10584,0.29301
C,f_g50c50,2010-2019,258160,130000,1.9858,,0.1319,0.9467,10421,679,99,11,0,0,112254,4740,0.1042,0.61,0.01224,-0.07612,-0.29445,-0.01878,0.23236,0.89404
C,f_g50c50,2010-2026,704867,210000,3.3565,,0.2272,0.9467,10421,1118,134,35,0,0,337824,4740,0.1042,0.575,0.13111,-0.20138,-0.51528,-0.04519,0.31346,1.76934
C,f_g50c50,2013-2019,139228,94000,1.4811,,0.0878,1.0,11000,272,43,2,0,0,99434,10401,0.7119,0.1493,-0.07394,-0.12953,-0.29307,-0.07598,0.05556,0.41748
C,f_g50c50,2020-2026,144485,90000,1.6054,,0.126,0.8608,11000,437,70,5,0,0,76908,8140,0.5323,0.3486,-0.02453,-0.1517,-0.26317,-0.05633,0.03081,0.40854
C,f_g67c15,1998-2002,70567,70000,1.0081,,0.2446,0.8888,10581,293,45,7,0,0,36527,10581,0.4915,0.2605,0.12178,0.26436,,-0.15189,0.09234,-0.09112
C,f_g67c15,1998-2019,1078410,274000,3.9358,,0.4625,0.8725,10581,2162,211,62,0,0,425020,5383,0.0346,0.6019,0.07162,0.2851,,0.16887,0.82645,2.38528
C,f_g67c15,1998-2026,2976607,354000,8.4085,,0.4625,0.8725,10581,2616,227,102,0,0,1726923,5383,0.0346,0.5789,0.13793,0.26024,,0.3156,1.30097,5.28258
C,f_g67c15,2000-2019,898659,250000,3.5946,,0.4454,0.8048,10663,1944,201,54,448,24,342928,1,0.0,0.7197,0.22559,0.2371,-0.16737,0.14222,0.75425,2.18161
C,f_g67c15,2000-2020,1099981,262000,4.1984,,0.4454,0.8048,10663,1983,203,62,448,24,497574,1,0.0,0.713,0.32546,0.26107,-0.3198,0.35889,0.87458,2.72271
C,f_g67c15,2000-2026,2471977,330000,7.4908,,0.4454,0.8048,10663,2398,218,94,448,24,1426904,1,0.0,0.6671,0.60116,0.19768,-0.37811,0.26861,1.17162,4.74407
C,f_g67c15,2003-2007,96535,70000,1.3791,,0.0918,0.9082,9990,430,85,1,0,0,42673,9100,0.442,0.3581,-0.08625,0.01973,-0.05901,-0.16679,0.1017,0.24601
C,f_g67c15,2008-2012,91259,70000,1.3037,,0.2963,0.6098,10194,688,144,2,1645,54,2577,38,0.0007,0.908,-0.00893,0.02148,-0.08952,0.12006,0.10885,0.29652
C,f_g67c15,2010-2019,292364,130000,2.249,,0.1565,0.9375,10312,679,99,11,0,0,146458,5030,0.1099,0.5858,0.14636,0.04629,-0.20098,0.11122,0.39564,1.14499
C,f_g67c15,2010-2026,927835,210000,4.4183,,0.2521,0.9375,10312,1118,134,35,0,0,560792,5030,0.1099,0.5226,0.48891,0.05124,-0.36196,0.25684,0.72895,2.64535
C,f_g67c15,2013-2019,170553,94000,1.8144,,0.1358,1.0,11000,272,43,2,0,0,130759,10421,0.7617,0.1307,0.13441,0.06632,-0.13402,0.13192,0.29306,0.7364
C,f_g67c15,2020-2026,164647,90000,1.8294,,0.1845,0.791,10283,437,70,5,0,0,97069,7358,0.5515,0.328,0.11159,-0.03333,-0.16035,0.07535,0.17464,0.60509
C,f_g67c25,1998-2002,72794,70000,1.0399,,0.2124,0.9258,10585,293,45,7,0,0,38754,10585,0.5099,0.2591,0.15718,0.30426,,-0.12513,0.12681,-0.06244
C,f_g67c25,1998-2019,1058528,274000,3.8632,,0.4531,0.8844,10585,2162,211,62,0,0,405138,7131,0.0464,0.599,0.05186,0.26141,,0.14732,0.79277,2.32287
C,f_g67c25,1998-2026,2782825,354000,7.8611,,0.4531,0.8844,10585,2616,227,102,0,0,1533141,7131,0.0464,0.5814,0.06384,0.1782,,0.22995,1.15118,4.87357
C,f_g67c25,2000-2019,876610,250000,3.5064,,0.4413,0.805,10736,1944,200,54,448,24,321096,24,0.0002,0.7205,0.19552,0.20675,-0.1878,0.11419,0.71121,2.10355
C,f_g67c25,2000-2020,1056797,262000,4.0336,,0.4413,0.805,10736,1983,202,62,448,24,454553,24,0.0002,0.7146,0.27342,0.21157,-0.34651,0.30554,0.80099,2.57656
C,f_g67c25,2000-2026,2299817,330000,6.9691,,0.4413,0.805,10736,2398,218,93,448,24,1254744,24,0.0002,0.6735,0.48965,0.11427,-0.42142,0.18025,1.02038,4.34402
C,f_g67c25,2003-2007,95239,70000,1.3606,,0.0914,0.9086,9995,430,85,1,0,0,41377,9105,0.4345,0.362,-0.09852,0.00604,-0.07164,-0.17797,0.08691,0.22929
C,f_g67c25,2008-2012,91231,70000,1.3033,,0.2963,0.6097,10194,688,144,2,1645,54,2549,28,0.0004,0.9086,-0.00924,0.02116,-0.08981,0.11971,0.1085,0.29612
C,f_g67c25,2010-2019,282591,130000,2.1738,,0.148,0.9381,10319,679,99,11,0,0,136685,5102,0.1113,0.5912,0.10804,0.01131,-0.22768,0.07408,0.34899,1.07329
C,f_g67c25,2010-2026,855912,210000,4.0758,,0.242,0.9381,10319,1118,134,35,0,0,488868,5102,0.1113,0.5357,0.37349,-0.03025,-0.41141,0.15941,0.59492,2.36277
C,f_g67c25,2013-2019,161262,94000,1.7155,,0.1207,1.0,11000,272,43,2,0,0,121468,10407,0.7489,0.1355,0.07261,0.00823,-0.18119,0.07025,0.22262,0.64181
C,f_g67c25,2020-2026,159713,90000,1.7746,,0.1603,0.8145,10588,437,70,5,0,0,92135,7631,0.554,0.3307,0.07828,-0.06229,-0.18551,0.04312,0.13945,0.55699
C,f_g67c50,1998-2002,78179,70000,1.1168,,0.1592,0.9631,10594,293,45,7,0,0,44138,10594,0.5507,0.257,0.24278,0.40074,,-0.06041,0.21016,0.00691
C,f_g67c50,1998-2019,1018659,274000,3.7177,,0.4129,0.9364,10594,2162,211,62,0,0,365269,10594,0.0948,0.5881,0.01224,0.2139,,0.10411,0.72525,2.19772
C,f_g67c50,1998-2026,2411683,354000,6.8127,,0.4129,0.9364,10594,2616,227,102,0,0,1161999,10594,0.0948,0.5839,-0.07804,0.02106,,0.06591,0.86428,4.09022
C,f_g67c50,2000-2019,841162,250000,3.3646,,0.4165,0.8291,10915,1977,201,57,372,21,273437,3,0.0,0.7223,0.14718,0.15795,-0.22064,0.06914,0.64201,1.97805
C,f_g67c50,2000-2020,979608,262000,3.739,,0.4165,0.8291,10915,2016,203,65,372,21,367154,3,0.0,0.7185,0.18041,0.12307,-0.39424,0.21018,0.66944,2.31533
C,f_g67c50,2000-2026,1995289,330000,6.0463,,0.4165,0.8291,10915,2431,218,97,372,21,940598,3,0.0,0.6892,0.2924,-0.03328,-0.49803,0.02397,0.75285,3.6364
C,f_g67c50,2003-2007,92095,70000,1.3156,,0.0893,0.9107,10018,430,85,1,0,0,38233,9128,0.4151,0.3717,-0.12828,-0.02718,-0.10229,-0.20511,0.05103,0.1887
C,f_g67c50,2008-2012,91140,70000,1.302,,0.2963,0.6095,10194,687,144,2,1646,54,2588,30,0.0009,0.9097,-0.01022,0.02015,-0.09071,0.1186,0.1074,0.29483
C,f_g67c50,2010-2019,260463,130000,2.0036,,0.13,0.9395,10335,679,99,11,0,0,114557,4937,0.1081,0.6073,0.02128,-0.06788,-0.28816,-0.01002,0.24336,0.91094
C,f_g67c50,2010-2026,715397,210000,3.4067,,0.2208,0.9395,10335,1118,134,35,0,0,348354,4937,0.1081,0.5706,0.148,-0.18945,-0.50804,-0.03093,0.33308,1.81071
C,f_g67c50,2013-2019,141029,94000,1.5003,,0.085,1.0,11000,272,43,2,0,0,101235,10373,0.7153,0.1481,-0.06196,-0.11827,-0.28392,-0.06403,0.06922,0.43582
C,f_g67c50,2020-2026,145298,90000,1.6144,,0.1128,0.874,11000,437,70,5,0,0,77721,8317,0.5349,0.3474,-0.01904,-0.14692,-0.25902,-0.05102,0.03661,0.41647
C,g0,1998-2002,73227,70000,1.0461,,0.2145,0.9325,10575,293,45,7,0,0,39186,10575,0.5346,0.2611,0.16406,0.31201,,-0.11993,0.13351,-0.05687
C,g0,1998-2019,1041086,274000,3.7996,,0.474,0.8667,10575,2162,211,62,0,0,387696,4577,0.03,0.6043,0.03453,0.24062,,0.12842,0.76323,2.26812
C,g0,1998-2026,2762336,354000,7.8032,,0.474,0.8667,10575,2616,227,102,0,0,1512652,4577,0.03,0.589,0.05601,0.16952,,0.2209,1.13534,4.83032
C,g0,2000-2019,878300,250000,3.5132,,0.4463,0.8128,10512,1955,201,55,424,22,317501,45,0.0004,0.7171,0.19783,0.20907,-0.18623,0.11634,0.71451,2.10953
C,g0,2000-2020,1024553,262000,3.9105,,0.4463,0.8128,10512,1994,203,63,424,22,417968,45,0.0004,0.7125,0.23457,0.1746,-0.36645,0.26571,0.74604,2.46744
C,g0,2000-2026,2323644,330000,7.0413,,0.4463,0.8128,10512,2409,218,95,424,22,1276811,45,0.0004,0.6732,0.50508,0.12581,-0.41542,0.19248,1.04131,4.39939
C,g0,2003-2007,96418,70000,1.3774,,0.0839,0.8938,10088,430,85,1,0,0,42556,8954,0.4414,0.3573,-0.08736,0.01849,-0.06015,-0.1678,0.10036,0.2445
C,g0,2008-2012,89838,70000,1.2834,,0.2964,0.6083,10236,676,143,2,1666,60,2469,2,0.0001,0.9117,-0.02437,0.00557,-0.10371,0.10261,0.09157,0.27633
C,g0,2010-2019,277599,130000,2.1354,,0.1811,0.9176,10669,679,99,11,0,0,131693,3236,0.0736,0.6049,0.08847,-0.00655,-0.24133,0.05511,0.32516,1.03666
C,g0,2010-2026,845350,210000,4.0255,,0.3171,0.9176,10669,1118,134,35,0,0,478307,3236,0.0736,0.5504,0.35654,-0.04221,-0.41868,0.14511,0.57524,2.32127
C,g0,2013-2019,161099,94000,1.7138,,0.1762,1.0,11000,272,43,2,0,0,121305,10572,0.7494,0.1352,0.07153,0.00721,-0.18202,0.06917,0.22138,0.64015
C,g0,2020-2026,159678,90000,1.7742,,0.2847,0.688,8944,437,70,5,0,0,92100,5893,0.5454,0.3387,0.07804,-0.0625,-0.18569,0.04289,0.13919,0.55665
C,g0c25,1998-2002,77210,70000,1.103,,0.1782,0.9665,10684,293,45,7,0,0,43170,10684,0.5577,0.2592,0.22739,0.38339,,-0.07205,0.19517,-0.00556
C,g0c25,1998-2019,1015827,274000,3.7074,,0.4381,0.911,10684,2162,211,62,0,0,362436,10684,0.0702,0.5961,0.00943,0.21052,,0.10104,0.72045,2.18882
C,g0c25,1998-2026,2500036,354000,7.0622,,0.4381,0.911,10684,2616,227,102,0,0,1250353,10684,0.0702,0.5894,-0.04426,0.05847,,0.10496,0.93258,4.2767
C,g0c25,2000-2019,855046,250000,3.4202,,0.4223,0.8351,10626,1985,201,57,340,22,283521,1,0.0,0.7199,0.16611,0.17706,-0.20778,0.08679,0.66911,2.0272
C,g0c25,2000-2020,984125,262000,3.7562,,0.4223,0.8351,10626,2024,203,65,340,22,367636,1,0.0,0.7164,0.18585,0.12825,-0.39145,0.21576,0.67714,2.33061
C,g0c25,2000-2026,2097527,330000,6.3561,,0.4223,0.8351,10626,2439,218,97,340,22,1038274,1,0.0,0.685,0.35862,0.01626,-0.47231,0.07644,0.84267,3.87397
C,g0c25,2003-2007,93688,70000,1.3384,,0.0727,0.9198,10312,430,85,1,0,0,39826,9201,0.4251,0.366,-0.1132,-0.01034,-0.08676,-0.19136,0.06921,0.20927
C,g0c25,2008-2012,90149,70000,1.2878,,0.2947,0.6115,10351,678,143,2,1664,58,2516,39,0.001,0.9118,-0.02098,0.00906,-0.1006,0.10644,0.09536,0.28075
C,g0c25,2010-2019,262280,130000,2.0175,,0.1593,0.9369,10755,679,99,11,0,0,116374,3278,0.0745,0.6158,0.0284,-0.06137,-0.28319,-0.00312,0.25203,0.92427
C,g0c25,2010-2026,744101,210000,3.5433,,0.2825,0.9369,10755,1118,134,35,0,0,377058,3278,0.0745,0.5734,0.19407,-0.15693,-0.4883,0.00796,0.38657,1.92348
C,g0c25,2013-2019,146110,94000,1.5544,,0.1372,1.0,11000,272,43,2,0,0,106316,10522,0.725,0.1443,-0.02817,-0.0865,-0.25813,-0.03031,0.10774,0.48754
C,g0c25,2020-2026,149343,90000,1.6594,,0.2242,0.7511,9765,437,70,5,0,0,81765,6714,0.536,0.3478,0.00827,-0.12318,-0.2384,-0.02461,0.06546,0.45589
C,g0c50,1998-2002,81183,70000,1.1598,,0.1419,0.9811,10792,293,45,7,0,0,47143,10792,0.5784,0.2583,0.29054,0.45457,,-0.0243,0.25667,0.04561
C,g0c50,1998-2019,981365,274000,3.5816,,0.399,0.9577,10792,2162,211,62,0,0,327975,10792,0.1015,0.5929,-0.02481,0.16945,,0.06369,0.66209,2.08064
C,g0c50,1998-2026,2257497,354000,6.3771,,0.399,0.9577,10792,2616,227,102,0,0,1007813,10792,0.1015,0.5952,-0.13698,-0.04422,,-0.00223,0.74509,3.76479
C,g0c50,2000-2019,836016,250000,3.3441,,0.396,0.8586,10739,2013,204,58,230,18,253472,3,0.0,0.7227,0.14016,0.15087,-0.22541,0.0626,0.63197,1.95983
C,g0c50,2000-2020,949643,262000,3.6246,,0.396,0.8586,10739,2052,206,66,230,18,323014,3,0.0,0.7203,0.1443,0.08872,-0.41277,0.17317,0.61837,2.21392
C,g0c50,2000-2026,1922262,330000,5.825,,0.396,0.8586,10739,2467,220,98,230,18,847601,3,0.0,0.6965,0.2451,-0.06866,-0.5164,-0.01351,0.6887,3.46671
C,g0c50,2003-2007,90998,70000,1.3,,0.0622,0.9464,10539,430,85,1,0,0,37136,9445,0.4081,0.3749,-0.13867,-0.03876,-0.11298,-0.21458,0.03851,0.17454
C,g0c50,2008-2012,90320,70000,1.2903,,0.2961,0.6143,10466,681,143,2,1657,56,2430,10,0.0001,0.9129,-0.01913,0.01097,-0.09889,0.10854,0.09744,0.28318
C,g0c50,2010-2019,248371,130000,1.9105,,0.1393,0.9559,10841,679,99,11,0,0,102465,3235,0.0735,0.6273,-0.02614,-0.11115,-0.32121,-0.05599,0.18563,0.82222
C,g0c50,2010-2026,662839,210000,3.1564,,0.2505,0.9559,10841,1118,134,35,0,0,295796,3235,0.0735,0.5975,0.06366,-0.249,-0.54418,-0.10212,0.23515,1.60421
C,g0c50,2013-2019,132745,94000,1.4122,,0.0986,1.0,11000,272,43,2,0,0,92951,10448,0.6986,0.1541,-0.11706,-0.17006,-0.32598,-0.119,0.00641,0.35148
C,g0c50,2020-2026,139597,90000,1.5511,,0.1636,0.8187,10643,437,70,5,0,0,72019,7592,0.5159,0.3585,-0.05753,-0.1804,-0.2881,-0.08826,-0.00407,0.36089
C,g100,1998-2002,62396,70000,0.8914,,0.4589,0.7611,10575,293,45,7,0,0,28356,10575,0.4085,0.2739,-0.00811,0.11796,,-0.2501,-0.03415,-0.19636
C,g100,1998-2019,1098812,274000,4.0103,,0.4704,0.7611,10575,2141,210,62,36,9,453947,2,0.0,0.622,0.09189,0.30941,,0.19099,0.861,2.44933
C,g100,1998-2026,3339453,354000,9.4335,,0.4704,0.7611,10575,2595,226,102,36,9,2100826,2,0.0,0.5857,0.27664,0.41386,,0.47597,1.58146,6.04842
C,g100,2000-2019,944449,250000,3.7778,,0.4506,0.7745,10522,1916,200,54,530,30,397400,38,0.0004,0.7243,0.28804,0.30013,-0.12494,0.20042,0.84364,2.34373
C,g100,2000-2020,1221694,262000,4.663,,0.4506,0.7745,10522,1955,202,62,530,30,628327,38,0.0004,0.7149,0.47212,0.40061,-0.24454,0.50925,1.082,3.13463
C,g100,2000-2026,2866462,330000,8.6862,,0.4506,0.7745,10522,2370,218,93,530,30,1832318,38,0.0004,0.6572,0.85668,0.38881,-0.27886,0.47105,1.51818,5.66072
C,g100,2003-2007,97946,70000,1.3992,,0.0973,0.8947,9930,430,85,1,0,0,44083,9040,0.4501,0.3524,-0.0729,0.03463,-0.04526,-0.15461,0.1178,0.26422
C,g100,2008-2012,91595,70000,1.3085,,0.2961,0.6106,10169,687,144,2,1640,52,2999,55,0.001,0.906,-0.00528,0.02524,-0.08617,0.12418,0.11292,0.30129
C,g100,2010-2019,318631,130000,2.451,,0.1692,0.921,10131,679,99,11,0,0,172725,5510,0.1191,0.5693,0.24935,0.14029,-0.12919,0.21106,0.52103,1.3377
C,g100,2010-2026,1109800,210000,5.2848,,0.2962,0.921,10131,1118,134,35,0,0,742757,5510,0.1191,0.4911,0.78091,0.25741,-0.23682,0.50333,1.06802,3.36027
C,g100,2013-2019,193735,94000,2.061,,0.176,0.9959,10955,272,43,2,0,0,153941,10359,0.7873,0.1206,0.2886,0.21126,-0.01631,0.28577,0.46881,0.97242
C,g100,2020-2026,172767,90000,1.9196,,0.2136,0.7755,10081,437,70,5,0,0,105189,7479,0.5363,0.323,0.16641,0.01435,-0.11894,0.12838,0.23257,0.68425
C,g25,1998-2002,71998,70000,1.0285,,0.231,0.9114,10575,293,45,7,0,0,37958,10575,0.5158,0.2586,0.14453,0.29,,-0.13469,0.11449,-0.07269
C,g25,1998-2019,1087199,274000,3.9679,,0.4693,0.8806,10575,2162,211,62,0,0,433809,6589,0.0439,0.5954,0.08035,0.29557,,0.1784,0.84133,2.41287
C,g25,1998-2026,3046389,354000,8.6056,,0.4693,0.8806,10575,2616,227,102,0,0,1796705,6589,0.0439,0.5733,0.1646,0.28979,,0.34644,1.35492,5.42986
C,g25,2000-2019,905200,250000,3.6208,,0.4457,0.8156,10592,1959,201,56,408,22,343484,40,0.0004,0.7164,0.23451,0.2461,-0.16131,0.15053,0.76702,2.20477
C,g25,2000-2020,1085496,262000,4.1431,,0.4457,0.8156,10592,1998,203,64,408,22,477975,40,0.0004,0.7105,0.308,0.24447,-0.32876,0.341,0.8499,2.67369
C,g25,2000-2026,2525191,330000,7.6521,,0.4457,0.8156,10592,2413,218,96,408,22,1476006,40,0.0004,0.6651,0.63563,0.22346,-0.36472,0.29591,1.21837,4.86772
C,g25,2003-2007,97514,70000,1.3931,,0.0859,0.9115,10055,430,85,1,0,0,43652,9118,0.4476,0.3545,-0.07699,0.03007,-0.04946,-0.15834,0.11287,0.25865
C,g25,2008-2012,90383,70000,1.2912,,0.2964,0.609,10221,681,143,2,1657,56,2474,20,0.0006,0.9107,-0.01844,0.01168,-0.09826,0.10931,0.0982,0.28408
C,g25,2010-2019,290036,130000,2.231,,0.1746,0.9315,10533,679,99,11,0,0,144130,4023,0.0899,0.5924,0.13723,0.03796,-0.20734,0.10238,0.38453,1.12791
C,g25,2010-2026,931286,210000,4.4347,,0.3003,0.9315,10533,1118,134,35,0,0,564243,4023,0.0899,0.5291,0.49444,0.05515,-0.35958,0.26152,0.73538,2.65891
C,g25,2013-2019,170890,94000,1.818,,0.1655,1.0,11000,272,43,2,0,0,131096,10519,0.7629,0.1302,0.13665,0.06843,-0.1323,0.13415,0.29561,0.73983
C,g25,2020-2026,165874,90000,1.843,,0.2534,0.7195,9354,437,70,5,0,0,98296,6303,0.5542,0.3304,0.11987,-0.02612,-0.15409,0.08336,0.1834,0.61705
C,g25c50,1998-2002,79137,70000,1.1305,,0.1538,0.9811,10792,293,45,7,0,0,45097,10792,0.5595,0.2567,0.25802,0.41791,,-0.04889,0.225,0.01926
C,g25c50,1998-2019,1007381,274000,3.6766,,0.3917,0.9667,10792,2162,211,62,0,0,353991,10792,0.1069,0.5892,0.00104,0.20046,,0.09189,0.70615,2.16231
C,g25c50,1998-2026,2378429,354000,6.7187,,0.3917,0.9667,10792,2616,227,102,0,0,1128745,10792,0.1069,0.5866,-0.09075,0.00698,,0.05122,0.83857,4.02003
C,g25c50,2000-2019,849944,250000,3.3998,,0.3964,0.856,10792,2009,203,58,246,18,268600,70,0.0005,0.7239,0.15915,0.17004,-0.21251,0.0803,0.65916,2.00914
C,g25c50,2000-2020,983730,262000,3.7547,,0.3964,0.856,10792,2048,205,66,246,18,358386,70,0.0005,0.7205,0.18538,0.1278,-0.39169,0.21528,0.67647,2.32928
C,g25c50,2000-2026,2004560,330000,6.0744,,0.3964,0.856,10792,2463,219,98,246,18,931021,70,0.0005,0.6923,0.29841,-0.02878,-0.4957,0.02873,0.761,3.65794
C,g25c50,2003-2007,91681,70000,1.3097,,0.0561,0.9545,10500,430,85,1,0,0,37819,9603,0.4125,0.3728,-0.1322,-0.03154,-0.10632,-0.20868,0.04631,0.18336
C,g25c50,2008-2012,90772,70000,1.2967,,0.2959,0.6153,10449,685,143,2,1648,54,2445,34,0.0004,0.911,-0.01422,0.01603,-0.09438,0.11408,0.10293,0.2896
C,g25c50,2010-2019,255806,130000,1.9677,,0.1326,0.969,10703,679,99,11,0,0,109900,3815,0.0856,0.6183,0.00301,-0.08454,-0.30089,-0.02773,0.22112,0.87677
C,g25c50,2010-2026,699010,210000,3.3286,,0.2305,0.969,10703,1118,134,35,0,0,331966,3815,0.0856,0.582,0.12171,-0.20802,-0.51931,-0.05312,0.30255,1.74632
C,g25c50,2013-2019,138878,94000,1.4774,,0.0882,1.0,11000,272,43,2,0,0,99085,10389,0.7112,0.1496,-0.07627,-0.13171,-0.29484,-0.0783,0.05291,0.41392
C,g25c50,2020-2026,142985,90000,1.5887,,0.1251,0.8559,11000,437,70,5,0,0,75407,8075,0.5274,0.3529,-0.03466,-0.16051,-0.27082,-0.06613,0.0201,0.39392
C,g50,1998-2002,69596,70000,0.9942,,0.248,0.8761,10575,293,45,7,0,0,35556,10575,0.4878,0.2599,0.10634,0.24696,,-0.16356,0.07731,-0.10363
C,g50,1998-2019,1115137,274000,4.0698,,0.4664,0.8761,10575,2162,211,62,0,0,461747,6260,0.041,0.5962,0.10812,0.32886,,0.20868,0.88865,2.50058
C,g50,1998-2026,3263781,354000,9.2197,,0.4664,0.8761,10575,2616,227,102,0,0,2014097,6260,0.041,0.5683,0.24771,0.38183,,0.44252,1.52297,5.8887
C,g50,2000-2019,926083,250000,3.7043,,0.4462,0.8112,10572,1953,201,54,428,22,365714,30,0.0003,0.7176,0.26299,0.27485,-0.14196,0.17708,0.80778,2.2787
C,g50,2000-2020,1141163,262000,4.3556,,0.4462,0.8112,10572,1992,203,62,428,22,535012,30,0.0003,0.7105,0.37508,0.30829,-0.29434,0.40976,0.94476,2.86208
C,g50,2000-2026,2696236,330000,8.1704,,0.4462,0.8112,10572,2407,218,94,428,22,1649840,30,0.0003,0.6599,0.74642,0.30634,-0.32169,0.38369,1.36863,5.26517
C,g50,2003-2007,98143,70000,1.402,,0.0893,0.9107,10017,430,85,1,0,0,44281,9128,0.4512,0.3527,-0.07103,0.03672,-0.04333,-0.1529,0.12006,0.26677
C,g50,2008-2012,90903,70000,1.2986,,0.2963,0.6097,10205,686,144,2,1649,54,2449,30,0.0004,0.9088,-0.01279,0.0175,-0.09307,0.11569,0.10452,0.29147
C,g50,2010-2019,301385,130000,2.3183,,0.1706,0.9437,10398,679,99,11,0,0,155479,4679,0.103,0.5822,0.18173,0.07857,-0.17632,0.14551,0.4387,1.21117
C,g50,2010-2026,1009785,210000,4.8085,,0.2819,0.9437,10398,1118,134,35,0,0,642742,4679,0.103,0.512,0.62041,0.14409,-0.3056,0.36785,0.88165,2.96732
C,g50,2013-2019,179793,94000,1.9127,,0.1597,1.0,11000,272,43,2,0,0,139999,10465,0.7734,0.1262,0.19587,0.12409,-0.0871,0.19324,0.36311,0.83047
C,g50,2020-2026,170304,90000,1.8923,,0.2251,0.7515,9769,437,70,5,0,0,102726,6718,0.5544,0.3251,0.14978,-0.00011,-0.1315,0.11229,0.215,0.66024
C,g50c25,1998-2002,72721,70000,1.0389,,0.2138,0.9255,10684,293,45,7,0,0,38680,10684,0.5096,0.259,0.15602,0.30295,,-0.12601,0.12568,-0.06338
C,g50c25,1998-2019,1071034,274000,3.9089,,0.4306,0.916,10684,2162,211,62,0,0,417643,10684,0.0725,0.593,0.06429,0.27631,,0.16088,0.81395,2.36213
C,g50c25,1998-2026,2824949,354000,7.9801,,0.4306,0.916,10684,2616,227,102,0,0,1575265,10684,0.0725,0.5752,0.07995,0.19603,,0.24857,1.18374,4.96248
C,g50c25,2000-2019,887547,250000,3.5502,,0.4234,0.8279,10675,1975,201,57,378,21,320174,51,0.0004,0.7221,0.21044,0.2218,-0.17767,0.1281,0.73256,2.14227
C,g50c25,2000-2020,1069026,262000,4.0803,,0.4234,0.8279,10675,2014,203,65,378,21,456585,51,0.0004,0.7163,0.28816,0.22559,-0.33894,0.32065,0.82183,2.61795
C,g50c25,2000-2026,2330491,330000,7.0621,,0.4234,0.8279,10675,2429,218,97,378,21,1275824,51,0.0004,0.6752,0.50952,0.12913,-0.4137,0.196,1.04733,4.4153
C,g50c25,2003-2007,95006,70000,1.3572,,0.0695,0.9305,10236,430,85,1,0,0,41144,9346,0.4331,0.3621,-0.10073,0.00357,-0.07391,-0.17998,0.08425,0.22628
C,g50c25,2008-2012,91086,70000,1.3012,,0.296,0.6118,10318,687,144,2,1645,53,2471,10,0.0005,0.9102,-0.01081,0.01954,-0.09125,0.11793,0.10674,0.29406
C,g50c25,2010-2019,280520,130000,2.1578,,0.1482,0.9529,10482,679,99,11,0,0,134614,4509,0.0996,0.5965,0.09992,0.0039,-0.23334,0.06621,0.3391,1.05809
C,g50c25,2010-2026,849194,210000,4.0438,,0.244,0.9529,10482,1118,134,35,0,0,482150,4509,0.0996,0.5405,0.36271,-0.03786,-0.41603,0.15031,0.5824,2.33637
C,g50c25,2013-2019,160833,94000,1.711,,0.1207,1.0,11000,272,43,2,0,0,121039,10404,0.7482,0.1357,0.06976,0.00555,-0.18337,0.06741,0.21936,0.63744
C,g50c25,2020-2026,157054,90000,1.745,,0.1561,0.8156,10603,437,70,5,0,0,89477,7611,0.5461,0.3368,0.06033,-0.0779,-0.19907,0.02576,0.12048,0.53107
C,g50c50,1998-2002,75753,70000,1.0822,,0.1764,0.9752,10792,293,45,7,0,0,41713,10792,0.5294,0.259,0.20423,0.35729,,-0.08956,0.17262,-0.02432
C,g50c50,1998-2019,1019653,274000,3.7214,,0.392,0.9526,10792,2162,211,62,0,0,366263,10792,0.0947,0.5947,0.01323,0.21508,,0.10519,0.72693,2.20084
C,g50c50,1998-2026,2453354,354000,6.9304,,0.392,0.9526,10792,2616,227,102,0,0,1203670,10792,0.0947,0.5876,-0.06211,0.03871,,0.08433,0.89649,4.17817
C,g50c50,2000-2019,855258,250000,3.421,,0.3998,0.8438,10776,1994,202,58,304,19,280482,39,0.0003,0.7271,0.1664,0.17735,-0.20758,0.08705,0.66953,2.02795
C,g50c50,2000-2020,1007642,262000,3.846,,0.3998,0.8438,10776,2033,204,66,304,19,388066,39,0.0003,0.7227,0.21419,0.15521,-0.3769,0.24482,0.71722,2.4102
C,g50c50,2000-2026,2051094,330000,6.2154,,0.3998,0.8438,10776,2448,219,98,304,19,985572,39,0.0003,0.6909,0.32855,-0.00624,-0.48399,0.05261,0.80188,3.76607
C,g50c50,2003-2007,91955,70000,1.3136,,0.0502,0.9478,10456,430,85,1,0,0,38093,9567,0.4143,0.3718,-0.1296,-0.02865,-0.10365,-0.20632,0.04943,0.1869
C,g50c50,2008-2012,91127,70000,1.3018,,0.2956,0.6161,10430,688,144,2,1644,53,2476,54,0.0009,0.9095,-0.01036,0.02001,-0.09084,0.11845,0.10725,0.29465
C,g50c50,2010-2019,262217,130000,2.0171,,0.1278,0.9605,10566,679,99,11,0,0,116311,4261,0.0947,0.6112,0.02815,-0.0616,-0.28337,-0.00336,0.25173,0.92381
C,g50c50,2010-2026,727824,210000,3.4658,,0.2104,0.9605,10566,1118,134,35,0,0,360781,4261,0.0947,0.5701,0.16795,-0.17537,-0.4995,-0.01409,0.35624,1.85953
C,g50c50,2013-2019,144223,94000,1.5343,,0.0846,0.9978,10976,272,43,2,0,0,104429,10331,0.7208,0.1459,-0.04072,-0.0983,-0.26771,-0.04283,0.09343,0.46833
C,g50c50,2020-2026,144940,90000,1.6104,,0.1047,0.8756,11000,437,70,5,0,0,77362,8519,0.5311,0.3501,-0.02146,-0.14903,-0.26085,-0.05336,0.03405,0.41297
C,g67,1998-2002,67467,70000,0.9638,,0.3158,0.8396,10575,293,45,7,0,0,33427,10575,0.4646,0.263,0.0725,0.20882,,-0.18915,0.04435,-0.13105
C,g67,1998-2019,1119836,274000,4.087,,0.4661,0.8396,10575,2162,211,62,0,0,466446,4598,0.0295,0.6026,0.11278,0.33446,,0.21377,0.89661,2.51533
C,g67,1998-2026,3343047,354000,9.4436,,0.4661,0.8396,10575,2616,227,102,0,0,2093363,4598,0.0295,0.5714,0.27801,0.41539,,0.47756,1.58424,6.056
C,g67,2000-2019,933769,250000,3.7351,,0.4473,0.8048,10557,1944,200,54,448,24,378255,5,0.0,0.7192,0.27347,0.28543,-0.13484,0.18684,0.82279,2.30591
C,g67,2000-2020,1171092,262000,4.4698,,0.4473,0.8048,10557,1983,202,62,448,24,568847,5,0.0,0.7113,0.41114,0.3426,-0.27583,0.44674,0.99577,2.96337
C,g67,2000-2026,2775136,330000,8.4095,,0.4473,0.8048,10557,2398,218,93,448,24,1730063,5,0.0,0.658,0.79753,0.34456,-0.30184,0.42419,1.43795,5.44851
C,g67,2003-2007,98294,70000,1.4042,,0.0918,0.9082,9990,430,85,1,0,0,44432,9100,0.452,0.3521,-0.0696,0.03831,-0.04186,-0.1516,0.12178,0.26872
C,g67,2008-2012,91169,70000,1.3024,,0.2963,0.6101,10194,687,144,2,1645,54,2617,5,0.0001,0.9076,-0.00991,0.02047,-0.09042,0.11896,0.10775,0.29525
C,g67,2010-2019,308068,130000,2.3698,,0.1696,0.9372,10309,679,99,11,0,0,162162,5032,0.1099,0.5768,0.20793,0.10249,-0.15806,0.17091,0.4706,1.2602
C,g67,2010-2026,1053567,210000,5.017,,0.2702,0.9372,10309,1118,134,35,0,0,686523,5032,0.1099,0.5031,0.69067,0.1937,-0.27549,0.42716,0.96324,3.13933
C,g67,2013-2019,185082,94000,1.969,,0.1585,1.0,11000,272,43,2,0,0,145288,10430,0.7791,0.124,0.23105,0.15716,-0.06024,0.22834,0.40321,0.88432
C,g67,2020-2026,172118,90000,1.9124,,0.2163,0.7642,9935,437,70,5,0,0,104540,6997,0.55,0.3231,0.16203,0.01054,-0.12225,0.12414,0.22794,0.67792
C,g67c25,1998-2002,70251,70000,1.0036,,0.2612,0.8824,10684,293,45,7,0,0,36211,10684,0.4856,0.2623,0.11676,0.2587,,-0.15569,0.08745,-0.09519
C,g67c25,1998-2019,1072657,274000,3.9148,,0.432,0.8824,10684,2162,211,62,0,0,419267,9316,0.0574,0.6005,0.0659,0.27824,,0.16264,0.8167,2.36722
C,g67c25,1998-2026,2865388,354000,8.0943,,0.432,0.8824,10684,2616,227,102,0,0,1615704,9316,0.0574,0.5798,0.09541,0.21315,,0.26644,1.215,5.04783
C,g67c25,2000-2019,890963,250000,3.5639,,0.4256,0.8187,10661,1963,201,56,403,21,328847,46,0.0004,0.7245,0.2151,0.22651,-0.1745,0.13244,0.73923,2.15437
C,g67c25,2000-2020,1088774,262000,4.1556,,0.4256,0.8187,10661,2002,203,64,403,21,480810,46,0.0004,0.718,0.31195,0.24823,-0.32673,0.34504,0.85548,2.68478
C,g67c25,2000-2026,2370806,330000,7.1843,,0.4256,0.8187,10661,2417,218,96,403,21,1321594,46,0.0004,0.6745,0.53563,0.14866,-0.40356,0.21669,1.08274,4.50898
C,g67c25,2003-2007,95049,70000,1.3578,,0.0721,0.9247,10207,430,85,1,0,0,41187,9317,0.4333,0.3617,-0.10032,0.00403,-0.07349,-0.17961,0.08474,0.22683
C,g67c25,2008-2012,91280,70000,1.304,,0.2959,0.6122,10305,689,144,2,1643,52,2480,18,0.0009,0.9094,-0.0087,0.02171,-0.08932,0.12032,0.1091,0.29682
C,g67c25,2010-2019,285429,130000,2.1956,,0.1472,0.9447,10392,679,99,11,0,0,139523,4790,0.1052,0.5921,0.11917,0.02147,-0.21993,0.08487,0.36254,1.09411
C,g67c25,2010-2026,874256,210000,4.1631,,0.237,0.9447,10392,1118,134,35,0,0,507213,4790,0.1052,0.5331,0.40293,-0.00946,-0.3988,0.18426,0.62911,2.43484
C,g67c25,2013-2019,164867,94000,1.7539,,0.1235,0.9985,10983,272,43,2,0,0,125073,10365,0.7535,0.1336,0.09659,0.03078,-0.16288,0.09418,0.24995,0.67851
C,g67c25,2020-2026,158084,90000,1.7565,,0.1507,0.8218,10683,437,70,5,0,0,90506,7913,0.5429,0.3357,0.06728,-0.07186,-0.19382,0.03248,0.12782,0.54111
C,s_g0c50,1998-2002,81048,70000,1.1578,,0.1424,0.9811,10792,293,45,7,0,0,47008,10792,0.5779,0.2584,0.2884,0.45216,,-0.02592,0.25458,0.04387
C,s_g0c50,1998-2019,981678,274000,3.5828,,0.4183,0.9283,10792,2162,211,62,0,0,328287,10792,0.0909,0.5929,-0.0245,0.16983,,0.06403,0.66262,2.08163
C,s_g0c50,1998-2026,2244396,354000,6.3401,,0.4183,0.9283,10792,2616,227,102,0,0,994712,10792,0.0909,0.5957,-0.14199,-0.04976,,-0.00802,0.73496,3.73714
C,s_g0c50,2000-2019,824445,250000,3.2978,,0.4118,0.8378,10737,1986,201,57,323,20,252977,51,0.0005,0.7203,0.12438,0.13494,-0.23613,0.04789,0.60938,1.91886
C,s_g0c50,2000-2020,935295,262000,3.5698,,0.4118,0.8378,10737,2025,203,65,323,20,318949,51,0.0005,0.718,0.12701,0.07227,-0.42164,0.15544,0.59392,2.16536
C,s_g0c50,2000-2026,1885539,330000,5.7138,,0.4118,0.8378,10737,2440,218,97,323,20,826525,51,0.0005,0.6949,0.22131,-0.08645,-0.52564,-0.03235,0.65644,3.38138
C,s_g0c50,2003-2007,91266,70000,1.3038,,0.0632,0.9467,10543,430,85,1,0,0,37403,9452,0.4098,0.374,-0.13613,-0.03594,-0.11037,-0.21227,0.04156,0.178
C,s_g0c50,2008-2012,90812,70000,1.2973,,0.2961,0.6121,10407,684,143,2,1649,54,2521,18,0.0007,0.9107,-0.01378,0.01648,-0.09398,0.11457,0.10341,0.29017
C,s_g0c50,2010-2019,250038,130000,1.9234,,0.1385,0.9535,10842,679,99,11,0,0,104132,4080,0.091,0.6198,-0.0196,-0.10518,-0.31665,-0.04965,0.19359,0.83446
C,s_g0c50,2010-2026,664278,210000,3.1632,,0.2456,0.9535,10842,1118,134,35,0,0,297235,4080,0.091,0.592,0.06597,-0.24737,-0.5432,-0.10017,0.23783,1.60987
C,s_g0c50,2013-2019,132712,94000,1.4118,,0.0978,1.0,11000,272,43,2,0,0,92919,10450,0.6985,0.1542,-0.11728,-0.17026,-0.32615,-0.11922,0.00617,0.35115
C,s_g0c50,2020-2026,140244,90000,1.5583,,0.1658,0.8169,10620,437,70,5,0,0,72666,7569,0.5181,0.3565,-0.05316,-0.1766,-0.2848,-0.08404,0.00055,0.36719
C,s_g50c50,1998-2002,79200,70000,1.1314,,0.1527,0.9811,10792,293,45,7,0,0,45160,10792,0.5598,0.2568,0.25902,0.41905,,-0.04813,0.22598,0.02007
C,s_g50c50,1998-2019,1012479,274000,3.6952,,0.4138,0.9376,10792,2162,211,62,0,0,359089,10792,0.0971,0.5874,0.0061,0.20653,,0.09741,0.71478,2.17832
C,s_g50c50,1998-2026,2382257,354000,6.7295,,0.4138,0.9376,10792,2616,227,102,0,0,1132573,10792,0.0971,0.5847,-0.08929,0.0086,,0.05291,0.84153,4.02811
C,s_g50c50,2000-2019,838130,250000,3.3525,,0.4156,0.8318,10794,1980,201,57,365,21,268936,60,0.0005,0.7216,0.14304,0.15378,-0.22345,0.06528,0.63609,1.96731
C,s_g50c50,2000-2020,970282,262000,3.7034,,0.4156,0.8318,10794,2019,203,65,365,21,356168,60,0.0005,0.7182,0.16917,0.11238,-0.40001,0.19866,0.65355,2.28376
C,s_g50c50,2000-2026,1975598,330000,5.9867,,0.4156,0.8318,10794,2434,218,97,365,21,919633,60,0.0005,0.6901,0.27965,-0.04282,-0.50299,0.01387,0.73556,3.59065
C,s_g50c50,2003-2007,91967,70000,1.3138,,0.0562,0.9544,10498,430,85,1,0,0,38105,9600,0.4143,0.372,-0.12949,-0.02852,-0.10353,-0.20621,0.04957,0.18705
C,s_g50c50,2008-2012,91247,70000,1.3035,,0.2945,0.6126,10335,688,143,2,1648,52,2514,4,0.0002,0.9086,-0.00906,0.02134,-0.08964,0.11991,0.1087,0.29635
C,s_g50c50,2010-2019,258122,130000,1.9856,,0.1319,0.9678,10702,679,99,11,0,0,112216,4721,0.1038,0.6102,0.0121,-0.07625,-0.29456,-0.01892,0.23218,0.89377
C,s_g50c50,2010-2026,704793,210000,3.3562,,0.2272,0.9678,10702,1118,134,35,0,0,337750,4721,0.1038,0.5751,0.13099,-0.20147,-0.51533,-0.04529,0.31332,1.76904
C,s_g50c50,2013-2019,139210,94000,1.481,,0.0878,1.0,11000,272,43,2,0,0,99416,10391,0.7119,0.1494,-0.07406,-0.12964,-0.29316,-0.0761,0.05543,0.4173
C,s_g50c50,2020-2026,144312,90000,1.6035,,0.1262,0.8548,11000,437,70,5,0,0,76734,8062,0.5317,0.3494,-0.0257,-0.15272,-0.26406,-0.05747,0.02957,0.40685
C,s_g67c25,1998-2002,72752,70000,1.0393,,0.2124,0.9252,10684,293,45,7,0,0,38711,10684,0.5096,0.2594,0.15651,0.3035,,-0.12564,0.12615,-0.06299
C,s_g67c25,1998-2019,1058264,274000,3.8623,,0.4531,0.884,10684,2162,211,62,0,0,404873,7085,0.0461,0.5992,0.0516,0.26109,,0.14704,0.79233,2.32204
C,s_g67c25,1998-2026,2782134,354000,7.8591,,0.4531,0.884,10684,2616,227,102,0,0,1532451,7085,0.0461,0.5816,0.06358,0.17791,,0.22965,1.15064,4.87211
C,s_g67c25,2000-2019,876851,250000,3.5074,,0.4412,0.8048,10678,1944,200,54,445,25,320973,0,0.0,0.7208,0.19585,0.20708,-0.18758,0.1145,0.71168,2.1044
C,s_g67c25,2000-2020,1057020,262000,4.0344,,0.4412,0.8048,10678,1983,202,62,445,25,454395,0,0.0,0.7149,0.27369,0.21182,-0.34637,0.30582,0.80137,2.57732
C,s_g67c25,2000-2026,2299909,330000,6.9694,,0.4412,0.8048,10678,2398,217,94,445,25,1254278,0,0.0,0.6739,0.48971,0.11431,-0.4214,0.1803,1.02046,4.34424
C,s_g67c25,2003-2007,95381,70000,1.3626,,0.0702,0.9298,10228,430,85,1,0,0,41518,9338,0.4353,0.361,-0.09718,0.00753,-0.07026,-0.17675,0.08853,0.23111
C,s_g67c25,2008-2012,91249,70000,1.3036,,0.2963,0.61,10207,688,144,2,1645,54,2568,42,0.0006,0.9083,-0.00904,0.02137,-0.08962,0.11994,0.10872,0.29638
C,s_g67c25,2010-2019,282739,130000,2.1749,,0.148,0.9527,10480,679,99,11,0,0,136833,5159,0.1124,0.5907,0.10862,0.01184,-0.22728,0.07464,0.3497,1.07438
C,s_g67c25,2010-2026,856303,210000,4.0776,,0.2419,0.9527,10480,1118,134,35,0,0,489259,5159,0.1124,0.5353,0.37412,-0.0298,-0.41115,0.15994,0.59565,2.36431
C,s_g67c25,2013-2019,161259,94000,1.7155,,0.1207,1.0,11000,272,43,2,0,0,121466,10406,0.7489,0.1355,0.0726,0.00822,-0.1812,0.07024,0.2226,0.64178
C,s_g67c25,2020-2026,159580,90000,1.7731,,0.1603,0.8115,10549,437,70,5,0,0,92003,7591,0.5535,0.3312,0.07739,-0.06307,-0.18619,0.04226,0.1385,0.5557
C,s_g67c50,1998-2002,78084,70000,1.1155,,0.1591,0.9811,10792,293,45,7,0,0,44044,10792,0.5502,0.2576,0.24128,0.39905,,-0.06155,0.2087,0.0057
C,s_g67c50,1998-2019,1018147,274000,3.7159,,0.413,0.9357,10792,2162,211,62,0,0,364757,10792,0.0942,0.5886,0.01174,0.21329,,0.10355,0.72438,2.19611
C,s_g67c50,1998-2026,2410649,354000,6.8097,,0.413,0.9357,10792,2616,227,102,0,0,1160965,10792,0.0942,0.5843,-0.07843,0.02062,,0.06546,0.86348,4.08804
C,s_g67c50,2000-2019,840805,250000,3.3632,,0.4166,0.8283,10790,1976,201,57,377,21,273433,1,0.0,0.7228,0.14669,0.15746,-0.22097,0.06869,0.64132,1.97679
C,s_g67c50,2000-2020,979196,262000,3.7374,,0.4166,0.8283,10790,2015,203,65,377,21,366755,1,0.0,0.719,0.17991,0.1226,-0.39449,0.20967,0.66874,2.31393
C,s_g67c50,2000-2026,1994583,330000,6.0442,,0.4166,0.8283,10790,2430,218,97,377,21,939917,1,0.0,0.6896,0.29194,-0.03362,-0.49821,0.02361,0.75223,3.63476
C,s_g67c50,2003-2007,92087,70000,1.3155,,0.054,0.9531,10484,430,85,1,0,0,38224,9594,0.4151,0.3715,-0.12836,-0.02726,-0.10237,-0.20518,0.05094,0.1886
C,s_g67c50,2008-2012,91416,70000,1.3059,,0.2945,0.6126,10335,689,143,2,1645,52,2549,1,0.0,0.9082,-0.00723,0.02323,-0.08796,0.12198,0.11075,0.29875
C,s_g67c50,2010-2019,260424,130000,2.0033,,0.13,0.9688,10657,679,99,11,0,0,114518,4917,0.1077,0.6075,0.02112,-0.06802,-0.28827,-0.01017,0.24317,0.91066
C,s_g67c50,2010-2026,715317,210000,3.4063,,0.2208,0.9688,10657,1118,134,35,0,0,348273,4917,0.1077,0.5707,0.14788,-0.18954,-0.5081,-0.03103,0.33294,1.81039
C,s_g67c50,2013-2019,141025,94000,1.5003,,0.085,1.0,11000,272,43,2,0,0,101232,10371,0.7153,0.1481,-0.06199,-0.11829,-0.28394,-0.06405,0.06919,0.43578
C,s_g67c50,2020-2026,145105,90000,1.6123,,0.1129,0.8675,11000,437,70,5,0,0,77528,8231,0.5343,0.3482,-0.02034,-0.14806,-0.26001,-0.05229,0.03523,0.41458
S0,c100,1998-2002,118397,100000,1.184,,0.0403,1.0,1667,293,45,7,0,0,90029,1667,0.7362,0.1806,0.35604,0.53698,,0.0502,0.32166,0.08525
S0,c100,1998-2019,1868734,440000,4.2471,,0.4779,0.978,1667,1375,176,46,2583,117,371169,17,0.0,0.8433,0.19603,0.41884,,0.31908,1.01312,2.69535
S0,c100,1998-2026,4767368,573333,8.3152,,0.4803,0.9658,1667,1631,188,72,3142,194,944355,0,0.0,0.876,0.16956,0.28117,,0.36551,1.33102,5.27871
S0,c100,2000-2019,1314990,400000,3.2875,,0.4344,0.8986,1523,1231,174,43,2672,147,225305,0,0.0001,0.9003,0.15791,0.13638,-0.25122,0.09156,0.61853,1.93693
S0,c100,2000-2020,1499754,420000,3.5708,,0.4302,0.9115,1552,1233,177,47,2800,158,290710,9,0.0,0.9017,0.16534,0.07855,-0.43017,0.20824,0.60968,2.19526
S0,c100,2000-2026,3027954,533333,5.6774,,0.4324,0.9167,1577,1456,187,65,3330,238,602651,5,0.0,0.909,0.25907,-0.08201,-0.5323,0.00889,0.66825,3.39108
S0,c100,2003-2007,116805,100000,1.168,,0.0197,0.9955,1659,430,85,1,0,0,71918,918,0.4711,0.3029,-0.16891,-0.09538,-0.15304,-0.2685,-0.03755,0.06315
S0,c100,2008-2012,124535,100000,1.2453,,0.2571,0.6645,1551,773,159,2,1280,45,36263,0,0.0,0.7999,-0.06543,-0.04322,-0.13274,0.04693,0.05105,0.24102
S0,c100,2010-2019,334503,200000,1.6725,,0.1041,0.9681,1667,613,99,11,132,21,120819,4,0.0002,0.7002,-0.09855,-0.1802,-0.36312,-0.1236,0.07152,0.59648
S0,c100,2010-2026,910820,333333,2.7325,,0.224,0.9697,1667,928,123,28,525,59,174902,3,0.0001,0.7724,-0.02304,-0.30923,-0.57131,-0.17127,0.10945,1.26019
S0,c100,2013-2019,160389,140000,1.1456,,0.0288,0.9974,1662,272,43,2,0,0,113961,850,0.5052,0.1641,-0.23807,-0.28552,-0.4084,-0.23937,-0.15442,0.09772
S0,c100,2020-2026,172877,133333,1.2966,,0.093,0.9013,1667,437,70,5,0,0,97788,1117,0.212,0.3505,-0.18473,-0.28019,-0.35696,-0.20286,-0.13844,0.1455
S0,f_g0c25,1998-2002,97999,100000,0.98,,0.1682,0.8902,1619,293,45,7,0,0,69631,1619,0.7043,0.1862,0.12242,0.27219,,-0.13073,0.09396,-0.10171
S0,f_g0c25,1998-2019,2031961,440000,4.6181,,0.4799,0.9068,1619,1378,176,47,2576,116,528527,5,0.0,0.8361,0.3005,0.54277,,0.4343,1.18896,3.01813
S0,f_g0c25,1998-2026,5623235,573333,9.808,,0.4821,0.9006,1619,1623,189,72,3145,188,1803053,4,0.0,0.8516,0.37953,0.51118,,0.61065,1.7495,6.4059
S0,f_g0c25,2000-2019,1401039,400000,3.5026,,0.4336,0.8959,1524,1229,174,43,2671,146,317111,0,0.0,0.8968,0.23368,0.21074,-0.20222,0.16299,0.72444,2.12911
S0,f_g0c25,2000-2020,1633445,420000,3.8892,,0.4291,0.9087,1544,1224,176,48,2815,160,430971,1,0.0,0.9001,0.26922,0.17469,-0.37938,0.31594,0.75317,2.48009
S0,f_g0c25,2000-2026,3505175,533333,6.5722,,0.4293,0.9085,1566,1449,185,64,3372,249,1083167,2,0.0,0.8845,0.4575,0.06267,-0.45859,0.1679,0.93117,4.08313
S0,f_g0c25,2003-2007,127393,100000,1.2739,,0.0654,0.9388,1565,430,85,1,0,0,82506,823,0.46,0.2848,-0.09357,-0.01338,-0.07627,-0.2022,0.0497,0.15952
S0,f_g0c25,2008-2012,130570,100000,1.3057,,0.2612,0.6529,1551,767,159,2,1287,47,43184,0,0.0,0.7837,-0.02014,0.00315,-0.09071,0.09767,0.10198,0.30116
S0,f_g0c25,2010-2019,384701,200000,1.9235,,0.1582,0.9343,1652,607,99,11,143,22,173804,11,0.0003,0.6673,0.03673,-0.05718,-0.26754,0.00791,0.23231,0.83606
S0,f_g0c25,2010-2026,1104621,333333,3.3139,,0.2813,0.9372,1667,926,123,28,529,59,382398,174,0.0034,0.7069,0.18483,-0.16225,-0.4801,0.00507,0.34551,1.7411
S0,f_g0c25,2013-2019,207193,140000,1.48,,0.1325,1.0,1667,272,43,2,0,0,160766,878,0.5134,0.1418,-0.01572,-0.07703,-0.23575,-0.0174,0.09233,0.41805
S0,f_g0c25,2020-2026,213210,133333,1.5991,,0.2702,0.7108,1667,437,70,5,0,0,138121,164,0.0444,0.3262,0.00548,-0.11226,-0.20693,-0.01688,0.06256,0.41275
S0,f_g0c50,1998-2002,104580,100000,1.0458,,0.1228,0.9519,1635,293,45,7,0,0,76212,1635,0.723,0.1838,0.19779,0.35761,,-0.07236,0.16742,-0.0414
S0,f_g0c50,1998-2019,1982435,440000,4.5055,,0.4789,0.9312,1635,1388,176,48,2544,115,472762,7,0.0,0.8366,0.2688,0.50517,,0.39934,1.13561,2.92019
S0,f_g0c50,1998-2026,5284652,573333,9.2174,,0.4809,0.923,1635,1627,189,72,3140,187,1459695,0,0.0,0.8588,0.29646,0.42019,,0.51367,1.58395,5.95998
S0,f_g0c50,2000-2019,1376859,400000,3.4421,,0.4339,0.899,1524,1235,174,43,2663,145,284096,2,0.0002,0.8973,0.21238,0.18985,-0.21599,0.14292,0.69468,2.0751
S0,f_g0c50,2000-2020,1590646,420000,3.7873,,0.4312,0.9096,1547,1230,178,48,2773,157,381001,4,0.0,0.9001,0.23596,0.14391,-0.39564,0.28146,0.70723,2.3889
S0,f_g0c50,2000-2026,3300739,533333,6.1889,,0.4273,0.9142,1570,1451,187,65,3352,242,893443,0,0.0,0.8934,0.37249,0.00069,-0.49017,0.09978,0.81854,3.78666
S0,f_g0c50,2003-2007,123772,100000,1.2377,,0.0493,0.9577,1596,430,85,1,0,0,78885,855,0.4639,0.2907,-0.11933,-0.04142,-0.10252,-0.22487,0.01986,0.12656
S0,f_g0c50,2008-2012,128347,100000,1.2835,,0.2614,0.6525,1490,768,159,2,1287,47,40865,0,0.0,0.7876,-0.03682,-0.01393,-0.10619,0.07898,0.08322,0.27901
S0,f_g0c50,2010-2019,365495,200000,1.8275,,0.1369,0.9486,1663,609,99,11,143,22,153915,0,0.0,0.6777,-0.01503,-0.10425,-0.30411,-0.04241,0.17079,0.74439
S0,f_g0c50,2010-2026,1016230,333333,3.0487,,0.2574,0.9445,1667,927,123,28,529,60,290861,2,0.0,0.7307,0.09002,-0.22929,-0.5217,-0.07536,0.23784,1.52176
S0,f_g0c50,2013-2019,189894,140000,1.3564,,0.0911,1.0,1667,272,43,2,0,0,143467,869,0.5107,0.1489,-0.0979,-0.15409,-0.29956,-0.09944,0.00113,0.29966
S0,f_g0c50,2020-2026,198515,133333,1.4889,,0.22,0.7651,1667,437,70,5,0,0,123425,435,0.1096,0.3334,-0.06382,-0.17345,-0.26159,-0.08464,-0.01067,0.31538
S0,f_g100c25,1998-2002,84753,100000,0.8475,,0.2988,0.7243,1619,293,45,7,0,0,56385,1619,0.6256,0.1954,-0.02929,0.10023,,-0.24823,-0.0539,-0.22313
S0,f_g100c25,1998-2019,2106701,440000,4.788,,0.4785,0.9068,1619,1366,176,46,2579,117,609126,4,0.0,0.8341,0.34833,0.59952,,0.48706,1.26947,3.16592
S0,f_g100c25,1998-2026,6195696,573333,10.8064,,0.4873,0.9006,1619,1628,188,69,3139,197,2348132,3,0.0,0.8366,0.51997,0.66502,,0.77462,2.0294,7.15984
S0,f_g100c25,2000-2019,1457229,400000,3.6431,,0.4299,0.8826,1536,1220,174,43,2690,151,369239,8,0.0002,0.9013,0.28315,0.2593,-0.17023,0.20963,0.7936,2.2546
S0,f_g100c25,2000-2020,1751312,420000,4.1698,,0.4224,0.8886,1570,1219,176,48,2812,165,571218,0,0.0,0.8967,0.3608,0.25946,-0.3346,0.4109,0.87967,2.73121
S0,f_g100c25,2000-2026,3760431,533333,7.0508,,0.4381,0.8827,1598,1445,184,63,3406,266,1375396,1,0.0,0.8716,0.56364,0.14006,-0.41916,0.25295,1.0718,4.4533
S0,f_g100c25,2003-2007,128291,100000,1.2829,,0.0786,0.9214,1536,430,85,1,0,0,83404,794,0.48,0.2837,-0.08718,-0.00643,-0.06976,-0.19657,0.0571,0.1677
S0,f_g100c25,2008-2012,133676,100000,1.3368,,0.259,0.6581,1551,769,159,2,1285,46,45777,0,0.0,0.7781,0.00317,0.02701,-0.06909,0.12378,0.1282,0.33212
S0,f_g100c25,2010-2019,419148,200000,2.0957,,0.1467,0.9508,1585,612,99,11,137,21,204544,9,0.0003,0.658,0.12956,0.02724,-0.20196,0.09817,0.34266,1.00046
S0,f_g100c25,2010-2026,1265056,333333,3.7952,,0.2504,0.9513,1597,926,123,27,537,62,520248,1,0.0,0.6787,0.35692,-0.04058,-0.40459,0.15104,0.54093,2.13922
S0,f_g100c25,2013-2019,234221,140000,1.673,,0.1267,0.9945,1657,272,43,2,0,0,187793,855,0.5066,0.1326,0.11267,0.04337,-0.13606,0.11078,0.23483,0.60303
S0,f_g100c25,2020-2026,223441,133333,1.6758,,0.1883,0.7808,1667,437,70,5,0,0,148351,509,0.1092,0.321,0.05372,-0.06966,-0.16888,0.03029,0.11355,0.48054
S0,f_g100c50,1998-2002,95313,100000,0.9531,,0.1539,0.8522,1635,293,45,7,0,0,66945,1635,0.6779,0.1881,0.09166,0.23731,,-0.15456,0.06397,-0.12634
S0,f_g100c50,1998-2019,2034393,440000,4.6236,,0.478,0.9312,1635,1382,176,48,2574,114,520982,2,0.0,0.8365,0.30205,0.54462,,0.43602,1.19158,3.02294
S0,f_g100c50,1998-2026,5552505,573333,9.6846,,0.4843,0.923,1635,1632,188,69,3142,191,1722662,7,0.0,0.8492,0.36218,0.49217,,0.59039,1.71491,6.31275
S0,f_g100c50,2000-2019,1407222,400000,3.5181,,0.4326,0.8917,1536,1235,174,43,2663,146,315571,8,0.0002,0.898,0.23912,0.21609,-0.1987,0.16812,0.73205,2.14292
S0,f_g100c50,2000-2020,1660218,420000,3.9529,,0.4262,0.8992,1567,1229,177,47,2790,160,456233,4,0.0,0.8975,0.29002,0.19395,-0.36921,0.33751,0.7819,2.53713
S0,f_g100c50,2000-2026,3427846,533333,6.4272,,0.4327,0.8932,1595,1450,186,65,3352,253,1003565,4,0.0,0.8864,0.42535,0.03923,-0.47053,0.14213,0.88857,3.97099
S0,f_g100c50,2003-2007,124598,100000,1.246,,0.0539,0.9461,1577,430,85,1,0,0,79711,835,0.4766,0.2898,-0.11346,-0.03503,-0.09654,-0.2197,0.02667,0.13408
S0,f_g100c50,2008-2012,130384,100000,1.3038,,0.2588,0.6568,1545,769,159,2,1284,46,42537,0,0.0,0.7832,-0.02154,0.00172,-0.09201,0.09611,0.10041,0.29931
S0,f_g100c50,2010-2019,385329,200000,1.9266,,0.1272,0.971,1618,612,99,11,134,21,171481,24,0.0005,0.6712,0.03842,-0.05564,-0.26635,0.00956,0.23433,0.83906
S0,f_g100c50,2010-2026,1092134,333333,3.2764,,0.2297,0.9547,1631,927,123,28,528,59,361962,62,0.001,0.71,0.17144,-0.17172,-0.48597,-0.00629,0.3303,1.71011
S0,f_g100c50,2013-2019,205267,140000,1.4662,,0.0794,0.9954,1659,272,43,2,0,0,158839,855,0.5067,0.1424,-0.02487,-0.08561,-0.24286,-0.02654,0.08218,0.40487
S0,f_g100c50,2020-2026,205061,133333,1.538,,0.1442,0.8326,1667,437,70,5,0,0,129972,765,0.1556,0.3289,-0.03295,-0.14619,-0.23724,-0.05446,0.02195,0.35875
S0,f_g50c25,1998-2002,93182,100000,0.9318,,0.194,0.8286,1619,293,45,7,0,0,64814,1619,0.6734,0.1871,0.06725,0.20965,,-0.17346,0.04019,-0.14587
S0,f_g50c25,1998-2019,2081548,440000,4.7308,,0.4791,0.9068,1619,1380,176,46,2564,116,578805,2,0.0,0.8326,0.33223,0.58042,,0.4693,1.24238,3.11618
S0,f_g50c25,1998-2026,6008758,573333,10.4804,,0.4831,0.9006,1619,1628,189,72,3129,186,2182385,1,0.0,0.8409,0.47411,0.61478,,0.72108,1.938,6.91364
S0,f_g50c25,2000-2019,1434688,400000,3.5867,,0.4316,0.8901,1530,1227,174,43,2678,150,349655,1,0.0003,0.8979,0.26331,0.23982,-0.18306,0.19092,0.76586,2.20426
S0,f_g50c25,2000-2020,1710052,420000,4.0716,,0.427,0.8964,1557,1224,176,48,2788,159,510343,17,0.0001,0.8965,0.32874,0.22979,-0.35027,0.37766,0.83539,2.6433
S0,f_g50c25,2000-2026,3644871,533333,6.8341,,0.4335,0.8879,1582,1446,186,65,3390,264,1253300,1,0.0,0.8766,0.51559,0.10502,-0.43701,0.21444,1.00814,4.28572
S0,f_g50c25,2003-2007,128669,100000,1.2867,,0.0725,0.9275,1546,430,85,1,0,0,83782,804,0.469,0.2836,-0.08449,-0.0035,-0.06702,-0.19421,0.06021,0.17113
S0,f_g50c25,2008-2012,132549,100000,1.3255,,0.2622,0.6542,1551,768,159,2,1286,47,45019,0,0.0,0.7793,-0.00529,0.01835,-0.07693,0.11431,0.11869,0.32089
S0,f_g50c25,2010-2019,404105,200000,2.0205,,0.1486,0.9512,1615,610,99,11,140,21,191368,2,0.0,0.6614,0.08902,-0.00963,-0.2306,0.05875,0.29447,0.92867
S0,f_g50c25,2010-2026,1196591,333333,3.5898,,0.2614,0.9449,1628,926,123,28,523,60,471286,2,0.0001,0.6869,0.28348,-0.0925,-0.43681,0.08875,0.45754,1.96932
S0,f_g50c25,2013-2019,222646,140000,1.5903,,0.1169,1.0,1667,272,43,2,0,0,176218,866,0.51,0.1363,0.05768,-0.00819,-0.17876,0.05588,0.1738,0.52381
S0,f_g50c25,2020-2026,221426,133333,1.6607,,0.2303,0.7448,1667,437,70,5,0,0,146337,334,0.0801,0.3209,0.04422,-0.07805,-0.17637,0.021,0.10351,0.46719
S0,f_g50c50,1998-2002,101167,100000,1.0117,,0.1325,0.9291,1635,293,45,7,0,0,72799,1635,0.7048,0.184,0.1587,0.31331,,-0.10263,0.12932,-0.07268
S0,f_g50c50,1998-2019,2012046,440000,4.5728,,0.479,0.9312,1635,1391,175,46,2550,115,498907,2,0.0,0.8355,0.28775,0.52765,,0.42024,1.1675,2.97875
S0,f_g50c50,1998-2026,5495244,573333,9.5847,,0.4832,0.923,1635,1631,188,73,3105,181,1633879,3,0.0,0.8536,0.34813,0.47678,,0.57399,1.68691,6.23733
S0,f_g50c50,2000-2019,1398116,400000,3.4953,,0.4331,0.8966,1530,1238,174,43,2658,147,302064,1,0.0,0.8965,0.2311,0.20822,-0.20389,0.16056,0.72084,2.12258
S0,f_g50c50,2000-2020,1633593,420000,3.8895,,0.4293,0.9089,1557,1231,178,46,2766,162,423781,3,0.0,0.898,0.26933,0.1748,-0.37932,0.31606,0.75332,2.4804
S0,f_g50c50,2000-2026,3389690,533333,6.3557,,0.4277,0.9138,1583,1453,186,66,3361,246,965560,16,0.0001,0.8887,0.40948,0.02766,-0.47643,0.12942,0.86754,3.91566
S0,f_g50c50,2003-2007,124626,100000,1.2463,,0.0499,0.9501,1584,430,85,1,0,0,79740,842,0.4695,0.2899,-0.11325,-0.03481,-0.09633,-0.21952,0.0269,0.13434
S0,f_g50c50,2008-2012,129808,100000,1.2981,,0.2599,0.6564,1545,769,159,2,1285,45,41939,21,0.0014,0.7846,-0.02586,-0.0027,-0.09602,0.09127,0.09556,0.29358
S0,f_g50c50,2010-2019,377346,200000,1.8867,,0.1315,0.9616,1639,611,99,11,138,21,163894,6,0.0002,0.6747,0.01691,-0.07521,-0.28155,-0.01136,0.20875,0.80096
S0,f_g50c50,2010-2026,1065186,333333,3.1956,,0.244,0.9501,1651,927,123,28,528,59,335015,19,0.0003,0.7189,0.14253,-0.19216,-0.49866,-0.03081,0.29747,1.64324
S0,f_g50c50,2013-2019,198698,140000,1.4193,,0.0808,1.0,1667,272,43,2,0,0,152270,861,0.5084,0.1451,-0.05608,-0.11487,-0.26709,-0.05769,0.04755,0.35991
S0,f_g50c50,2020-2026,203362,133333,1.5252,,0.183,0.7979,1667,437,70,5,0,0,128273,600,0.1351,0.3295,-0.04096,-0.15326,-0.24356,-0.06229,0.01348,0.34749
S0,f_g67c15,1998-2002,87185,100000,0.8719,,0.2442,0.7542,1612,293,45,7,0,0,58817,1612,0.6425,0.1911,-0.00144,0.1318,,-0.22666,-0.02676,-0.20084
S0,f_g67c15,1998-2019,2123986,440000,4.8272,,0.4793,0.8968,1612,1372,176,46,2582,117,625985,14,0.0,0.8321,0.3594,0.61264,,0.49926,1.28809,3.2001
S0,f_g67c15,1998-2026,6426143,573333,11.2084,,0.4889,0.8939,1612,1628,189,71,3133,188,2554445,5,0.0,0.834,0.5765,0.72695,,0.84063,2.14208,7.46334
S0,f_g67c15,2000-2019,1465068,400000,3.6627,,0.4294,0.8867,1532,1221,174,43,2687,152,381909,4,0.0,0.899,0.29006,0.26608,-0.16576,0.21614,0.80325,2.27211
S0,f_g67c15,2000-2020,1778120,420000,4.2336,,0.4253,0.8917,1562,1219,175,48,2800,164,579586,4,0.0,0.8961,0.38163,0.27874,-0.32441,0.43249,0.90844,2.78832
S0,f_g67c15,2000-2026,3857059,533333,7.232,,0.4293,0.889,1588,1442,185,64,3373,257,1455539,2,0.0,0.868,0.60382,0.16935,-0.40424,0.28514,1.12504,4.59343
S0,f_g67c15,2003-2007,130360,100000,1.3036,,0.0838,0.9162,1527,430,85,1,0,0,85473,786,0.4731,0.281,-0.07246,0.0096,-0.05476,-0.18361,0.07415,0.18653
S0,f_g67c15,2008-2012,134228,100000,1.3423,,0.262,0.6546,1551,768,159,2,1285,46,46697,0,0.0,0.7756,0.00731,0.03125,-0.06524,0.12842,0.13286,0.33762
S0,f_g67c15,2010-2019,422473,200000,2.1124,,0.1553,0.9533,1594,610,99,11,140,20,210889,1,0.0,0.6525,0.13852,0.03539,-0.19563,0.10688,0.35331,1.01634
S0,f_g67c15,2010-2026,1296161,333333,3.8885,,0.2609,0.9457,1609,926,123,27,536,61,568521,1,0.0001,0.6702,0.39028,-0.01699,-0.38994,0.17935,0.57882,2.2164
S0,f_g67c15,2013-2019,238644,140000,1.7046,,0.1306,0.9993,1665,272,43,2,0,0,192216,863,0.5091,0.1314,0.13368,0.06307,-0.11975,0.13175,0.25814,0.6333
S0,f_g67c15,2020-2026,230953,133333,1.7321,,0.2296,0.741,1667,437,70,5,0,0,155864,315,0.0739,0.3168,0.08915,-0.03838,-0.14093,0.06493,0.15099,0.53032
S0,f_g67c25,1998-2002,90655,100000,0.9065,,0.2042,0.7948,1619,293,45,7,0,0,62287,1619,0.6592,0.1891,0.0383,0.17684,,-0.19588,0.01198,-0.16904
S0,f_g67c25,1998-2019,2089208,440000,4.7482,,0.4796,0.9068,1619,1377,176,46,2571,116,590664,6,0.0,0.8325,0.33714,0.58623,,0.47471,1.25063,3.13133
S0,f_g67c25,1998-2026,6053151,573333,10.5578,,0.4882,0.9006,1619,1627,188,68,3168,202,2230102,3,0.0,0.8394,0.485,0.62671,,0.73379,1.9597,6.97211
S0,f_g67c25,2000-2019,1444827,400000,3.6121,,0.4303,0.889,1532,1225,174,43,2677,151,358245,4,0.0003,0.8989,0.27223,0.24859,-0.17729,0.19934,0.77834,2.22691
S0,f_g67c25,2000-2020,1733354,420000,4.127,,0.4254,0.8955,1561,1221,175,48,2792,161,532805,5,0.0,0.897,0.34685,0.24654,-0.34142,0.39643,0.8604,2.69295
S0,f_g67c25,2000-2026,3705411,533333,6.9476,,0.4329,0.885,1588,1444,186,65,3368,255,1299438,0,0.0,0.8742,0.54076,0.12338,-0.42766,0.23462,1.04149,4.37351
S0,f_g67c25,2003-2007,128727,100000,1.2873,,0.0744,0.9256,1543,430,85,1,0,0,83840,801,0.4722,0.2835,-0.08407,-0.00305,-0.06659,-0.19384,0.06069,0.17167
S0,f_g67c25,2008-2012,132969,100000,1.3297,,0.262,0.6545,1551,768,159,2,1285,46,45437,0,0.0,0.778,-0.00214,0.02158,-0.07401,0.11784,0.12223,0.32507
S0,f_g67c25,2010-2019,409850,200000,2.0493,,0.1473,0.9565,1605,611,99,11,134,21,196240,0,0.0,0.6605,0.1045,0.00446,-0.21966,0.07381,0.31287,0.95609
S0,f_g67c25,2010-2026,1221763,333333,3.6653,,0.2538,0.9473,1618,926,123,27,548,60,489004,2,0.0001,0.6814,0.31048,-0.07341,-0.42496,0.11165,0.4882,2.03179
S0,f_g67c25,2013-2019,227002,140000,1.6214,,0.1147,0.9991,1665,272,43,2,0,0,180574,862,0.5088,0.1349,0.07838,0.01121,-0.16269,0.07654,0.19676,0.55362
S0,f_g67c25,2020-2026,222822,133333,1.6712,,0.2165,0.7567,1667,437,70,5,0,0,147733,394,0.0906,0.3203,0.05081,-0.07224,-0.17118,0.02744,0.11047,0.47644
S0,f_g67c50,1998-2002,99418,100000,0.9942,,0.1401,0.9038,1635,293,45,7,0,0,71050,1635,0.6965,0.185,0.13867,0.2906,,-0.11815,0.1098,-0.08871
S0,f_g67c50,1998-2019,2017676,440000,4.5856,,0.4795,0.9312,1635,1389,176,46,2536,114,510717,6,0.0,0.8349,0.29135,0.53192,,0.42422,1.17357,2.98988
S0,f_g67c50,1998-2026,5528145,573333,9.6421,,0.485,0.923,1635,1632,188,71,3119,195,1672400,14,0.0,0.8528,0.3562,0.48562,,0.58342,1.703,6.28067
S0,f_g67c50,2000-2019,1402229,400000,3.5056,,0.4325,0.896,1532,1238,174,43,2659,146,307282,4,0.0002,0.897,0.23472,0.21177,-0.20155,0.16398,0.72591,2.13177
S0,f_g67c50,2000-2020,1645025,420000,3.9167,,0.4285,0.9082,1561,1230,177,48,2784,160,434944,4,0.0,0.8987,0.27822,0.18302,-0.37498,0.32527,0.76559,2.50476
S0,f_g67c50,2000-2026,3391321,533333,6.3587,,0.4303,0.9023,1587,1453,187,66,3342,249,967040,4,0.0,0.8875,0.41016,0.02815,-0.47618,0.12996,0.86844,3.91802
S0,f_g67c50,2003-2007,124728,100000,1.2473,,0.0511,0.9489,1581,430,85,1,0,0,79841,840,0.4715,0.2899,-0.11253,-0.03402,-0.0956,-0.21889,0.02774,0.13526
S0,f_g67c50,2008-2012,130084,100000,1.3008,,0.2598,0.6567,1545,769,159,2,1285,45,42216,42,0.0018,0.7836,-0.02378,-0.00058,-0.09409,0.09359,0.09789,0.29633
S0,f_g67c50,2010-2019,380588,200000,1.9029,,0.1298,0.9658,1632,612,99,11,134,21,166506,2,0.0,0.6741,0.02564,-0.06726,-0.27537,-0.00286,0.21914,0.81643
S0,f_g67c50,2010-2026,1076049,333333,3.2281,,0.2393,0.9518,1645,927,123,28,528,59,345878,39,0.0006,0.7155,0.15419,-0.18392,-0.49354,-0.02093,0.31071,1.6702
S0,f_g67c50,2013-2019,201139,140000,1.4367,,0.078,0.9985,1664,272,43,2,0,0,154711,858,0.5076,0.1441,-0.04449,-0.104,-0.25809,-0.04612,0.06041,0.37661
S0,f_g67c50,2020-2026,204285,133333,1.5321,,0.1702,0.8094,1667,437,70,5,0,0,129196,657,0.1426,0.3289,-0.03661,-0.14942,-0.24013,-0.05804,0.01808,0.35361
S0,g0,1998-2002,91545,100000,0.9154,,0.2146,0.8141,1602,293,45,7,0,0,63176,1602,0.6829,0.1894,0.04849,0.18839,,-0.18799,0.02191,-0.16088
S0,g0,1998-2019,2077903,440000,4.7225,,0.4799,0.8958,1602,1365,176,46,2591,117,588519,0,0.0,0.8365,0.3299,0.57765,,0.46673,1.23845,3.10898
S0,g0,1998-2026,5982573,573333,10.4347,,0.4808,0.896,1602,1617,188,68,3173,188,2190234,2,0.0,0.8433,0.46768,0.60774,,0.71358,1.9252,6.87916
S0,g0,2000-2019,1434824,400000,3.5871,,0.4328,0.8914,1524,1222,174,43,2682,147,351990,2,0.0003,0.8968,0.26342,0.23994,-0.18299,0.19104,0.76602,2.20456
S0,g0,2000-2020,1687401,420000,4.0176,,0.4284,0.9037,1540,1215,175,48,2810,161,484823,1,0.0,0.8997,0.31114,0.2135,-0.35888,0.35941,0.81108,2.59504
S0,g0,2000-2026,3704592,533333,6.9461,,0.4311,0.9027,1562,1448,187,64,3359,255,1316913,5,0.0,0.8766,0.54042,0.12313,-0.42779,0.23434,1.04104,4.37232
S0,g0,2003-2007,130580,100000,1.3058,,0.0816,0.9198,1533,430,85,1,0,0,85693,791,0.4542,0.2801,-0.0709,0.0113,-0.05316,-0.18224,0.07595,0.18852
S0,g0,2008-2012,131250,100000,1.3125,,0.2611,0.6522,1551,767,159,2,1287,47,43864,0,0.0,0.7828,-0.01504,0.00837,-0.08598,0.10339,0.10772,0.30794
S0,g0,2010-2019,404969,200000,2.0248,,0.1805,0.9288,1639,606,98,11,150,23,194162,13,0.0002,0.6592,0.09135,-0.00751,-0.22895,0.06102,0.29724,0.93279
S0,g0,2010-2026,1200481,333333,3.6014,,0.3084,0.9319,1655,926,123,28,529,59,478258,105,0.002,0.6887,0.28765,-0.08955,-0.43498,0.09229,0.46227,1.97897
S0,g0,2013-2019,225831,140000,1.6131,,0.1737,1.0,1667,272,43,2,0,0,179403,882,0.5144,0.1354,0.07282,0.006,-0.16701,0.07099,0.19059,0.54561
S0,g0,2020-2026,228343,133333,1.7126,,0.2948,0.6818,1666,437,70,5,0,0,153254,19,0.0054,0.3192,0.07684,-0.04925,-0.15064,0.0529,0.13798,0.51302
S0,g0c25,1998-2002,98070,100000,0.9807,,0.1677,0.8904,1619,293,45,7,0,0,69702,1619,0.7045,0.1862,0.12324,0.27311,,-0.1301,0.09475,-0.10106
S0,g0c25,1998-2019,2023087,440000,4.5979,,0.4793,0.9171,1619,1371,176,47,2615,118,525160,0,0.0,0.838,0.29482,0.53603,,0.42804,1.1794,3.00058
S0,g0c25,1998-2026,5580909,573333,9.7341,,0.4811,0.9142,1619,1622,188,71,3173,199,1788260,1,0.0,0.8519,0.36914,0.4998,,0.59853,1.7288,6.35016
S0,g0c25,2000-2019,1403129,400000,3.5078,,0.4335,0.8932,1524,1226,174,43,2677,145,317004,1,0.0001,0.8979,0.23552,0.21255,-0.20103,0.16473,0.72701,2.13378
S0,g0c25,2000-2020,1636324,420000,3.896,,0.4293,0.906,1543,1222,175,47,2810,159,432691,1,0.0,0.8994,0.27145,0.17676,-0.37829,0.31826,0.75625,2.48622
S0,g0c25,2000-2026,3508471,533333,6.5784,,0.4252,0.9077,1565,1449,187,65,3353,238,1085319,0,0.0,0.8857,0.45887,0.06367,-0.45808,0.169,0.93299,4.08791
S0,g0c25,2003-2007,127138,100000,1.2714,,0.0646,0.9385,1564,430,85,1,0,0,82252,823,0.4587,0.2855,-0.09538,-0.01535,-0.07812,-0.20379,0.0476,0.1572
S0,g0c25,2008-2012,129649,100000,1.2965,,0.2615,0.6544,1551,768,159,2,1286,47,42119,0,0.0,0.7859,-0.02705,-0.00392,-0.09712,0.08993,0.09422,0.29199
S0,g0c25,2010-2019,383936,200000,1.9197,,0.1584,0.9421,1650,607,99,11,143,22,172216,3,0.0,0.6685,0.03467,-0.05905,-0.269,0.00591,0.22986,0.83241
S0,g0c25,2010-2026,1097580,333333,3.2927,,0.2828,0.9414,1666,926,123,28,530,61,375357,3,0.0001,0.7092,0.17728,-0.16759,-0.48341,-0.00134,0.33693,1.72363
S0,g0c25,2013-2019,207138,140000,1.4796,,0.133,1.0,1667,272,43,2,0,0,160710,874,0.5121,0.1419,-0.01598,-0.07727,-0.23596,-0.01766,0.09204,0.41768
S0,g0c25,2020-2026,213029,133333,1.5977,,0.2492,0.7311,1667,437,70,5,0,0,137940,266,0.0675,0.3255,0.00463,-0.11301,-0.2076,-0.01772,0.06166,0.41155
S0,g0c50,1998-2002,104783,100000,1.0478,,0.1229,0.9531,1635,293,45,7,0,0,76415,1635,0.723,0.1837,0.20012,0.36025,,-0.07056,0.16969,-0.03954
S0,g0c50,1998-2019,1962162,440000,4.4595,,0.4789,0.9379,1635,1374,176,46,2573,116,471541,1,0.0,0.8389,0.25582,0.48977,,0.38503,1.11377,2.8801
S0,g0c50,1998-2026,5238406,573333,9.1368,,0.4818,0.932,1635,1625,187,71,3172,193,1423395,2,0.0,0.8617,0.28512,0.40776,,0.50043,1.56133,5.89907
S0,g0c50,2000-2019,1370475,400000,3.4262,,0.4336,0.8945,1524,1229,174,43,2673,145,283369,1,0.0,0.8982,0.20676,0.18433,-0.21963,0.13762,0.68682,2.06085
S0,g0c50,2000-2020,1585676,420000,3.7754,,0.4306,0.9074,1546,1228,179,48,2774,160,379857,0,0.0,0.8994,0.2321,0.14034,-0.39753,0.27746,0.7019,2.37832
S0,g0c50,2000-2026,3316486,533333,6.2184,,0.4315,0.9147,1569,1451,187,63,3345,242,871187,1,0.0,0.896,0.37904,0.00546,-0.48773,0.10503,0.82721,3.8095
S0,g0c50,2003-2007,123683,100000,1.2368,,0.0487,0.9573,1596,430,85,1,0,0,78796,854,0.463,0.2911,-0.11997,-0.04212,-0.10317,-0.22543,0.01913,0.12575
S0,g0c50,2008-2012,127968,100000,1.2797,,0.2601,0.657,1551,770,159,2,1283,45,40163,0,0.0,0.7902,-0.03967,-0.01684,-0.10883,0.0758,0.08002,0.27524
S0,g0c50,2010-2019,365537,200000,1.8277,,0.1377,0.9541,1662,609,99,11,141,21,153953,3,0.0001,0.6778,-0.01492,-0.10415,-0.30403,-0.04229,0.17093,0.7446
S0,g0c50,2010-2026,1021021,333333,3.0631,,0.26,0.9508,1667,927,123,28,528,59,290850,52,0.0009,0.7323,0.09516,-0.22565,-0.51944,-0.071,0.24368,1.53365
S0,g0c50,2013-2019,190028,140000,1.3573,,0.0921,1.0,1667,272,43,2,0,0,143600,866,0.5098,0.1488,-0.09727,-0.15349,-0.29907,-0.09881,0.00184,0.30057
S0,g0c50,2020-2026,198616,133333,1.4896,,0.2004,0.7841,1667,437,70,5,0,0,123526,531,0.1219,0.3328,-0.06335,-0.17303,-0.26122,-0.08418,-0.01017,0.31604
S0,g100,1998-2002,75074,100000,0.7507,,0.4596,0.6179,1602,293,45,7,0,0,46706,1602,0.5648,0.205,-0.14015,-0.02542,,-0.33408,-0.16195,-0.31185
S0,g100,1998-2019,2203678,440000,5.0084,,0.4768,0.8958,1602,1347,176,48,2631,124,710708,16,0.0,0.8334,0.4104,0.67315,,0.55551,1.37394,3.35769
S0,g100,1998-2026,7114303,573333,12.4087,,0.4877,0.896,1602,1627,189,71,3127,187,3243642,13,0.0,0.8208,0.74533,0.91188,,1.03774,2.47856,8.36966
S0,g100,2000-2019,1506524,400000,3.7663,,0.4265,0.8675,1536,1210,174,43,2722,159,429605,7,0.0,0.9016,0.32656,0.3019,-0.14216,0.25055,0.85427,2.3647
S0,g100,2000-2020,1853450,420000,4.413,,0.4217,0.8758,1572,1209,175,47,2819,176,691417,6,0.0,0.8956,0.44016,0.33291,-0.29579,0.49318,0.98929,2.94881
S0,g100,2000-2026,4237953,533333,7.9462,,0.4328,0.8812,1602,1441,185,64,3375,257,1843722,1,0.0,0.8563,0.7622,0.28483,-0.3454,0.41206,1.33489,5.14579
S0,g100,2003-2007,131745,100000,1.3175,,0.0934,0.9066,1511,430,85,1,0,0,86858,769,0.4824,0.2783,-0.0626,0.02032,-0.04471,-0.17494,0.08556,0.19913
S0,g100,2008-2012,135530,100000,1.3553,,0.2613,0.6567,1551,769,159,2,1285,46,47759,0,0.0,0.7742,0.01708,0.04126,-0.05617,0.13937,0.14385,0.3506
S0,g100,2010-2019,456466,200000,2.2823,,0.1683,0.9387,1564,611,99,11,138,21,243274,3,0.0001,0.6428,0.23013,0.1187,-0.1309,0.19594,0.4622,1.17857
S0,g100,2010-2026,1463436,333333,4.3903,,0.2885,0.9516,1586,926,123,27,537,62,733804,7,0.0002,0.6449,0.5697,0.10987,-0.31121,0.33155,0.78257,2.63149
S0,g100,2013-2019,267975,140000,1.9141,,0.1738,0.9944,1657,272,43,2,0,0,221548,855,0.5065,0.1237,0.27302,0.19374,-0.01156,0.27085,0.41278,0.83405
S0,g100,2020-2026,242873,133333,1.8216,,0.2098,0.7519,1667,437,70,5,0,0,167784,366,0.081,0.3137,0.14537,0.01125,-0.09659,0.1199,0.21039,0.6093
S0,g25,1998-2002,89180,100000,0.8918,,0.2298,0.7867,1602,293,45,7,0,0,60812,1602,0.6635,0.189,0.02142,0.1577,,-0.20896,-0.00448,-0.18255
S0,g25,1998-2019,2119612,440000,4.8173,,0.4798,0.8958,1602,1369,176,46,2587,117,627777,5,0.0,0.8333,0.3566,0.60932,,0.49617,1.28338,3.19145
S0,g25,1998-2026,6418049,573333,11.1943,,0.4835,0.896,1602,1622,189,72,3147,190,2596039,1,0.0,0.8338,0.57452,0.72477,,0.83831,2.13812,7.45269
S0,g25,2000-2019,1461168,400000,3.6529,,0.4313,0.8872,1527,1221,174,43,2685,152,379376,2,0.0004,0.897,0.28662,0.26271,-0.16798,0.2129,0.79845,2.2634
S0,g25,2000-2020,1750787,420000,4.1685,,0.4279,0.899,1549,1217,175,47,2835,167,546813,3,0.0,0.897,0.36039,0.25908,-0.3348,0.41047,0.87911,2.73009
S0,g25,2000-2026,3861783,533333,7.2408,,0.4329,0.8917,1572,1447,185,65,3389,262,1466535,5,0.0,0.8705,0.60578,0.17078,-0.40351,0.28672,1.12764,4.60028
S0,g25,2003-2007,131849,100000,1.3185,,0.083,0.917,1528,430,85,1,0,0,86963,787,0.4619,0.2787,-0.06186,0.02113,-0.04396,-0.17429,0.08642,0.20008
S0,g25,2008-2012,132910,100000,1.3291,,0.2609,0.6533,1551,767,159,2,1287,47,45524,0,0.0,0.7782,-0.00258,0.02113,-0.07442,0.11735,0.12174,0.32449
S0,g25,2010-2019,420671,200000,2.1034,,0.1741,0.9387,1620,607,99,11,143,22,209775,2,0.0001,0.6523,0.13366,0.03097,-0.19906,0.10216,0.34754,1.00773
S0,g25,2010-2026,1286723,333333,3.8602,,0.2963,0.938,1637,926,123,28,529,59,564500,180,0.0033,0.6715,0.38016,-0.02415,-0.39439,0.17076,0.56732,2.19298
S0,g25,2013-2019,238540,140000,1.7039,,0.1626,1.0,1667,272,43,2,0,0,192112,875,0.5124,0.1315,0.13319,0.06261,-0.12013,0.13126,0.25759,0.63259
S0,g25,2020-2026,235763,133333,1.7682,,0.2745,0.699,1667,437,70,5,0,0,160674,105,0.0278,0.315,0.11184,-0.01835,-0.12304,0.08711,0.17496,0.56219
S0,g25c50,1998-2002,101019,100000,1.0102,,0.1349,0.9276,1635,293,45,7,0,0,72651,1635,0.7043,0.184,0.15701,0.31139,,-0.10394,0.12767,-0.07403
S0,g25c50,1998-2019,1995870,440000,4.5361,,0.4785,0.9379,1635,1376,176,46,2573,116,496429,0,0.0,0.8364,0.2774,0.51537,,0.40882,1.15008,2.94676
S0,g25c50,1998-2026,5445087,573333,9.4972,,0.4831,0.932,1635,1628,187,72,3147,198,1618243,2,0.0,0.8547,0.33582,0.4633,,0.55963,1.66239,6.17128
S0,g25c50,2000-2019,1388462,400000,3.4712,,0.4317,0.8914,1526,1227,174,43,2677,150,298960,1,0.0,0.8987,0.2226,0.19988,-0.20938,0.15255,0.70896,2.10102
S0,g25c50,2000-2020,1625355,420000,3.8699,,0.4284,0.9066,1555,1224,178,47,2774,160,421510,8,0.0,0.9001,0.26293,0.16887,-0.38245,0.30942,0.74448,2.46285
S0,g25c50,2000-2026,3361173,533333,6.3022,,0.4302,0.9069,1580,1450,185,62,3379,257,931655,0,0.0,0.892,0.39762,0.01901,-0.48083,0.11992,0.85183,3.8743
S0,g25c50,2003-2007,124438,100000,1.2444,,0.046,0.954,1590,430,85,1,0,0,79551,849,0.4702,0.2902,-0.11459,-0.03626,-0.09769,-0.2207,0.02535,0.13263
S0,g25c50,2008-2012,129036,100000,1.2904,,0.2595,0.6585,1551,770,159,2,1283,45,41231,0,0.0,0.7865,-0.03165,-0.00863,-0.10139,0.08478,0.08904,0.28588
S0,g25c50,2010-2019,375939,200000,1.8797,,0.1311,0.9609,1643,611,99,11,135,21,163880,15,0.0004,0.6744,0.01312,-0.07865,-0.28422,-0.01504,0.20425,0.79424
S0,g25c50,2010-2026,1057949,333333,3.1738,,0.2457,0.9567,1659,927,123,28,528,59,327778,116,0.0018,0.7202,0.13477,-0.19765,-0.50206,-0.0374,0.28866,1.62528
S0,g25c50,2013-2019,198328,140000,1.4166,,0.0813,0.9996,1666,272,43,2,0,0,151900,859,0.5079,0.1452,-0.05784,-0.11652,-0.26846,-0.05944,0.04559,0.35738
S0,g25c50,2020-2026,202841,133333,1.5213,,0.1756,0.8055,1667,437,70,5,0,0,127752,638,0.1379,0.3301,-0.04342,-0.15543,-0.2455,-0.0647,0.01089,0.34404
S0,g50,1998-2002,85395,100000,0.854,,0.2499,0.738,1602,293,45,7,0,0,57027,1602,0.6375,0.1915,-0.02194,0.10856,,-0.24253,-0.04674,-0.21725
S0,g50,1998-2019,2165846,440000,4.9224,,0.4786,0.8958,1602,1367,176,48,2597,119,664968,7,0.0,0.8317,0.38619,0.64442,,0.5288,1.33319,3.28288
S0,g50,1998-2026,6704626,573333,11.6941,,0.4879,0.896,1602,1625,189,71,3156,191,2877026,0,0.0,0.8284,0.64482,0.80179,,0.92039,2.27824,7.83011
S0,g50,2000-2019,1483492,400000,3.7087,,0.4288,0.8856,1530,1218,174,43,2688,153,402618,1,0.0,0.8981,0.30628,0.282,-0.15527,0.23144,0.82593,2.31326
S0,g50,2000-2020,1786479,420000,4.2535,,0.422,0.8898,1557,1217,177,47,2799,164,607438,11,0.0001,0.8938,0.38813,0.28475,-0.32123,0.43923,0.91741,2.80613
S0,g50,2000-2026,4016611,533333,7.5311,,0.4329,0.8854,1582,1442,187,65,3346,255,1643406,6,0.0,0.8623,0.67016,0.21772,-0.37959,0.33831,1.21294,4.82481
S0,g50,2003-2007,132472,100000,1.3247,,0.0861,0.9139,1523,430,85,1,0,0,87585,782,0.4691,0.278,-0.05743,0.02595,-0.03944,-0.17039,0.09155,0.20575
S0,g50,2008-2012,134203,100000,1.342,,0.2622,0.654,1551,768,159,2,1286,47,46673,0,0.0,0.7762,0.00712,0.03106,-0.06542,0.12821,0.13264,0.33737
S0,g50,2010-2019,434638,200000,2.1732,,0.1695,0.9477,1601,609,99,11,139,22,223499,11,0.0002,0.6482,0.1713,0.06521,-0.17246,0.13875,0.39228,1.0744
S0,g50,2010-2026,1374614,333333,4.1238,,0.2828,0.9433,1620,926,123,27,538,61,640647,1,0.0,0.6593,0.47443,0.04251,-0.35302,0.25073,0.67438,2.41108
S0,g50,2013-2019,250038,140000,1.786,,0.1555,1.0,1667,272,43,2,0,0,203610,868,0.5105,0.1282,0.18781,0.11383,-0.07772,0.18579,0.31821,0.71129
S0,g50,2020-2026,240798,133333,1.806,,0.2535,0.7165,1667,437,70,5,0,0,165709,193,0.0478,0.3127,0.13558,0.00261,-0.10431,0.11033,0.20005,0.59555
S0,g50c25,1998-2002,90494,100000,0.9049,,0.2077,0.7937,1619,293,45,7,0,0,62126,1619,0.6586,0.1889,0.03647,0.17476,,-0.1973,0.01018,-0.17051
S0,g50c25,1998-2019,2085558,440000,4.7399,,0.4785,0.9171,1619,1371,176,47,2600,117,584071,2,0.0,0.8338,0.3348,0.58346,,0.47213,1.2467,3.12411
S0,g50c25,1998-2026,6073912,573333,10.594,,0.4851,0.9142,1619,1628,188,71,3133,197,2236826,1,0.0,0.84,0.49009,0.63229,,0.73974,1.96986,6.99945
S0,g50c25,2000-2019,1440985,400000,3.6025,,0.4303,0.8858,1530,1222,174,43,2681,152,351942,1,0.0,0.8999,0.26885,0.24526,-0.17948,0.19615,0.77361,2.21832
S0,g50c25,2000-2020,1723091,420000,4.1026,,0.4235,0.8959,1560,1218,177,47,2786,162,527217,28,0.0001,0.897,0.33887,0.23916,-0.34532,0.38816,0.84938,2.67108
S0,g50c25,2000-2026,3670009,533333,6.8813,,0.437,0.8842,1586,1444,186,63,3388,264,1275518,2,0.0,0.8755,0.52604,0.11264,-0.43313,0.22282,1.02198,4.32217
S0,g50c25,2003-2007,128524,100000,1.2852,,0.0679,0.9321,1553,430,85,1,0,0,83637,812,0.4731,0.2838,-0.08552,-0.00462,-0.06807,-0.19511,0.05902,0.16981
S0,g50c25,2008-2012,131976,100000,1.3198,,0.2612,0.6563,1551,769,159,2,1284,46,44317,0,0.0,0.7802,-0.00959,0.01395,-0.08092,0.10949,0.11385,0.31518
S0,g50c25,2010-2019,409398,200000,2.047,,0.1473,0.9601,1613,610,99,11,136,21,196649,10,0.0002,0.659,0.10329,0.00335,-0.22052,0.07262,0.31143,0.95393
S0,g50c25,2010-2026,1209370,333333,3.6281,,0.2549,0.9526,1631,927,123,28,528,59,479199,30,0.0005,0.6866,0.29719,-0.08281,-0.43079,0.10038,0.4731,2.00103
S0,g50c25,2013-2019,226611,140000,1.6187,,0.1147,0.9989,1665,272,43,2,0,0,180183,860,0.5082,0.135,0.07652,0.00947,-0.16413,0.07469,0.1947,0.55095
S0,g50c25,2020-2026,222237,133333,1.6668,,0.2034,0.77,1667,437,70,5,0,0,147147,460,0.1031,0.3204,0.04805,-0.07468,-0.17336,0.02474,0.10755,0.47256
S0,g50c50,1998-2002,95622,100000,0.9562,,0.1615,0.8522,1635,293,45,7,0,0,67253,1635,0.6779,0.187,0.09519,0.24132,,-0.15182,0.06742,-0.12351
S0,g50c50,1998-2019,2011741,440000,4.5721,,0.4792,0.9379,1635,1373,176,46,2574,117,515119,7,0.0,0.8359,0.28756,0.52742,,0.42003,1.16718,2.97814
S0,g50c50,1998-2026,5571963,573333,9.7185,,0.4859,0.932,1635,1630,188,71,3128,195,1731260,1,0.0,0.8512,0.36695,0.4974,,0.59597,1.72443,6.33837
S0,g50c50,2000-2019,1400729,400000,3.5018,,0.4302,0.8871,1529,1224,174,43,2678,151,314535,4,0.0001,0.9,0.2334,0.21048,-0.2024,0.16273,0.72406,2.12842
S0,g50c50,2000-2020,1661363,420000,3.9556,,0.4268,0.9028,1563,1221,176,47,2802,161,455189,1,0.0,0.9006,0.29091,0.19477,-0.36877,0.33843,0.78313,2.53957
S0,g50c50,2000-2026,3398292,533333,6.3718,,0.4267,0.9024,1590,1445,187,66,3339,253,1006541,1,0.0,0.8854,0.41306,0.03027,-0.4751,0.13229,0.87228,3.92813
S0,g50c50,2003-2007,124611,100000,1.2461,,0.0496,0.9504,1584,430,85,1,0,0,79724,843,0.4771,0.2899,-0.11336,-0.03493,-0.09644,-0.21962,0.02678,0.1342
S0,g50c50,2008-2012,129872,100000,1.2987,,0.2592,0.66,1551,771,159,2,1282,45,41827,0,0.0,0.7867,-0.02537,-0.00221,-0.09557,0.09181,0.0961,0.29421
S0,g50c50,2010-2019,385597,200000,1.928,,0.1265,0.9668,1624,612,99,11,133,21,172141,54,0.001,0.6712,0.03914,-0.05498,-0.26584,0.01026,0.23518,0.84034
S0,g50c50,2010-2026,1087419,333333,3.2623,,0.2304,0.9618,1641,927,123,28,528,59,357247,163,0.0025,0.7107,0.16638,-0.1753,-0.48819,-0.01058,0.32456,1.69841
S0,g50c50,2013-2019,205532,140000,1.4681,,0.0791,0.9959,1660,272,43,2,0,0,159104,852,0.5059,0.1423,-0.02362,-0.08443,-0.24188,-0.02528,0.08357,0.40668
S0,g50c50,2020-2026,205153,133333,1.5386,,0.1501,0.8272,1667,437,70,5,0,0,130064,742,0.1517,0.3293,-0.03252,-0.14581,-0.2369,-0.05403,0.02241,0.35936
S0,g67,1998-2002,82255,100000,0.8225,,0.3197,0.6985,1602,293,45,7,0,0,53887,1602,0.6163,0.1947,-0.0579,0.0678,,-0.27039,-0.08179,-0.24603
S0,g67,1998-2019,2179601,440000,4.9536,,0.4781,0.8958,1602,1362,175,47,2622,119,684181,1,0.0,0.8315,0.39499,0.65487,,0.53851,1.34801,3.31008
S0,g67,1998-2026,6906900,573333,12.0469,,0.4881,0.896,1602,1627,189,72,3141,190,3055247,15,0.0,0.8255,0.69445,0.85614,,0.97833,2.37715,8.09651
S0,g67,2000-2019,1494965,400000,3.7374,,0.4291,0.8812,1532,1216,174,43,2698,153,410963,0,0.0,0.9,0.31638,0.29191,-0.14874,0.24096,0.84005,2.33888
S0,g67,2000-2020,1823023,420000,4.3405,,0.4183,0.8875,1562,1216,176,47,2800,165,644589,6,0.0001,0.8929,0.41652,0.31103,-0.30735,0.46867,0.95664,2.88399
S0,g67,2000-2026,4094015,533333,7.6763,,0.4378,0.8816,1589,1440,186,63,3399,266,1701420,7,0.0,0.8621,0.70235,0.24119,-0.36764,0.3641,1.25559,4.93706
S0,g67,2003-2007,132521,100000,1.3252,,0.0884,0.9116,1519,430,85,1,0,0,87634,778,0.4737,0.2778,-0.05708,0.02633,-0.03909,-0.17008,0.09195,0.20619
S0,g67,2008-2012,134806,100000,1.3481,,0.262,0.6547,1551,768,159,2,1285,46,47274,0,0.0,0.7742,0.01165,0.03569,-0.06122,0.13328,0.13773,0.34338
S0,g67,2010-2019,442555,200000,2.2128,,0.1686,0.9532,1589,609,99,11,138,21,230967,8,0.0002,0.6452,0.19264,0.08461,-0.15739,0.15949,0.41764,1.11218
S0,g67,2010-2026,1415285,333333,4.2459,,0.2729,0.9464,1609,926,123,28,525,60,685824,1,0.0,0.6522,0.51806,0.07336,-0.33388,0.28774,0.72392,2.51201
S0,g67,2013-2019,256850,140000,1.8346,,0.1542,0.9994,1666,272,43,2,0,0,210422,864,0.5092,0.1264,0.22017,0.14417,-0.0526,0.21809,0.35412,0.7579
S0,g67,2020-2026,242701,133333,1.8203,,0.2392,0.7282,1667,437,70,5,0,0,167611,251,0.0598,0.3122,0.14455,0.01053,-0.09724,0.1191,0.20953,0.60816
S0,g67c25,1998-2002,86811,100000,0.8681,,0.2709,0.7477,1619,293,45,7,0,0,58443,1619,0.6372,0.1923,-0.00572,0.12695,,-0.22997,-0.03093,-0.20427
S0,g67c25,1998-2019,2102046,440000,4.7774,,0.4786,0.9171,1619,1366,176,47,2594,118,600583,4,0.0,0.8338,0.34535,0.59598,,0.48377,1.26446,3.15672
S0,g67c25,1998-2026,6156615,573333,10.7383,,0.4851,0.9142,1619,1628,188,69,3165,196,2320329,4,0.0,0.8371,0.51038,0.65451,,0.76343,2.01029,7.10837
S0,g67c25,2000-2019,1450707,400000,3.6268,,0.4281,0.8851,1531,1219,174,43,2684,152,365630,1,0.0,0.9004,0.27741,0.25367,-0.17394,0.20422,0.78557,2.24004
S0,g67c25,2000-2020,1749789,420000,4.1662,,0.4228,0.8931,1565,1215,174,47,2822,166,554946,4,0.0,0.8982,0.35962,0.25836,-0.33517,0.40967,0.87804,2.72796
S0,g67c25,2000-2026,3735308,533333,7.0037,,0.4351,0.8816,1593,1445,186,65,3366,257,1327753,7,0.0,0.8726,0.55319,0.13244,-0.42304,0.24458,1.05796,4.41687
S0,g67c25,2003-2007,128435,100000,1.2844,,0.0704,0.9296,1549,430,85,1,0,0,83549,808,0.4776,0.2838,-0.08615,-0.00531,-0.06871,-0.19567,0.05829,0.16901
S0,g67c25,2008-2012,132534,100000,1.3253,,0.2602,0.6583,1551,770,159,2,1283,45,44616,0,0.0,0.7809,-0.0054,0.01824,-0.07704,0.11418,0.11856,0.32074
S0,g67c25,2010-2019,415956,200000,2.0798,,0.1465,0.9602,1600,611,99,11,138,21,201823,16,0.0004,0.6579,0.12096,0.01942,-0.20804,0.0898,0.33243,0.98523
S0,g67c25,2010-2026,1234669,333333,3.704,,0.2447,0.9556,1619,927,123,28,528,59,504497,58,0.0009,0.6803,0.32432,-0.06362,-0.41889,0.1234,0.50392,2.06381
S0,g67c25,2013-2019,231921,140000,1.6566,,0.1197,0.9964,1661,272,43,2,0,0,185493,856,0.5069,0.1333,0.10175,0.03313,-0.14455,0.09987,0.2227,0.58729
S0,g67c25,2020-2026,223306,133333,1.6748,,0.1876,0.7831,1667,437,70,5,0,0,148217,526,0.1131,0.3205,0.05309,-0.07022,-0.16938,0.02967,0.11288,0.47964
S0,s_g0c50,1998-2002,104580,100000,1.0458,,0.1228,0.9519,1635,293,45,7,0,0,76212,1635,0.723,0.1838,0.19779,0.35761,,-0.07236,0.16742,-0.0414
S0,s_g0c50,1998-2019,1982435,440000,4.5055,,0.4789,0.9312,1635,1388,176,48,2544,115,472762,7,0.0,0.8366,0.2688,0.50517,,0.39934,1.13561,2.92019
S0,s_g0c50,1998-2026,5284652,573333,9.2174,,0.4809,0.923,1635,1627,189,72,3140,187,1459695,0,0.0,0.8588,0.29646,0.42019,,0.51367,1.58395,5.95998
S0,s_g0c50,2000-2019,1376859,400000,3.4421,,0.4339,0.899,1524,1235,174,43,2663,145,284096,2,0.0002,0.8973,0.21238,0.18985,-0.21599,0.14292,0.69468,2.0751
S0,s_g0c50,2000-2020,1590646,420000,3.7873,,0.4312,0.9096,1547,1230,178,48,2773,157,381001,4,0.0,0.9001,0.23596,0.14391,-0.39564,0.28146,0.70723,2.3889
S0,s_g0c50,2000-2026,3300739,533333,6.1889,,0.4273,0.9142,1570,1451,187,65,3352,242,893443,0,0.0,0.8934,0.37249,0.00069,-0.49017,0.09978,0.81854,3.78666
S0,s_g0c50,2003-2007,123772,100000,1.2377,,0.0493,0.9577,1596,430,85,1,0,0,78885,855,0.4639,0.2907,-0.11933,-0.04142,-0.10252,-0.22487,0.01986,0.12656
S0,s_g0c50,2008-2012,128347,100000,1.2835,,0.2614,0.6525,1490,768,159,2,1287,47,40865,0,0.0,0.7876,-0.03682,-0.01393,-0.10619,0.07898,0.08322,0.27901
S0,s_g0c50,2010-2019,365495,200000,1.8275,,0.1369,0.9486,1663,609,99,11,143,22,153915,0,0.0,0.6777,-0.01503,-0.10425,-0.30411,-0.04241,0.17079,0.74439
S0,s_g0c50,2010-2026,1016230,333333,3.0487,,0.2574,0.9445,1667,927,123,28,529,60,290861,2,0.0,0.7307,0.09002,-0.22929,-0.5217,-0.07536,0.23784,1.52176
S0,s_g0c50,2013-2019,189894,140000,1.3564,,0.0911,1.0,1667,272,43,2,0,0,143467,869,0.5107,0.1489,-0.0979,-0.15409,-0.29956,-0.09944,0.00113,0.29966
S0,s_g0c50,2020-2026,198515,133333,1.4889,,0.22,0.7651,1667,437,70,5,0,0,123425,435,0.1096,0.3334,-0.06382,-0.17345,-0.26159,-0.08464,-0.01067,0.31538
S0,s_g50c50,1998-2002,101167,100000,1.0117,,0.1325,0.9291,1635,293,45,7,0,0,72799,1635,0.7048,0.184,0.1587,0.31331,,-0.10263,0.12932,-0.07268
S0,s_g50c50,1998-2019,2012046,440000,4.5728,,0.479,0.9312,1635,1391,175,46,2550,115,498907,2,0.0,0.8355,0.28775,0.52765,,0.42024,1.1675,2.97875
S0,s_g50c50,1998-2026,5495244,573333,9.5847,,0.4832,0.923,1635,1631,188,73,3105,181,1633879,3,0.0,0.8536,0.34813,0.47678,,0.57399,1.68691,6.23733
S0,s_g50c50,2000-2019,1398116,400000,3.4953,,0.4331,0.8966,1530,1238,174,43,2658,147,302064,1,0.0,0.8965,0.2311,0.20822,-0.20389,0.16056,0.72084,2.12258
S0,s_g50c50,2000-2020,1633593,420000,3.8895,,0.4293,0.9089,1557,1231,178,46,2766,162,423781,3,0.0,0.898,0.26933,0.1748,-0.37932,0.31606,0.75332,2.4804
S0,s_g50c50,2000-2026,3389690,533333,6.3557,,0.4277,0.9138,1583,1453,186,66,3361,246,965560,16,0.0001,0.8887,0.40948,0.02766,-0.47643,0.12942,0.86754,3.91566
S0,s_g50c50,2003-2007,124626,100000,1.2463,,0.0499,0.9501,1584,430,85,1,0,0,79740,842,0.4695,0.2899,-0.11325,-0.03481,-0.09633,-0.21952,0.0269,0.13434
S0,s_g50c50,2008-2012,129808,100000,1.2981,,0.2599,0.6564,1545,769,159,2,1285,45,41939,21,0.0014,0.7846,-0.02586,-0.0027,-0.09602,0.09127,0.09556,0.29358
S0,s_g50c50,2010-2019,377346,200000,1.8867,,0.1315,0.9616,1639,611,99,11,138,21,163894,6,0.0002,0.6747,0.01691,-0.07521,-0.28155,-0.01136,0.20875,0.80096
S0,s_g50c50,2010-2026,1065186,333333,3.1956,,0.244,0.9501,1651,927,123,28,528,59,335015,19,0.0003,0.7189,0.14253,-0.19216,-0.49866,-0.03081,0.29747,1.64324
S0,s_g50c50,2013-2019,198698,140000,1.4193,,0.0808,1.0,1667,272,43,2,0,0,152270,861,0.5084,0.1451,-0.05608,-0.11487,-0.26709,-0.05769,0.04755,0.35991
S0,s_g50c50,2020-2026,203362,133333,1.5252,,0.183,0.7979,1667,437,70,5,0,0,128273,600,0.1351,0.3295,-0.04096,-0.15326,-0.24356,-0.06229,0.01348,0.34749
S0,s_g67c25,1998-2002,90655,100000,0.9065,,0.2042,0.7948,1619,293,45,7,0,0,62287,1619,0.6592,0.1891,0.0383,0.17684,,-0.19588,0.01198,-0.16904
S0,s_g67c25,1998-2019,2089208,440000,4.7482,,0.4796,0.9068,1619,1377,176,46,2571,116,590664,6,0.0,0.8325,0.33714,0.58623,,0.47471,1.25063,3.13133
S0,s_g67c25,1998-2026,6053151,573333,10.5578,,0.4882,0.9006,1619,1627,188,68,3168,202,2230102,3,0.0,0.8394,0.485,0.62671,,0.73379,1.9597,6.97211
S0,s_g67c25,2000-2019,1444827,400000,3.6121,,0.4303,0.889,1532,1225,174,43,2677,151,358245,4,0.0003,0.8989,0.27223,0.24859,-0.17729,0.19934,0.77834,2.22691
S0,s_g67c25,2000-2020,1733354,420000,4.127,,0.4254,0.8955,1561,1221,175,48,2792,161,532805,5,0.0,0.897,0.34685,0.24654,-0.34142,0.39643,0.8604,2.69295
S0,s_g67c25,2000-2026,3705411,533333,6.9476,,0.4329,0.885,1588,1444,186,65,3368,255,1299438,0,0.0,0.8742,0.54076,0.12338,-0.42766,0.23462,1.04149,4.37351
S0,s_g67c25,2003-2007,128727,100000,1.2873,,0.0744,0.9256,1543,430,85,1,0,0,83840,801,0.4722,0.2835,-0.08407,-0.00305,-0.06659,-0.19384,0.06069,0.17167
S0,s_g67c25,2008-2012,132969,100000,1.3297,,0.262,0.6545,1551,768,159,2,1285,46,45437,0,0.0,0.778,-0.00214,0.02158,-0.07401,0.11784,0.12223,0.32507
S0,s_g67c25,2010-2019,409850,200000,2.0493,,0.1473,0.9565,1605,611,99,11,134,21,196240,0,0.0,0.6605,0.1045,0.00446,-0.21966,0.07381,0.31287,0.95609
S0,s_g67c25,2010-2026,1221763,333333,3.6653,,0.2538,0.9473,1618,926,123,27,548,60,489004,2,0.0001,0.6814,0.31048,-0.07341,-0.42496,0.11165,0.4882,2.03179
S0,s_g67c25,2013-2019,227002,140000,1.6214,,0.1147,0.9991,1665,272,43,2,0,0,180574,862,0.5088,0.1349,0.07838,0.01121,-0.16269,0.07654,0.19676,0.55362
S0,s_g67c25,2020-2026,222822,133333,1.6712,,0.2165,0.7567,1667,437,70,5,0,0,147733,394,0.0906,0.3203,0.05081,-0.07224,-0.17118,0.02744,0.11047,0.47644
S0,s_g67c50,1998-2002,99418,100000,0.9942,,0.1401,0.9038,1635,293,45,7,0,0,71050,1635,0.6965,0.185,0.13867,0.2906,,-0.11815,0.1098,-0.08871
S0,s_g67c50,1998-2019,2017676,440000,4.5856,,0.4795,0.9312,1635,1389,176,46,2536,114,510717,6,0.0,0.8349,0.29135,0.53192,,0.42422,1.17357,2.98988
S0,s_g67c50,1998-2026,5528145,573333,9.6421,,0.485,0.923,1635,1632,188,71,3119,195,1672400,14,0.0,0.8528,0.3562,0.48562,,0.58342,1.703,6.28067
S0,s_g67c50,2000-2019,1402229,400000,3.5056,,0.4325,0.896,1532,1238,174,43,2659,146,307282,4,0.0002,0.897,0.23472,0.21177,-0.20155,0.16398,0.72591,2.13177
S0,s_g67c50,2000-2020,1645025,420000,3.9167,,0.4285,0.9082,1561,1230,177,48,2784,160,434944,4,0.0,0.8987,0.27822,0.18302,-0.37498,0.32527,0.76559,2.50476
S0,s_g67c50,2000-2026,3391321,533333,6.3587,,0.4303,0.9023,1587,1453,187,66,3342,249,967040,4,0.0,0.8875,0.41016,0.02815,-0.47618,0.12996,0.86844,3.91802
S0,s_g67c50,2003-2007,124728,100000,1.2473,,0.0511,0.9489,1581,430,85,1,0,0,79841,840,0.4715,0.2899,-0.11253,-0.03402,-0.0956,-0.21889,0.02774,0.13526
S0,s_g67c50,2008-2012,130084,100000,1.3008,,0.2598,0.6567,1545,769,159,2,1285,45,42216,42,0.0018,0.7836,-0.02378,-0.00058,-0.09409,0.09359,0.09789,0.29633
S0,s_g67c50,2010-2019,380588,200000,1.9029,,0.1298,0.9658,1632,612,99,11,134,21,166506,2,0.0,0.6741,0.02564,-0.06726,-0.27537,-0.00286,0.21914,0.81643
S0,s_g67c50,2010-2026,1076049,333333,3.2281,,0.2393,0.9518,1645,927,123,28,528,59,345878,39,0.0006,0.7155,0.15419,-0.18392,-0.49354,-0.02093,0.31071,1.6702
S0,s_g67c50,2013-2019,201139,140000,1.4367,,0.078,0.9985,1664,272,43,2,0,0,154711,858,0.5076,0.1441,-0.04449,-0.104,-0.25809,-0.04612,0.06041,0.37661
S0,s_g67c50,2020-2026,204285,133333,1.5321,,0.1702,0.8094,1667,437,70,5,0,0,129196,657,0.1426,0.3289,-0.03661,-0.14942,-0.24013,-0.05804,0.01808,0.35361
S100,c100,1998-2002,131145,100000,1.3115,0.05592,0.0444,1.0,100000,293,45,7,0,0,102777,100000,0.7778,0.1054,0.24663,0.36708,,-0.15731,0.20841,0.07633
S100,c100,1998-2019,2820729,440000,6.4107,0.0882,0.362,1.0,440000,2162,211,62,0,0,424869,21783,0.0187,0.591,-0.06912,0.31063,,-0.11688,0.9151,3.23454
S100,c100,1998-2026,7789555,573333,13.5864,0.09554,0.362,1.0,573333,2616,227,102,0,0,1818605,28384,0.0187,0.6395,-0.20125,0.05098,,-0.19023,1.04258,6.45977
S100,c100,2000-2019,2288637,400000,5.7216,0.09118,0.3673,1.0,400000,2019,207,59,195,26,308923,66,0.0001,0.6561,0.10354,0.78129,1.23555,-0.10537,1.30718,3.14379
S100,c100,2000-2020,2664790,420000,6.3447,0.09203,0.3673,1.0,420000,2058,209,67,195,26,428316,69,0.0001,0.6652,0.0995,0.6723,0.67055,-0.01944,1.28551,3.57866
S100,c100,2000-2026,6291783,533333,11.7971,0.09721,0.3673,1.0,533333,2473,223,99,195,26,1499554,88,0.0001,0.6931,0.16906,0.38967,0.30451,-0.20192,1.39404,6.10196
S100,c100,2003-2007,122487,100000,1.2249,0.04155,0.0301,1.0,100000,430,85,1,0,0,77601,77601,0.6309,0.1544,-0.42552,-0.28765,-0.38267,-0.38911,-0.17275,0.06004
S100,c100,2008-2012,156921,100000,1.5692,0.09464,0.1671,0.8659,86588,1162,179,4,0,0,7000,7000,0.0445,0.6515,0.29374,0.39558,0.11492,0.55276,0.39991,0.54168
S100,c100,2010-2019,359235,200000,1.7962,0.06041,0.1124,0.9954,199073,679,99,11,0,0,116048,115563,0.3223,0.4209,-0.44552,-0.48103,-0.64621,-0.47315,-0.19007,0.69678
S100,c100,2010-2026,1242911,333333,3.7287,0.08253,0.2099,0.9954,331788,1118,134,35,0,0,223305,162471,0.179,0.5514,-0.41542,-0.59236,-0.79214,-0.5268,-0.15384,1.92793
S100,c100,2013-2019,162053,140000,1.1575,0.02119,0.0298,1.0,140000,272,43,2,0,0,115625,115490,0.7124,0.0962,-0.51856,-0.54165,-0.66235,-0.52086,-0.36017,0.09662
S100,c100,2020-2026,182316,133333,1.3674,0.0486,0.0561,0.9986,133150,437,70,5,0,0,107227,106882,0.5881,0.1881,-0.34541,-0.4785,-0.60691,-0.40518,-0.30849,0.13693
S100,f_g0c25,1998-2002,117418,100000,1.1742,0.03275,0.2898,0.9613,96134,293,45,7,0,0,89050,82918,0.7584,0.0996,0.11614,0.22398,,-0.24552,0.08193,-0.03633
S100,f_g0c25,1998-2019,2911170,440000,6.6163,0.08976,0.5112,0.9613,422988,2131,211,62,51,12,535338,8,0.0,0.5873,-0.03927,0.35265,,-0.08856,0.9765,3.37032
S100,f_g0c25,1998-2026,8957187,573333,15.623,0.1009,0.5112,0.9613,551166,2585,227,102,51,12,3005794,10,0.0,0.6222,-0.08152,0.20852,,-0.06885,1.34876,7.57797
S100,f_g0c25,2000-2019,1896684,400000,4.7417,0.08097,0.5078,0.7488,299525,1674,183,50,1361,109,305779,11,0.0,0.6822,-0.08545,0.47622,0.85269,-0.25858,0.91205,2.43412
S100,f_g0c25,2000-2020,2259111,420000,5.3788,0.08347,0.5078,0.7488,314501,1713,185,58,1361,109,447501,12,0.0,0.6889,-0.06789,0.41772,0.41623,-0.16872,0.93757,2.88162
S100,f_g0c25,2000-2026,5806967,533333,10.8881,0.09391,0.5078,0.7488,399366,2128,206,85,1361,109,1823810,15,0.0,0.7024,0.07898,0.28259,0.20399,-0.26342,1.20957,5.55472
S100,f_g0c25,2003-2007,159880,100000,1.5988,0.09875,0.0939,0.9068,90684,430,85,1,0,0,114993,88686,0.7192,0.1243,-0.25014,-0.07019,-0.19421,-0.20262,0.07979,0.38365
S100,f_g0c25,2008-2012,128083,100000,1.2808,0.05093,0.4628,0.5493,54932,936,160,4,654,68,31,25,0.0002,0.7845,0.05598,0.13911,-0.08997,0.26741,0.14264,0.25836
S100,f_g0c25,2010-2019,582949,200000,2.9147,0.11309,0.1602,0.9362,187245,679,99,11,0,0,339763,160530,0.5821,0.2987,-0.10021,-0.15784,-0.42588,-0.14505,0.31431,1.75345
S100,f_g0c25,2010-2026,2241330,333333,6.724,0.12167,0.2745,0.9362,312075,1118,134,35,0,0,1221724,267551,0.5366,0.3508,0.05416,-0.26491,-0.62517,-0.14668,0.52587,4.27991
S100,f_g0c25,2013-2019,291681,140000,2.0834,0.11095,0.148,1.0,140000,272,43,2,0,0,245253,139650,0.8402,0.0614,-0.13345,-0.175,-0.39225,-0.13759,0.15164,0.97381
S100,f_g0c25,2020-2026,294821,133333,2.2112,0.1279,0.2545,0.7723,102975,437,70,5,0,0,219731,99586,0.7453,0.1378,0.05852,-0.15669,-0.36434,-0.03812,0.11824,0.83852
S100,f_g0c50,1998-2002,124152,100000,1.2415,0.04437,0.1665,0.9613,96134,293,45,7,0,0,95784,92094,0.7701,0.1002,0.18015,0.29418,,-0.20224,0.14398,0.01894
S100,f_g0c50,1998-2019,2946483,440000,6.6966,0.09036,0.4675,0.9613,422988,2162,211,62,0,0,550623,31874,0.0287,0.5772,-0.02762,0.36906,,-0.0775,1.00047,3.42333
S100,f_g0c50,1998-2026,8648689,573333,15.0849,0.09955,0.4675,0.9613,551166,2616,227,102,0,0,2677739,41532,0.0287,0.6167,-0.11316,0.1669,,-0.10092,1.26786,7.28253
S100,f_g0c50,2000-2019,1986804,400000,4.967,0.08349,0.483,0.847,338801,1752,187,53,1074,100,295656,1,0.0,0.6752,-0.042,0.54637,0.94072,-0.22335,1.0029,2.5973
S100,f_g0c50,2000-2020,2347033,420000,5.5882,0.08545,0.483,0.847,355741,1791,189,61,1074,100,434983,1,0.0,0.6828,-0.03161,0.47289,0.47135,-0.13637,1.01298,3.03269
S100,f_g0c50,2000-2026,5827776,533333,10.9271,0.09406,0.483,0.847,451734,2206,210,88,1074,100,1701584,1,0.0,0.7001,0.08285,0.28718,0.2083,-0.26078,1.21748,5.5782
S100,f_g0c50,2003-2007,146237,100000,1.4624,0.07926,0.062,0.9387,93872,430,85,1,0,0,101350,91875,0.6928,0.1336,-0.31413,-0.14953,-0.26297,-0.27067,-0.01235,0.26558
S100,f_g0c50,2008-2012,148467,100000,1.4847,0.08254,0.379,0.6334,63339,1145,178,4,31,15,17,16,0.0001,0.7136,0.22404,0.32039,0.05485,0.46911,0.32448,0.45862
S100,f_g0c50,2010-2019,485656,200000,2.4283,0.09292,0.1366,0.9625,192496,679,99,11,0,0,242470,159371,0.4985,0.3367,-0.25038,-0.2984,-0.5217,-0.28774,0.09496,1.29391
S100,f_g0c50,2010-2026,1733318,333333,5.2,0.10444,0.2375,0.9625,320827,1118,134,35,0,0,713712,265618,0.4058,0.4164,-0.18477,-0.43153,-0.71013,-0.34009,0.18002,3.08318
S100,f_g0c50,2013-2019,239115,140000,1.708,0.07976,0.1058,1.0,140000,272,43,2,0,0,192688,139650,0.805,0.0712,-0.28962,-0.32368,-0.50178,-0.29301,-0.05591,0.6181
S100,f_g0c50,2020-2026,250525,133333,1.8789,0.10039,0.1707,0.8533,113768,437,70,5,0,0,175436,110379,0.7003,0.1522,-0.10052,-0.28339,-0.45984,-0.18264,-0.04977,0.56229
S100,f_g100c25,1998-2002,113016,100000,1.1302,0.02486,0.5655,0.9613,96134,293,45,7,0,0,84648,77420,0.7435,0.0981,0.0743,0.1781,,-0.2738,0.04137,-0.07245
S100,f_g100c25,1998-2019,2789707,440000,6.3402,0.08765,0.5655,0.9613,422988,1979,200,61,578,58,578420,9,0.0,0.5998,-0.07935,0.29622,,-0.12659,0.89403,3.18797
S100,f_g100c25,1998-2026,8909620,573333,15.54,0.1007,0.5655,0.9613,551166,2433,221,97,578,58,3471594,12,0.0,0.6222,-0.0864,0.2021,,-0.07379,1.33628,7.53242
S100,f_g100c25,2000-2019,1475505,400000,3.6888,0.06748,0.566,0.5363,214520,1367,162,43,2721,130,271782,81,0.0002,0.7328,-0.28854,0.14841,0.44128,-0.42322,0.48746,1.67154
S100,f_g100c25,2000-2020,1819781,420000,4.3328,0.07237,0.566,0.5363,225246,1406,167,48,2721,130,439624,85,0.0002,0.7352,-0.24916,0.14201,0.14082,-0.33038,0.56077,2.12676
S100,f_g100c25,2000-2026,4578107,533333,8.5839,0.08418,0.566,0.5363,286026,1821,197,68,2721,130,1501002,108,0.0002,0.7372,-0.14935,0.01117,-0.0508,-0.41929,0.74198,4.16762
S100,f_g100c25,2003-2007,166818,100000,1.6682,0.10816,0.1208,0.8792,87920,430,85,1,0,0,121931,87145,0.7309,0.1202,-0.21761,-0.02984,-0.15925,-0.16802,0.12665,0.44369
S100,f_g100c25,2008-2012,137694,100000,1.3769,0.0663,0.4411,0.5843,58431,1028,173,4,301,54,23,21,0.0002,0.7578,0.13522,0.22458,-0.02169,0.36251,0.22838,0.35278
S100,f_g100c25,2010-2019,717713,200000,3.5886,0.13652,0.1488,0.9194,183878,679,99,11,0,0,474526,178959,0.6546,0.2656,0.1078,0.03684,-0.29316,0.0526,0.61815,2.38998
S100,f_g100c25,2010-2026,3130497,333333,9.3915,0.14448,0.2583,0.9194,306463,1118,134,35,0,0,2110891,298265,0.6404,0.2865,0.47236,0.02671,-0.47647,0.19184,1.1312,6.37452
S100,f_g100c25,2013-2019,361520,140000,2.5823,0.14567,0.1515,0.9961,139456,272,43,2,0,0,315092,138760,0.869,0.053,0.07403,0.02253,-0.24674,0.0689,0.42738,1.44642
S100,f_g100c25,2020-2026,355973,133333,2.6698,0.16062,0.2656,0.8429,112385,437,70,5,0,0,280883,110128,0.7891,0.1199,0.27808,0.01823,-0.23249,0.1614,0.35018,1.21987
S100,f_g100c50,1998-2002,130440,100000,1.3044,0.05478,0.3362,0.9613,96134,293,45,7,0,0,102071,96134,0.7778,0.0942,0.23992,0.35972,,-0.16185,0.20191,0.07054
S100,f_g100c50,1998-2019,3193414,440000,7.2578,0.09436,0.4287,0.9613,422988,2162,211,62,0,0,797554,96400,0.0845,0.5483,0.05388,0.48379,,-0.00019,1.16813,3.79403
S100,f_g100c50,1998-2026,9558951,573333,16.6726,0.10341,0.4287,0.9613,551166,2616,227,102,0,0,3588001,125612,0.0845,0.5787,-0.01982,0.28971,,-0.00629,1.50655,8.15426
S100,f_g100c50,2000-2019,1686462,400000,4.2162,0.07464,0.5026,0.7019,280753,1543,180,48,1851,124,272957,20,0.0,0.6976,-0.18682,0.3126,0.64734,-0.34076,0.70013,2.0535
S100,f_g100c50,2000-2020,2030990,420000,4.8357,0.07799,0.5026,0.7019,294791,1582,182,56,1851,124,418866,21,0.0,0.7031,-0.16201,0.27456,0.27322,-0.25266,0.74192,2.48966
S100,f_g100c50,2000-2026,4998377,533333,9.372,0.08776,0.5026,0.7019,374338,1997,204,83,1851,124,1444751,26,0.0,0.7168,-0.07126,0.10399,0.03634,-0.36598,0.90189,4.64201
S100,f_g100c50,2003-2007,150473,100000,1.5047,0.08546,0.1208,0.8792,87920,430,85,1,0,0,105586,87145,0.7017,0.1306,-0.29426,-0.1249,-0.24162,-0.24954,0.01626,0.30224
S100,f_g100c50,2008-2012,158688,100000,1.5869,0.0971,0.3483,0.6725,67249,1162,179,4,0,0,8767,8554,0.0538,0.6734,0.30831,0.41129,0.12748,0.57025,0.41567,0.55904
S100,f_g100c50,2010-2019,549402,200000,2.747,0.1065,0.1265,0.9194,183878,679,99,11,0,0,306215,168723,0.5562,0.3122,-0.15199,-0.20631,-0.45892,-0.19425,0.23868,1.595
S100,f_g100c50,2010-2026,2062127,333333,6.1864,0.11606,0.208,0.9194,306463,1118,134,35,0,0,1042521,281205,0.5037,0.3686,-0.03012,-0.32369,-0.65514,-0.21491,0.40387,3.85776
S100,f_g100c50,2013-2019,275001,140000,1.9643,0.10162,0.104,0.9961,139456,272,43,2,0,0,228573,138760,0.8301,0.0645,-0.183,-0.22218,-0.42701,-0.18691,0.08578,0.86094
S100,f_g100c50,2020-2026,284027,133333,2.1302,0.12154,0.1801,0.9044,120589,437,70,5,0,0,208938,118333,0.7356,0.1382,0.01977,-0.18756,-0.38761,-0.07333,0.0773,0.77121
S100,f_g50c25,1998-2002,116249,100000,1.1625,0.03068,0.4342,0.9613,96134,293,45,7,0,0,87881,80549,0.753,0.0975,0.10503,0.21179,,-0.25303,0.07115,-0.04592
S100,f_g50c25,1998-2019,2990991,440000,6.7977,0.0911,0.5108,0.9613,422988,2162,211,62,0,0,595131,557,0.0005,0.5847,-0.01293,0.38974,,-0.06357,1.03069,3.49015
S100,f_g50c25,1998-2026,9536794,573333,16.6339,0.10332,0.5108,0.9613,551166,2616,227,102,0,0,3565844,725,0.0005,0.6135,-0.02209,0.28672,,-0.00859,1.50074,8.13304
S100,f_g50c25,2000-2019,1707188,400000,4.268,0.0753,0.5101,0.6353,254107,1541,180,48,1860,123,298680,72,0.0001,0.7029,-0.17682,0.32873,0.66759,-0.33266,0.72102,2.09102
S100,f_g50c25,2000-2020,2068560,420000,4.9251,0.07893,0.5101,0.6353,266812,1580,182,56,1860,123,463110,75,0.0001,0.7075,-0.14651,0.29813,0.29678,-0.23884,0.77414,2.55421
S100,f_g50c25,2000-2026,5276261,533333,9.893,0.08998,0.5101,0.6353,338809,1995,204,83,1860,123,1768320,95,0.0001,0.7141,-0.01963,0.16537,0.09396,-0.33073,1.00763,4.95567
S100,f_g50c25,2003-2007,166279,100000,1.6628,0.10744,0.0958,0.9042,90418,430,85,1,0,0,121392,89089,0.7301,0.1207,-0.22013,-0.03297,-0.16196,-0.17071,0.12301,0.43903
S100,f_g50c25,2008-2012,135000,100000,1.35,0.06208,0.4375,0.58,58000,1003,171,4,368,58,47,42,0.0003,0.7627,0.11301,0.20062,-0.04083,0.33585,0.20434,0.32631
S100,f_g50c25,2010-2019,664097,200000,3.3205,0.12771,0.1507,0.9378,187568,679,99,11,0,0,420910,174962,0.6317,0.2765,0.02505,-0.04061,-0.34596,-0.02603,0.49727,2.13674
S100,f_g50c25,2010-2026,2784042,333333,8.3521,0.13642,0.2378,0.9378,312613,1118,134,35,0,0,1764436,291604,0.6156,0.3077,0.30941,-0.08692,-0.53441,0.05994,0.89534,5.55838
S100,f_g50c25,2013-2019,331512,140000,2.3679,0.13153,0.1376,1.0,140000,272,43,2,0,0,285084,139650,0.8585,0.0562,-0.01512,-0.06235,-0.30926,-0.01983,0.3089,1.24335
S100,f_g50c25,2020-2026,337069,133333,2.528,0.15105,0.2174,0.8266,110207,437,70,5,0,0,261980,107489,0.7772,0.1247,0.21021,-0.03584,-0.27325,0.09972,0.27848,1.10198
S100,f_g50c50,1998-2002,126885,100000,1.2688,0.04895,0.2543,0.9613,96134,293,45,7,0,0,98517,94531,0.773,0.097,0.20613,0.32266,,-0.18469,0.16916,0.04137
S100,f_g50c50,1998-2019,3003633,440000,6.8264,0.09131,0.4701,0.9613,422988,2162,211,62,0,0,607773,42958,0.0391,0.5711,-0.00876,0.39561,,-0.05961,1.03928,3.50912
S100,f_g50c50,1998-2026,8974505,573333,15.6532,0.10098,0.4701,0.9613,551166,2616,227,102,0,0,3003554,55976,0.0391,0.6068,-0.07975,0.21086,,-0.06705,1.3533,7.59455
S100,f_g50c50,2000-2019,1834496,400000,4.5862,0.07917,0.5033,0.7652,306070,1637,182,48,1491,117,283003,1,0.0,0.6857,-0.11544,0.42782,0.79194,-0.28289,0.84936,2.32153
S100,f_g50c50,2000-2020,2193376,420000,5.2223,0.08195,0.5033,0.7652,321374,1676,184,56,1491,117,424334,1,0.0,0.6923,-0.09501,0.37646,0.37502,-0.19291,0.88119,2.76867
S100,f_g50c50,2000-2026,5532631,533333,10.3737,0.09192,0.5033,0.7652,408094,2091,205,83,1491,117,1580668,1,0.0,0.7084,0.02801,0.22199,0.14711,-0.29822,1.10518,5.24505
S100,f_g50c50,2003-2007,150758,100000,1.5076,0.08587,0.0958,0.9042,90418,430,85,1,0,0,105871,89089,0.7023,0.1304,-0.29293,-0.12324,-0.24019,-0.24812,0.01819,0.30471
S100,f_g50c50,2008-2012,155414,100000,1.5541,0.09252,0.3489,0.6691,66913,1162,179,4,0,0,5492,5417,0.0348,0.6845,0.28131,0.38217,0.10421,0.53785,0.38646,0.52687
S100,f_g50c50,2010-2019,524266,200000,2.6213,0.10132,0.1289,0.9378,187568,679,99,11,0,0,281079,166625,0.5352,0.3207,-0.19079,-0.24262,-0.48367,-0.23111,0.182,1.47627
S100,f_g50c50,2010-2026,1936895,333333,5.8107,0.11185,0.2132,0.9378,312613,1118,134,35,0,0,917289,277708,0.4696,0.3853,-0.08902,-0.36476,-0.67608,-0.26258,0.31861,3.56275
S100,f_g50c50,2013-2019,259506,140000,1.8536,0.0925,0.0984,1.0,140000,272,43,2,0,0,213078,139650,0.8202,0.0672,-0.22904,-0.26601,-0.45929,-0.23273,0.0246,0.75608
S100,f_g50c50,2020-2026,273538,133333,2.0515,0.11516,0.1486,0.8915,118869,437,70,5,0,0,198449,115855,0.7255,0.1422,-0.01789,-0.21757,-0.41023,-0.10755,0.03751,0.7058
S100,f_g67c15,1998-2002,107399,100000,1.074,0.01443,0.5655,0.9464,94643,293,45,7,0,0,79031,69617,0.7318,0.0998,0.0209,0.11954,,-0.30989,-0.01039,-0.11855
S100,f_g67c15,1998-2019,2967606,440000,6.7446,0.09071,0.5655,0.9464,416428,2107,211,62,123,21,614478,15,0.0,0.5916,-0.02064,0.37887,,-0.07089,1.01482,3.45504
S100,f_g67c15,1998-2026,9836168,573333,17.1561,0.10451,0.5655,0.9464,542619,2561,227,102,123,21,3922535,19,0.0,0.6148,0.00861,0.32712,,0.02253,1.57924,8.41974
S100,f_g67c15,2000-2019,1542204,400000,3.8555,0.06984,0.5595,0.5177,207070,1416,167,44,2607,129,292063,3,0.0,0.7246,-0.25638,0.20032,0.50643,-0.39715,0.5547,1.79231
S100,f_g67c15,2000-2020,1894607,420000,4.511,0.07443,0.5595,0.5177,217423,1455,171,50,2607,129,467935,3,0.0,0.7273,-0.21828,0.18897,0.18773,-0.30284,0.62495,2.25533
S100,f_g67c15,2000-2026,4874656,533333,9.14,0.08674,0.5595,0.5177,276093,1870,199,72,2607,129,1716305,4,0.0,0.7276,-0.09425,0.07667,0.01069,-0.38168,0.85482,4.50235
S100,f_g67c15,2003-2007,174377,100000,1.7438,0.11806,0.104,0.896,89598,430,85,1,0,0,129490,88824,0.7426,0.1162,-0.18215,0.01412,-0.12115,-0.13032,0.1777,0.50911
S100,f_g67c15,2008-2012,129874,100000,1.2987,0.05386,0.463,0.5572,55722,952,167,4,531,67,39,35,0.0003,0.7817,0.07075,0.15503,-0.07725,0.28513,0.15861,0.27595
S100,f_g67c15,2010-2019,765376,200000,3.8269,0.14386,0.16,0.9357,187141,679,99,11,0,0,522189,181168,0.6768,0.2546,0.18137,0.1057,-0.24622,0.1225,0.72561,2.61511
S100,f_g67c15,2010-2026,3520282,333333,10.5608,0.1526,0.2542,0.9357,311901,1118,134,35,0,0,2500676,301947,0.6723,0.2695,0.65569,0.15454,-0.41128,0.34024,1.39656,7.29274
S100,f_g67c15,2013-2019,380247,140000,2.7161,0.154,0.1521,1.0,140000,272,43,2,0,0,333819,139589,0.8757,0.051,0.12967,0.0755,-0.20772,0.12427,0.50132,1.57314
S100,f_g67c15,2020-2026,378456,133333,2.8384,0.17145,0.2599,0.8063,107502,437,70,5,0,0,303366,105246,0.8016,0.1159,0.3588,0.08254,-0.18401,0.23475,0.43546,1.36007
S100,f_g67c25,1998-2002,115291,100000,1.1529,0.02897,0.4841,0.9613,96134,293,45,7,0,0,86922,79288,0.75,0.0974,0.09592,0.2018,,-0.25919,0.06232,-0.05379
S100,f_g67c25,1998-2019,2959871,440000,6.727,0.09058,0.5094,0.9613,422988,2121,211,62,83,18,590056,169,0.0002,0.5889,-0.0232,0.37528,,-0.07331,1.00956,3.44343
S100,f_g67c25,1998-2026,9511570,573333,16.5899,0.10322,0.5094,0.9613,551166,2575,227,102,83,18,3565914,220,0.0002,0.6163,-0.02468,0.28332,,-0.01122,1.49413,8.10888
S100,f_g67c25,2000-2019,1617122,400000,4.0428,0.07239,0.5124,0.5953,238104,1480,172,48,2378,125,289870,3,0.0,0.7123,-0.22025,0.25863,0.57961,-0.36786,0.63022,1.92795
S100,f_g67c25,2000-2020,1968821,420000,4.6877,0.0764,0.5124,0.5953,250009,1519,176,54,2378,125,454427,3,0.0,0.7161,-0.18766,0.23554,0.23425,-0.27554,0.6886,2.38284
S100,f_g67c25,2000-2026,4984101,533333,9.3452,0.08764,0.5124,0.5953,317472,1934,202,78,2378,125,1645196,4,0.0,0.7217,-0.07392,0.10084,0.03338,-0.36779,0.89646,4.62589
S100,f_g67c25,2003-2007,167667,100000,1.6767,0.10929,0.104,0.896,89598,430,85,1,0,0,122780,88824,0.7323,0.1198,-0.21362,-0.0249,-0.15497,-0.16379,0.13238,0.45104
S100,f_g67c25,2008-2012,136271,100000,1.3627,0.06408,0.4351,0.584,58395,1016,172,4,341,58,47,42,0.0003,0.76,0.12349,0.21193,-0.0318,0.34843,0.21568,0.3388
S100,f_g67c25,2010-2019,686338,200000,3.4317,0.13144,0.1491,0.9357,187141,679,99,11,0,0,443152,178553,0.6427,0.2715,0.05937,-0.00848,-0.32406,0.00658,0.54741,2.24179
S100,f_g67c25,2010-2026,2933889,333333,8.8017,0.14002,0.2336,0.9357,311901,1118,134,35,0,0,1914283,297588,0.6285,0.2981,0.37989,-0.03777,-0.50935,0.11699,0.99735,5.91137
S100,f_g67c25,2013-2019,342627,140000,2.4473,0.13689,0.1359,1.0,140000,272,43,2,0,0,296199,139589,0.8627,0.055,0.01791,-0.03091,-0.2861,0.01304,0.35279,1.31857
S100,f_g67c25,2020-2026,346190,133333,2.5964,0.15572,0.2303,0.8322,110954,437,70,5,0,0,271100,108697,0.7831,0.1223,0.24296,-0.00975,-0.25358,0.12948,0.31308,1.15886
S100,f_g67c50,1998-2002,127947,100000,1.2795,0.0507,0.2819,0.9613,96134,293,45,7,0,0,99578,95531,0.7744,0.096,0.21622,0.33373,,-0.17786,0.17894,0.05008
S100,f_g67c50,1998-2019,3061509,440000,6.958,0.09226,0.4571,0.9613,422988,2162,211,62,0,0,665649,62191,0.0562,0.5633,0.01034,0.42251,,-0.04149,1.07857,3.59601
S100,f_g67c50,1998-2026,9165599,573333,15.9865,0.10179,0.4571,0.9613,551166,2616,227,102,0,0,3194648,81036,0.0562,0.5974,-0.06015,0.23664,,-0.04718,1.40341,7.77756
S100,f_g67c50,2000-2019,1792089,400000,4.4802,0.07791,0.5034,0.7426,297022,1603,181,48,1599,120,278228,48,0.0001,0.6901,-0.13588,0.39482,0.75052,-0.29947,0.80661,2.24475
S100,f_g67c50,2000-2020,2150230,420000,5.1196,0.08093,0.5034,0.7426,311873,1642,183,56,1599,120,422130,50,0.0001,0.6963,-0.11281,0.34939,0.34798,-0.20878,0.84419,2.69454
S100,f_g67c50,2000-2026,5407788,533333,10.1396,0.09099,0.5034,0.7426,396029,2057,204,83,1599,120,1536975,64,0.0001,0.7118,0.00481,0.19442,0.12123,-0.31405,1.05768,5.10414
S100,f_g67c50,2003-2007,152014,100000,1.5201,0.08768,0.104,0.896,89598,430,85,1,0,0,107127,88824,0.7047,0.1295,-0.28704,-0.11594,-0.23386,-0.24186,0.02666,0.31557
S100,f_g67c50,2008-2012,156379,100000,1.5638,0.09388,0.3466,0.6688,66885,1162,179,4,0,0,6458,6346,0.0405,0.6817,0.28928,0.39076,0.11107,0.54741,0.39508,0.53636
S100,f_g67c50,2010-2019,534704,200000,2.6735,0.1035,0.1275,0.9357,187141,679,99,11,0,0,291518,167944,0.5442,0.3169,-0.17467,-0.22754,-0.47339,-0.2158,0.20554,1.52558
S100,f_g67c50,2010-2026,1990745,333333,5.9722,0.11369,0.2049,0.9357,311901,1118,134,35,0,0,971139,279907,0.4845,0.378,-0.0637,-0.3471,-0.66708,-0.24208,0.35527,3.6896
S100,f_g67c50,2013-2019,265016,140000,1.893,0.09579,0.0972,1.0,140000,272,43,2,0,0,218589,139524,0.8239,0.0662,-0.21267,-0.25042,-0.44781,-0.21643,0.04636,0.79337
S100,f_g67c50,2020-2026,278472,133333,2.0885,0.11819,0.1571,0.8959,119456,437,70,5,0,0,203382,117199,0.7304,0.1403,-0.00018,-0.20345,-0.39959,-0.09146,0.05623,0.73657
S100,g0,1998-2002,110444,100000,1.1044,0.02014,0.3941,0.9613,96134,293,45,7,0,0,82076,74016,0.7431,0.0997,0.04984,0.15128,,-0.29033,0.01766,-0.09357
S100,g0,1998-2019,2896227,440000,6.5823,0.0895,0.5247,0.9613,422988,2080,210,62,198,26,572914,23,0.0,0.5903,-0.0442,0.34571,,-0.09324,0.96635,3.34788
S100,g0,1998-2026,9328409,573333,16.2705,0.10247,0.5247,0.9613,551166,2534,226,102,198,26,3517471,29,0.0,0.619,-0.04346,0.25861,,-0.03026,1.4461,7.93348
S100,g0,2000-2019,1790980,400000,4.4774,0.07788,0.5154,0.6511,260434,1585,181,48,1670,120,305608,116,0.0002,0.695,-0.13642,0.39395,0.74943,-0.2999,0.80549,2.24274
S100,g0,2000-2020,2146908,420000,5.1117,0.08085,0.5154,0.6511,273456,1624,183,56,1670,120,451666,122,0.0002,0.7007,-0.11418,0.3473,0.34589,-0.21001,0.84134,2.68883
S100,g0,2000-2026,5680131,533333,10.6502,0.093,0.5154,0.6511,347246,2039,204,83,1670,120,1931437,154,0.0002,0.7089,0.05541,0.25457,0.17769,-0.27951,1.1613,5.41155
S100,g0,2003-2007,173408,100000,1.7341,0.11681,0.1252,0.8755,87551,430,85,1,0,0,128521,85553,0.7411,0.1164,-0.1867,0.00848,-0.12603,-0.13516,0.17115,0.50072
S100,g0,2008-2012,120402,100000,1.204,0.03796,0.5007,0.5095,50951,843,150,4,916,120,40,0,0.0,0.8151,-0.00734,0.07079,-0.14455,0.1914,0.07412,0.1829
S100,g0,2010-2019,689158,200000,3.4458,0.1319,0.1896,0.9101,182022,679,99,11,0,0,445972,158772,0.645,0.2718,0.06373,-0.00441,-0.32128,0.01072,0.55377,2.25511
S100,g0,2010-2026,2945569,333333,8.8367,0.14029,0.3248,0.9101,303370,1118,134,35,0,0,1925963,264619,0.6291,0.3012,0.38538,-0.03394,-0.5074,0.12144,1.0053,5.93888
S100,g0,2013-2019,354901,140000,2.535,0.14264,0.1907,1.0,140000,272,43,2,0,0,308473,139650,0.8678,0.0531,0.05437,0.00381,-0.26053,0.04933,0.40125,1.40162
S100,g0,2020-2026,337771,133333,2.5333,0.15141,0.3363,0.6923,92306,437,70,5,0,0,262682,88916,0.7767,0.1279,0.21273,-0.03383,-0.27173,0.10201,0.28115,1.10636
S100,g0c25,1998-2002,117343,100000,1.1734,0.03262,0.2945,0.9712,97123,293,45,7,0,0,88975,82289,0.7582,0.0996,0.11543,0.2232,,-0.246,0.08123,-0.03694
S100,g0c25,1998-2019,2961187,440000,6.73,0.0906,0.4856,0.9712,427342,2162,211,62,0,0,565327,9646,0.0084,0.5825,-0.02276,0.37589,,-0.0729,1.01046,3.4454
S100,g0c25,1998-2026,9118370,573333,15.9041,0.10159,0.4856,0.9712,556840,2616,227,102,0,0,3147420,12569,0.0084,0.6168,-0.065,0.23027,,-0.05209,1.39102,7.73233
S100,g0c25,2000-2019,1907362,400000,4.7684,0.08128,0.4926,0.7486,299433,1681,183,50,1347,109,305023,64,0.0001,0.6847,-0.0803,0.48453,0.86312,-0.25441,0.92281,2.45346
S100,g0c25,2000-2020,2271639,420000,5.4087,0.08376,0.4926,0.7486,314405,1720,185,58,1347,109,446801,67,0.0001,0.6913,-0.06272,0.42558,0.42409,-0.16411,0.94832,2.90315
S100,g0c25,2000-2026,5845531,533333,10.9604,0.09418,0.4926,0.7486,399244,2135,206,85,1347,109,1832490,86,0.0001,0.7044,0.08614,0.2911,0.21199,-0.25853,1.22424,5.59825
S100,g0c25,2003-2007,159707,100000,1.5971,0.09851,0.0945,0.9061,90608,430,85,1,0,0,114820,88611,0.7189,0.1244,-0.25096,-0.07119,-0.19508,-0.20349,0.07862,0.38215
S100,g0c25,2008-2012,131266,100000,1.3127,0.05612,0.4336,0.5781,57809,966,169,4,479,65,46,1,0.0,0.7712,0.08223,0.16741,-0.06736,0.2989,0.17103,0.28963
S100,g0c25,2010-2019,574541,200000,2.8727,0.11147,0.161,0.9332,186631,679,99,11,0,0,331355,159829,0.576,0.3035,-0.11319,-0.16999,-0.43416,-0.15738,0.29535,1.71374
S100,g0c25,2010-2026,2217590,333333,6.6528,0.12095,0.2797,0.9332,311052,1118,134,35,0,0,1197984,266381,0.5317,0.3558,0.04299,-0.2727,-0.62914,-0.15572,0.5097,4.22398
S100,g0c25,2013-2019,292679,140000,2.0906,0.1115,0.1489,1.0,140000,272,43,2,0,0,246251,139650,0.8407,0.0612,-0.13048,-0.17218,-0.39017,-0.13464,0.15558,0.98057
S100,g0c25,2020-2026,292577,133333,2.1943,0.1266,0.2625,0.7617,101557,437,70,5,0,0,217488,98167,0.7434,0.1387,0.05047,-0.16311,-0.36918,-0.04544,0.10973,0.82453
S100,g0c50,1998-2002,123255,100000,1.2326,0.04285,0.1812,0.9811,98113,293,45,7,0,0,94887,90100,0.7689,0.1005,0.17163,0.28483,,-0.20801,0.13571,0.01158
S100,g0c50,1998-2019,2946505,440000,6.6966,0.09036,0.4427,0.9811,431697,2162,211,62,0,0,550645,33481,0.0285,0.5767,-0.02761,0.36907,,-0.0775,1.00049,3.42336
S100,g0c50,1998-2026,8674833,573333,15.1305,0.09967,0.4427,0.9811,562514,2616,227,102,0,0,2703883,43626,0.0285,0.616,-0.11048,0.17043,,-0.0982,1.27472,7.30757
S100,g0c50,2000-2019,2040826,400000,5.1021,0.08494,0.4618,0.8603,344112,1787,189,58,902,100,314176,3,0.0,0.6754,-0.01595,0.58841,0.99349,-0.20224,1.05736,2.69511
S100,g0c50,2000-2020,2408854,420000,5.7354,0.08679,0.4618,0.8603,361318,1826,191,66,902,100,460428,3,0.0,0.6827,-0.0061,0.51169,0.51011,-0.11362,1.066,3.13891
S100,g0c50,2000-2026,5978236,533333,11.2092,0.09511,0.4618,0.8603,458817,2241,211,94,902,100,1797860,4,0.0,0.6983,0.1108,0.32041,0.2395,-0.24169,1.27473,5.74804
S100,g0c50,2003-2007,146607,100000,1.4661,0.0798,0.0631,0.9373,93734,430,85,1,0,0,101720,91737,0.6935,0.1334,-0.3124,-0.14738,-0.26111,-0.26882,-0.00985,0.26878
S100,g0c50,2008-2012,142220,100000,1.4222,0.07324,0.353,0.6597,65973,1076,175,4,207,36,0,0,0.0,0.7287,0.17254,0.26484,0.01047,0.4073,0.26876,0.39725
S100,g0c50,2010-2019,483586,200000,2.4179,0.09245,0.1379,0.9558,191157,679,99,11,0,0,240399,157119,0.4964,0.3392,-0.25358,-0.30139,-0.52374,-0.29077,0.09029,1.28413
S100,g0c50,2010-2026,1735371,333333,5.2061,0.10452,0.2438,0.9558,318595,1118,134,35,0,0,715765,261864,0.4065,0.418,-0.18381,-0.43085,-0.70978,-0.33931,0.18142,3.08802
S100,g0c50,2013-2019,240578,140000,1.7184,0.0807,0.1075,1.0,140000,272,43,2,0,0,194150,139650,0.8062,0.0709,-0.28527,-0.31955,-0.49873,-0.28869,-0.05013,0.62799
S100,g0c50,2020-2026,251227,133333,1.8842,0.10086,0.1826,0.8358,111434,437,70,5,0,0,176137,108045,0.7011,0.152,-0.098,-0.28139,-0.45833,-0.18035,-0.04711,0.56666
S100,g100,1998-2002,83789,100000,0.8379,-0.03487,0.7655,0.6977,69767,293,45,7,0,0,55420,44741,0.6413,0.1137,-0.20353,-0.12658,,-0.46161,-0.22795,-0.31233
S100,g100,1998-2019,2489513,440000,5.658,0.08203,0.7655,0.6977,306973,1764,186,53,1278,106,543756,84,0.0001,0.6245,-0.17842,0.15673,,-0.22057,0.69022,2.73732
S100,g100,1998-2026,8714515,573333,15.1997,0.09984,0.7655,0.6977,399995,2218,209,88,1278,106,3708019,110,0.0001,0.6364,-0.10641,0.17578,,-0.09407,1.28512,7.34557
S100,g100,2000-2019,1180864,400000,2.9522,0.05565,0.7218,0.3621,144858,1072,145,35,3520,180,196633,21,0.0001,0.7959,-0.43061,-0.08091,0.15347,-0.5384,0.19043,1.13807
S100,g100,2000-2020,1490259,420000,3.5482,0.06221,0.7218,0.3621,152101,1111,151,39,3520,180,354674,22,0.0001,0.7961,-0.38512,-0.06478,-0.06576,-0.45163,0.27815,1.56057
S100,g100,2000-2026,3880144,533333,7.2753,0.07746,0.7218,0.3621,193144,1526,183,58,3520,180,1362177,28,0.0001,0.7855,-0.27904,-0.14299,-0.19551,-0.50782,0.4764,3.37978
S100,g100,2003-2007,183244,100000,1.8324,0.12924,0.1492,0.8792,87920,430,85,1,0,0,138357,87145,0.755,0.1113,-0.14056,0.06569,-0.07646,-0.0861,0.23759,0.58585
S100,g100,2008-2012,125811,100000,1.2581,0.04716,0.4901,0.5399,53993,910,156,4,751,76,7,5,0.0,0.7971,0.03726,0.1189,-0.10611,0.24493,0.12237,0.23604
S100,g100,2010-2019,939009,200000,4.695,0.16752,0.1863,0.9182,183634,679,99,11,0,0,695823,178300,0.6969,0.2301,0.44938,0.35654,-0.07521,0.37715,1.11708,3.43524
S100,g100,2010-2026,5007623,333333,15.0229,0.17734,0.3282,0.9182,306057,1118,134,35,0,0,3988017,297167,0.6969,0.2258,1.35522,0.64235,-0.16255,0.9065,2.40912,10.79647
S100,g100,2013-2019,474733,140000,3.391,0.1913,0.2012,0.9961,139456,272,43,2,0,0,428305,138760,0.8988,0.0437,0.41038,0.34274,-0.01085,0.40363,0.87438,2.21253
S100,g100,2020-2026,431813,133333,3.2386,0.19512,0.3439,0.7808,104109,437,70,5,0,0,356724,101852,0.8213,0.1072,0.55038,0.23516,-0.06897,0.40883,0.63784,1.69281
S100,g25,1998-2002,109102,100000,1.091,0.01764,0.4859,0.9613,96134,293,45,7,0,0,80734,72116,0.74,0.0982,0.03709,0.13729,,-0.29895,0.0053,-0.10458
S100,g25,1998-2019,3017638,440000,6.8583,0.09154,0.515,0.9613,422988,2145,211,62,27,8,631371,134,0.0001,0.5849,-0.00413,0.40212,,-0.05523,1.04878,3.53015
S100,g25,1998-2026,10080719,573333,17.5826,0.10546,0.515,0.9613,551166,2599,227,102,27,8,4120261,174,0.0001,0.6092,0.03368,0.36011,,0.04795,1.64337,8.65394
S100,g25,2000-2019,1671476,400000,4.1787,0.07416,0.5124,0.5842,233698,1506,175,48,2131,125,311861,4,0.0,0.7075,-0.19404,0.30094,0.6327,-0.34662,0.68502,2.02636
S100,g25,2000-2020,2026914,420000,4.826,0.07789,0.5124,0.5842,245383,1545,179,54,2131,125,478843,4,0.0,0.7115,-0.16369,0.272,0.27067,-0.25416,0.73842,2.48266
S100,g25,2000-2026,5330390,533333,9.9945,0.09039,0.5124,0.5842,311598,1960,203,80,2131,125,1946183,5,0.0,0.7136,-0.00957,0.17732,0.10518,-0.32387,1.02823,5.01677
S100,g25,2003-2007,178874,100000,1.7887,0.12378,0.1052,0.8948,89482,430,85,1,0,0,133987,87484,0.7491,0.1137,-0.16106,0.04027,-0.09849,-0.1079,0.20807,0.54803
S100,g25,2008-2012,123441,100000,1.2344,0.04317,0.4876,0.5253,52526,876,152,4,851,93,43,2,0.0,0.8059,0.01771,0.09782,-0.12296,0.22147,0.10122,0.21275
S100,g25,2010-2019,768963,200000,3.8448,0.14439,0.1831,0.9264,185277,679,99,11,0,0,525776,168987,0.6799,0.2548,0.18691,0.11088,-0.24268,0.12776,0.7337,2.63205
S100,g25,2010-2026,3581039,333333,10.7431,0.15379,0.302,0.9264,308794,1118,134,35,0,0,2561433,281645,0.678,0.2702,0.68426,0.17447,-0.40112,0.36338,1.43792,7.43586
S100,g25,2013-2019,390437,140000,2.7888,0.15838,0.1824,1.0,140000,272,43,2,0,0,344010,139650,0.8794,0.0498,0.15994,0.10432,-0.18648,0.1544,0.54156,1.6421
S100,g25,2020-2026,375424,133333,2.8157,0.17002,0.3019,0.7303,97376,437,70,5,0,0,300335,93986,0.7991,0.1185,0.34792,0.07387,-0.19055,0.22486,0.42396,1.34117
S100,g25c50,1998-2002,120335,100000,1.2033,0.03785,0.3115,0.9811,98113,293,45,7,0,0,91966,85550,0.761,0.0995,0.14386,0.25438,,-0.22678,0.1088,-0.01239
S100,g25c50,1998-2019,2997267,440000,6.812,0.09121,0.4327,0.9811,431697,2162,211,62,0,0,601407,43811,0.0377,0.5729,-0.01086,0.39266,,-0.0616,1.03495,3.49957
S100,g25c50,1998-2026,8966118,573333,15.6386,0.10094,0.4327,0.9811,562514,2616,227,102,0,0,2995168,57087,0.0377,0.6086,-0.08061,0.20973,,-0.06792,1.3511,7.58652
S100,g25c50,2000-2019,1869819,400000,4.6745,0.0802,0.4707,0.7578,303121,1667,183,50,1383,111,289175,43,0.0001,0.6904,-0.09841,0.45531,0.82644,-0.26908,0.88497,2.38548
S100,g25c50,2000-2020,2233159,420000,5.317,0.08288,0.4707,0.7578,318277,1706,185,58,1383,111,433407,45,0.0001,0.6968,-0.0786,0.40143,0.39996,-0.17827,0.91531,2.83703
S100,g25c50,2000-2026,5594471,533333,10.4896,0.09238,0.4707,0.7578,404161,2121,206,85,1383,111,1635944,57,0.0001,0.7113,0.0395,0.23565,0.15993,-0.29037,1.12871,5.31486
S100,g25c50,2003-2007,150050,100000,1.5005,0.08485,0.0486,0.9518,95180,430,85,1,0,0,105163,93713,0.7009,0.131,-0.29625,-0.12736,-0.24375,-0.25165,0.0134,0.29858
S100,g25c50,2008-2012,145675,100000,1.4567,0.07842,0.3366,0.68,68002,1115,177,4,111,31,51,49,0.0003,0.7163,0.20102,0.29556,0.03501,0.44148,0.29958,0.43119
S100,g25c50,2010-2019,519095,200000,2.5955,0.10023,0.1307,0.9687,193744,679,99,11,0,0,275909,163231,0.5306,0.3243,-0.19877,-0.25009,-0.48877,-0.23869,0.17035,1.45185
S100,g25c50,2010-2026,1922155,333333,5.7665,0.11134,0.2175,0.9687,322906,1118,134,35,0,0,902549,272052,0.4654,0.3893,-0.09596,-0.36959,-0.67855,-0.2682,0.30858,3.52802
S100,g25c50,2013-2019,260242,140000,1.8589,0.09294,0.1006,1.0,140000,272,43,2,0,0,213814,139650,0.8207,0.0671,-0.22685,-0.26393,-0.45776,-0.23055,0.02751,0.76106
S100,g25c50,2020-2026,270973,133333,2.0323,0.11357,0.1528,0.8765,116860,437,70,5,0,0,195884,113932,0.7229,0.1436,-0.0271,-0.2249,-0.41576,-0.11592,0.02779,0.6898
S100,g50,1998-2002,103630,100000,1.0363,0.00718,0.5868,0.9004,90043,293,45,7,0,0,75262,65017,0.7221,0.0999,-0.01493,0.08025,,-0.33411,-0.04512,-0.14949
S100,g50,1998-2019,2977184,440000,6.7663,0.09087,0.5868,0.9004,396189,2090,210,62,176,24,641245,53,0.0001,0.5919,-0.01748,0.38333,,-0.06789,1.02132,3.46942
S100,g50,1998-2026,10202798,573333,17.7956,0.10593,0.5868,0.9004,516246,2544,226,102,176,24,4345399,69,0.0001,0.6116,0.0462,0.37658,,0.06064,1.67538,8.77085
S100,g50,2000-2019,1527352,400000,3.8184,0.06933,0.5575,0.5089,203562,1392,165,43,2649,131,302096,2,0.0,0.7267,-0.26354,0.18877,0.49192,-0.40296,0.53973,1.76542
S100,g50,2000-2020,1884605,420000,4.4872,0.07416,0.5575,0.5089,213740,1431,169,49,2649,131,482300,2,0.0,0.7291,-0.22241,0.18269,0.18146,-0.30653,0.61637,2.23814
S100,g50,2000-2026,4980054,533333,9.3376,0.08761,0.5575,0.5089,271416,1846,198,70,2649,131,1868987,2,0.0,0.7259,-0.07467,0.09995,0.03254,-0.36831,0.89492,4.62132
S100,g50,2003-2007,182412,100000,1.8241,0.12821,0.0961,0.9042,90418,430,85,1,0,0,137525,89089,0.7539,0.112,-0.14447,0.06085,-0.08065,-0.09025,0.23197,0.57865
S100,g50,2008-2012,125151,100000,1.2515,0.04605,0.4815,0.5364,53644,902,155,4,769,79,66,20,0.0002,0.7982,0.03182,0.11304,-0.1108,0.2384,0.11649,0.22956
S100,g50,2010-2019,840843,200000,4.2042,0.15468,0.1795,0.9378,187568,679,99,11,0,0,597657,177703,0.6966,0.2425,0.29786,0.21472,-0.17189,0.23318,0.89576,2.97157
S100,g50,2010-2026,4195872,333333,12.5876,0.16486,0.2771,0.9378,312613,1118,134,35,0,0,3176266,296172,0.6966,0.2482,0.97343,0.37612,-0.2983,0.59745,1.85649,8.88423
S100,g50,2013-2019,423126,140000,3.0223,0.17181,0.178,1.0,140000,272,43,2,0,0,376698,139650,0.888,0.0472,0.25706,0.19678,-0.11837,0.25105,0.67062,1.8633
S100,g50,2020-2026,405294,133333,3.0397,0.18369,0.2805,0.7616,101551,437,70,5,0,0,330205,99107,0.8139,0.1121,0.45516,0.15931,-0.12615,0.32231,0.53726,1.52744
S100,g50c25,1998-2002,108768,100000,1.0877,0.01701,0.5267,0.9574,95736,293,45,7,0,0,80400,70710,0.7352,0.1003,0.03391,0.13381,,-0.3011,0.00222,-0.10732
S100,g50c25,1998-2019,2992255,440000,6.8006,0.09112,0.5267,0.9574,421239,2155,211,62,14,7,600619,189,0.0002,0.5905,-0.01251,0.39033,,-0.06317,1.03155,3.49204
S100,g50c25,1998-2026,9600177,573333,16.7445,0.10357,0.5267,0.9574,548887,2609,227,102,14,7,3632940,246,0.0002,0.617,-0.01559,0.29528,,-0.002,1.51736,8.19374
S100,g50c25,2000-2019,1573655,400000,3.9341,0.07092,0.5057,0.5696,227849,1451,170,46,2543,128,278816,23,0.0,0.7186,-0.24121,0.2248,0.53715,-0.38486,0.5864,1.84925
S100,g50c25,2000-2020,1914410,420000,4.5581,0.07496,0.5057,0.5696,239242,1490,174,52,2543,128,437614,24,0.0,0.7223,-0.21011,0.2014,0.20014,-0.29556,0.64193,2.28935
S100,g50c25,2000-2026,4815649,533333,9.0293,0.08624,0.5057,0.5696,303799,1905,201,75,2543,128,1565723,31,0.0,0.7276,-0.10522,0.06363,-0.00155,-0.38916,0.83237,4.43575
S100,g50c25,2003-2007,166706,100000,1.6671,0.10801,0.0841,0.9215,92150,430,85,1,0,0,121819,91375,0.7307,0.1204,-0.21813,-0.03049,-0.15981,-0.16858,0.12589,0.44272
S100,g50c25,2008-2012,137479,100000,1.3748,0.06596,0.4129,0.6087,60869,1026,172,4,327,58,46,0,0.0,0.7528,0.13345,0.22267,-0.02321,0.36039,0.22647,0.35068
S100,g50c25,2010-2019,675129,200000,3.3756,0.12958,0.1503,0.9516,190315,679,99,11,0,0,431942,176634,0.6368,0.2759,0.04207,-0.02468,-0.3351,-0.00986,0.52214,2.18885
S100,g50c25,2010-2026,2891663,333333,8.675,0.13902,0.2367,0.9516,317192,1118,134,35,0,0,1872057,294389,0.6222,0.303,0.36003,-0.05162,-0.51641,0.10092,0.9686,5.8119
S100,g50c25,2013-2019,343284,140000,2.452,0.1372,0.1373,1.0,140000,272,43,2,0,0,296856,139576,0.8629,0.0549,0.01986,-0.02905,-0.28473,0.01498,0.35538,1.32301
S100,g50c25,2020-2026,340920,133333,2.5569,0.15304,0.2316,0.8233,109767,437,70,5,0,0,265830,107511,0.7797,0.1239,0.22403,-0.02483,-0.26495,0.11228,0.29309,1.12599
S100,g50c50,1998-2002,112871,100000,1.1287,0.0246,0.4601,0.9811,98113,293,45,7,0,0,84502,75757,0.7431,0.1016,0.07291,0.17658,,-0.27474,0.04003,-0.07365
S100,g50c50,1998-2019,2939307,440000,6.6802,0.09024,0.4601,0.9811,431697,2162,211,62,0,0,543447,2410,0.0021,0.5935,-0.02998,0.36573,,-0.07975,0.9956,3.41256
S100,g50c50,1998-2026,8914537,573333,15.5486,0.10072,0.4601,0.9811,562514,2616,227,102,0,0,2943587,3140,0.0021,0.6265,-0.0859,0.20277,,-0.07328,1.33757,7.53713
S100,g50c50,2000-2019,1627423,400000,4.0686,0.07273,0.488,0.6377,255086,1507,175,48,2131,125,265847,26,0.0,0.7111,-0.21528,0.26665,0.58967,-0.36384,0.64061,1.9466
S100,g50c50,2000-2020,1957159,420000,4.6599,0.07609,0.488,0.6377,267841,1546,179,54,2131,125,406769,27,0.0,0.7158,-0.19247,0.22822,0.22694,-0.27983,0.6786,2.3628
S100,g50c50,2000-2026,4754020,533333,8.9138,0.08571,0.488,0.6377,340115,1961,203,80,2131,125,1366020,34,0.0,0.7274,-0.11667,0.05002,-0.01432,-0.39698,0.80892,4.36618
S100,g50c50,2003-2007,151879,100000,1.5188,0.08749,0.0724,0.9389,93889,430,85,1,0,0,106992,93114,0.7045,0.1297,-0.28767,-0.11672,-0.23454,-0.24253,0.02576,0.31441
S100,g50c50,2008-2012,147877,100000,1.4788,0.08167,0.3356,0.6896,68959,1138,177,4,51,22,77,74,0.0005,0.7099,0.21918,0.31514,0.05066,0.46327,0.31922,0.45283
S100,g50c50,2010-2019,548228,200000,2.7411,0.10627,0.1273,0.9592,191845,679,99,11,0,0,305042,165971,0.5553,0.3142,-0.1538,-0.208,-0.46008,-0.19597,0.23603,1.58946
S100,g50c50,2010-2026,2079661,333333,6.239,0.11663,0.2127,0.9592,319741,1118,134,35,0,0,1060055,276618,0.5077,0.3692,-0.02188,-0.31794,-0.65221,-0.20823,0.4158,3.89906
S100,g50c50,2013-2019,277559,140000,1.9826,0.10308,0.1066,0.9981,139728,272,43,2,0,0,231131,138953,0.8317,0.0641,-0.1754,-0.21495,-0.42168,-0.17935,0.09588,0.87825
S100,g50c50,2020-2026,284356,133333,2.1327,0.12174,0.1866,0.8877,118361,437,70,5,0,0,209267,116105,0.7359,0.1386,0.02095,-0.18662,-0.3869,-0.07226,0.07855,0.77326
S100,g67,1998-2002,98054,100000,0.9805,-0.00394,0.6545,0.838,83800,293,45,7,0,0,69686,58775,0.7014,0.1029,-0.06793,0.02213,,-0.36994,-0.0965,-0.19525
S100,g67,1998-2019,2842329,440000,6.4598,0.08857,0.6545,0.838,368722,1975,200,61,583,61,637562,78,0.0001,0.6017,-0.06199,0.32067,,-0.11011,0.92976,3.26697
S100,g67,1998-2026,9775514,573333,17.0503,0.10427,0.6545,0.838,480456,2429,221,97,583,61,4356778,101,0.0001,0.6158,0.00239,0.31893,,0.01622,1.56334,8.36165
S100,g67,2000-2019,1423233,400000,3.5581,0.06556,0.6199,0.456,182398,1302,155,42,2838,140,278575,0,0.0,0.747,-0.31374,0.10773,0.39022,-0.44366,0.43476,1.5769
S100,g67,2000-2020,1775379,420000,4.2271,0.0711,0.6199,0.456,191518,1341,160,47,2838,140,460271,0,0.0,0.7483,-0.26748,0.11415,0.11298,-0.34672,0.52269,2.05047
S100,g67,2000-2026,4682058,533333,8.7789,0.08509,0.6199,0.456,243198,1756,190,67,2838,140,1761829,0,0.0,0.7412,-0.13004,0.03413,-0.02924,-0.40611,0.78153,4.28496
S100,g67,2003-2007,183630,100000,1.8363,0.12972,0.1135,0.896,89598,430,85,1,0,0,138743,88824,0.7556,0.1114,-0.13875,0.06793,-0.07451,-0.08418,0.24019,0.58919
S100,g67,2008-2012,125949,100000,1.2595,0.04739,0.4817,0.5409,54091,912,156,4,749,76,4,2,0.0,0.7957,0.03839,0.12013,-0.10513,0.24629,0.1236,0.2374
S100,g67,2010-2019,881552,200000,4.4078,0.16016,0.178,0.9343,186853,679,99,11,0,0,638366,179493,0.6986,0.2367,0.36069,0.27353,-0.1318,0.29289,0.98754,3.16385
S100,g67,2010-2026,4549510,333333,13.6485,0.17055,0.2883,0.9343,311422,1118,134,35,0,0,3529904,299155,0.6986,0.2378,1.13976,0.4921,-0.23916,0.73209,2.09724,9.71729
S100,g67,2013-2019,442673,140000,3.162,0.17942,0.1761,1.0,140000,272,43,2,0,0,396246,139589,0.8924,0.0458,0.31513,0.25207,-0.07765,0.30884,0.7478,1.99558
S100,g67,2020-2026,419526,133333,3.1464,0.1899,0.2976,0.7682,102431,437,70,5,0,0,344436,100175,0.8197,0.1094,0.50626,0.20002,-0.09546,0.36874,0.59124,1.61619
S100,g67c25,1998-2002,102461,100000,1.0246,0.00489,0.6055,0.8867,88673,293,45,7,0,0,74093,63648,0.7174,0.1034,-0.02604,0.06807,,-0.34162,-0.05589,-0.15908
S100,g67c25,1998-2019,2840147,440000,6.4549,0.08854,0.6055,0.8867,390162,2029,202,61,435,32,578137,28,0.0,0.6031,-0.06271,0.31965,,-0.1108,0.92828,3.2637
S100,g67c25,1998-2026,9145168,573333,15.9509,0.1017,0.6055,0.8867,508393,2483,221,98,435,32,3490746,36,0.0,0.626,-0.06225,0.23389,,-0.04931,1.39805,7.75799
S100,g67c25,2000-2019,1453287,400000,3.6332,0.06667,0.579,0.5061,202456,1353,160,43,2748,132,264905,48,0.0001,0.7362,-0.29925,0.13112,0.41958,-0.43191,0.46506,1.63131
S100,g67c25,2000-2020,1786317,420000,4.2531,0.07142,0.579,0.5061,212579,1392,165,48,2748,132,423222,50,0.0001,0.7386,-0.26296,0.12101,0.11984,-0.34269,0.53207,2.06926
S100,g67c25,2000-2026,4493090,533333,8.4245,0.08341,0.579,0.5061,269942,1807,195,68,2748,132,1454189,63,0.0001,0.7408,-0.16515,-0.00761,-0.06842,-0.43008,0.70963,4.07165
S100,g67c25,2003-2007,167411,100000,1.6741,0.10895,0.1019,0.913,91302,430,85,1,0,0,122524,90527,0.7319,0.1199,-0.21482,-0.02639,-0.15626,-0.16506,0.13066,0.44883
S100,g67c25,2008-2012,138298,100000,1.383,0.06723,0.4152,0.6112,61118,1034,174,4,279,49,51,47,0.0004,0.751,0.1402,0.22995,-0.0174,0.36848,0.23377,0.35872
S100,g67c25,2010-2019,700189,200000,3.5009,0.13371,0.1493,0.9433,188660,679,99,11,0,0,457002,177559,0.6473,0.2707,0.08075,0.01153,-0.31042,0.0269,0.57864,2.30721
S100,g67c25,2010-2026,3062339,333333,9.187,0.14297,0.2536,0.9433,314433,1118,134,35,0,0,2042733,295932,0.6336,0.293,0.4403,0.00435,-0.48787,0.1659,1.0848,6.21396
S100,g67c25,2013-2019,357313,140000,2.5522,0.14375,0.1463,0.9987,139821,272,43,2,0,0,310885,139128,0.8678,0.0534,0.06154,0.01063,-0.2555,0.05646,0.41077,1.41795
S100,g67c25,2020-2026,349685,133333,2.6226,0.15748,0.2551,0.8302,110689,437,70,5,0,0,274596,108432,0.7853,0.1217,0.25551,0.00025,-0.24605,0.14088,0.32634,1.18066
S100,s_g0c50,1998-2002,123133,100000,1.2313,0.04265,0.1662,0.9811,98113,293,45,7,0,0,94765,91115,0.7682,0.1011,0.17046,0.28355,,-0.20879,0.13458,0.01057
S100,s_g0c50,1998-2019,2929689,440000,6.6584,0.09007,0.4686,0.9811,431697,2162,211,62,0,0,533829,23031,0.0205,0.5815,-0.03316,0.36126,,-0.08276,0.98907,3.39812
S100,s_g0c50,1998-2026,8609381,573333,15.0164,0.09938,0.4686,0.9811,562514,2616,227,102,0,0,2638431,30010,0.0205,0.6209,-0.11719,0.1616,,-0.105,1.25756,7.24489
S100,s_g0c50,2000-2019,1983836,400000,4.9596,0.08341,0.4832,0.8452,338083,1750,186,53,1081,99,294615,1,0.0,0.6756,-0.04343,0.54405,0.93782,-0.22451,0.99991,2.59192
S100,s_g0c50,2000-2020,2342969,420000,5.5785,0.08536,0.4832,0.8452,354987,1789,188,61,1081,99,433792,1,0.0,0.6831,-0.03329,0.47034,0.4688,-0.13786,1.00949,3.02571
S100,s_g0c50,2000-2026,5825916,533333,10.9236,0.09404,0.4832,0.8452,450777,2204,209,88,1081,99,1700559,2,0.0,0.7004,0.0825,0.28677,0.20792,-0.26101,1.21678,5.57611
S100,s_g0c50,2003-2007,146200,100000,1.462,0.0792,0.062,0.9385,93847,430,85,1,0,0,101313,91850,0.6927,0.1336,-0.31431,-0.14975,-0.26316,-0.27085,-0.0126,0.26525
S100,s_g0c50,2008-2012,148462,100000,1.4846,0.08253,0.379,0.6334,63337,1145,178,4,31,15,12,12,0.0001,0.7137,0.224,0.32035,0.05482,0.46906,0.32444,0.45858
S100,s_g0c50,2010-2019,483307,200000,2.4165,0.09239,0.1368,0.9566,191323,679,99,11,0,0,240121,158035,0.4961,0.3385,-0.25401,-0.30179,-0.52401,-0.29118,0.08966,1.28281
S100,s_g0c50,2010-2026,1726322,333333,5.179,0.10417,0.2379,0.9566,318872,1118,134,35,0,0,706716,263392,0.4035,0.4184,-0.18806,-0.43382,-0.7113,-0.34275,0.17526,3.0667
S100,s_g0c50,2013-2019,238339,140000,1.7024,0.07925,0.1059,1.0,140000,272,43,2,0,0,191911,139650,0.8044,0.0714,-0.29192,-0.32588,-0.5034,-0.29531,-0.05897,0.61285
S100,s_g0c50,2020-2026,248991,133333,1.8674,0.09937,0.1707,0.8478,113035,437,70,5,0,0,173902,109645,0.6984,0.1532,-0.10603,-0.28778,-0.46315,-0.18764,-0.05559,0.55272
S100,s_g50c50,1998-2002,125828,100000,1.2583,0.04719,0.2541,0.9811,98113,293,45,7,0,0,97460,93519,0.7711,0.0978,0.19608,0.31165,,-0.19147,0.15942,0.0327
S100,s_g50c50,1998-2019,2982195,440000,6.7777,0.09096,0.4716,0.9811,431697,2162,211,62,0,0,586335,32887,0.0301,0.5758,-0.01583,0.38565,,-0.06632,1.02472,3.47694
S100,s_g50c50,1998-2026,8919197,573333,15.5567,0.10074,0.4716,0.9811,562514,2616,227,102,0,0,2948247,42853,0.0301,0.6116,-0.08542,0.2034,,-0.0728,1.3388,7.54159
S100,s_g50c50,2000-2019,1817673,400000,4.5442,0.07868,0.5036,0.7592,303678,1628,182,48,1512,115,280334,1,0.0,0.6872,-0.12355,0.41473,0.77551,-0.28947,0.8324,2.29107
S100,s_g50c50,2000-2020,2171714,420000,5.1707,0.08144,0.5036,0.7592,318862,1667,184,56,1512,115,418568,1,0.0,0.6937,-0.10395,0.36287,0.36144,-0.20088,0.86261,2.73145
S100,s_g50c50,2000-2026,5468278,533333,10.253,0.09144,0.5036,0.7592,404904,2082,205,83,1512,115,1552884,1,0.0,0.71,0.01605,0.20778,0.13377,-0.30638,1.08069,5.17241
S100,s_g50c50,2003-2007,149944,100000,1.4994,0.08469,0.0485,0.9526,95255,430,85,1,0,0,105057,93767,0.7006,0.1311,-0.29674,-0.12797,-0.24429,-0.25218,0.01269,0.29766
S100,s_g50c50,2008-2012,155376,100000,1.5538,0.09247,0.3489,0.669,66896,1162,179,4,0,0,5455,5380,0.0345,0.6846,0.28101,0.38184,0.10395,0.53748,0.38613,0.52651
S100,s_g50c50,2010-2019,521387,200000,2.6069,0.10072,0.1292,0.969,193798,679,99,11,0,0,278200,165076,0.5326,0.3226,-0.19523,-0.24678,-0.48651,-0.23533,0.17551,1.46268
S100,s_g50c50,2010-2026,1927402,333333,5.7822,0.11152,0.2136,0.969,322997,1118,134,35,0,0,907796,275127,0.467,0.3875,-0.09349,-0.36787,-0.67767,-0.2662,0.31215,3.54038
S100,s_g50c50,2013-2019,259256,140000,1.8518,0.09235,0.0984,1.0,140000,272,43,2,0,0,212828,139650,0.8201,0.0673,-0.22978,-0.26672,-0.45981,-0.23346,0.02361,0.75439
S100,s_g50c50,2020-2026,271241,133333,2.0343,0.11373,0.1488,0.8838,117833,437,70,5,0,0,196152,114815,0.7232,0.1434,-0.02614,-0.22414,-0.41518,-0.11505,0.0288,0.69148
S100,s_g67c25,1998-2002,114817,100000,1.1482,0.02812,0.484,0.9712,97123,293,45,7,0,0,86449,78853,0.7489,0.0979,0.09141,0.19686,,-0.26223,0.05796,-0.05768
S100,s_g67c25,1998-2019,2944388,440000,6.6918,0.09032,0.5096,0.9712,427342,2114,211,62,115,21,584216,1,0.0,0.5902,-0.02831,0.36809,,-0.07816,0.99905,3.42018
S100,s_g67c25,1998-2026,9468272,573333,16.5144,0.10304,0.5096,0.9712,556840,2568,227,102,115,21,3533958,1,0.0,0.6176,-0.02912,0.27748,,-0.01572,1.48277,8.06742
S100,s_g67c25,2000-2019,1609553,400000,4.0239,0.07213,0.513,0.592,236802,1476,172,48,2448,125,288993,37,0.0001,0.7131,-0.2239,0.25274,0.57222,-0.37082,0.62259,1.91425
S100,s_g67c25,2000-2020,1961749,420000,4.6708,0.07621,0.513,0.592,248643,1515,176,54,2448,125,453246,38,0.0001,0.7169,-0.19058,0.2311,0.22982,-0.27814,0.68253,2.37069
S100,s_g67c25,2000-2026,4967433,533333,9.3139,0.08751,0.513,0.592,315737,1930,202,78,2448,125,1642145,49,0.0001,0.7223,-0.07701,0.09716,0.02992,-0.36991,0.89012,4.60708
S100,s_g67c25,2003-2007,167133,100000,1.6713,0.10858,0.084,0.9221,92208,430,85,1,0,0,122246,91433,0.7314,0.1202,-0.21613,-0.02801,-0.15766,-0.16645,0.12877,0.44641
S100,s_g67c25,2008-2012,137438,100000,1.3744,0.0659,0.4346,0.588,58804,1026,172,4,325,58,1,1,0.0,0.7566,0.13311,0.22231,-0.0235,0.35998,0.2261,0.35027
S100,s_g67c25,2010-2019,683981,200000,3.4199,0.13105,0.1491,0.9518,190354,679,99,11,0,0,440794,177746,0.6415,0.2724,0.05574,-0.01189,-0.32638,0.00313,0.5421,2.23066
S100,s_g67c25,2010-2026,2923643,333333,8.7709,0.13978,0.2336,0.9518,317256,1118,134,35,0,0,1904037,296244,0.6273,0.2992,0.37507,-0.04114,-0.51106,0.11309,0.99038,5.88723
S100,s_g67c25,2013-2019,342595,140000,2.4471,0.13687,0.1359,1.0,140000,272,43,2,0,0,296167,139576,0.8627,0.055,0.01781,-0.031,-0.28617,0.01294,0.35266,1.31835
S100,s_g67c25,2020-2026,344560,133333,2.5842,0.15489,0.2303,0.8282,110429,437,70,5,0,0,269471,108172,0.7821,0.1229,0.2371,-0.01441,-0.2571,0.12416,0.3069,1.1487
S100,s_g67c50,1998-2002,126880,100000,1.2688,0.04894,0.2816,0.9811,98113,293,45,7,0,0,98511,94509,0.7725,0.0969,0.20608,0.32261,,-0.18472,0.16911,0.04132
S100,s_g67c50,1998-2019,3036900,440000,6.902,0.09186,0.4588,0.9811,431697,2162,211,62,0,0,641040,51884,0.0471,0.5682,0.00222,0.41107,,-0.0492,1.06186,3.55907
S100,s_g67c50,1998-2026,9100854,573333,15.8736,0.10151,0.4588,0.9811,562514,2616,227,102,0,0,3129904,67606,0.0471,0.6024,-0.06679,0.22791,,-0.05391,1.38643,7.71555
S100,s_g67c50,2000-2019,1772730,400000,4.4318,0.07733,0.504,0.735,294018,1593,181,48,1644,121,278351,30,0.0001,0.6915,-0.14522,0.37975,0.73161,-0.30704,0.78709,2.20969
S100,s_g67c50,2000-2020,2128183,420000,5.0671,0.0804,0.504,0.735,308719,1632,183,56,1644,121,419903,31,0.0001,0.6976,-0.12191,0.33555,0.33415,-0.2169,0.82528,2.65666
S100,s_g67c50,2000-2026,5323989,533333,9.9825,0.09035,0.504,0.735,392024,2047,204,83,1644,121,1517030,40,0.0001,0.7128,-0.01076,0.17591,0.10385,-0.32468,1.02579,5.00955
S100,s_g67c50,2003-2007,150622,100000,1.5062,0.08567,0.0541,0.9484,94843,430,85,1,0,0,105735,93830,0.702,0.1306,-0.29357,-0.12403,-0.24087,-0.2488,0.01726,0.30353
S100,s_g67c50,2008-2012,157604,100000,1.576,0.09559,0.3458,0.6746,67459,1162,179,4,0,0,7682,7552,0.0478,0.6762,0.29937,0.40165,0.11977,0.55952,0.406,0.54839
S100,s_g67c50,2010-2019,531425,200000,2.6571,0.10282,0.1278,0.9679,193577,679,99,11,0,0,288238,166224,0.5414,0.3189,-0.17974,-0.23228,-0.47662,-0.22061,0.19815,1.51009
S100,s_g67c50,2010-2026,1979714,333333,5.9391,0.11332,0.2055,0.9679,322629,1118,134,35,0,0,960108,277040,0.4816,0.3803,-0.06889,-0.35071,-0.66892,-0.24628,0.34776,3.66362
S100,s_g67c50,2013-2019,264967,140000,1.8926,0.09576,0.0972,1.0,140000,272,43,2,0,0,218539,139497,0.8239,0.0662,-0.21281,-0.25056,-0.44791,-0.21658,0.04616,0.79304
S100,s_g67c50,2020-2026,275928,133333,2.0695,0.11663,0.1572,0.8874,118325,437,70,5,0,0,200838,116069,0.7279,0.1416,-0.00931,-0.21073,-0.40507,-0.09976,0.04658,0.7207
S25,c100,1998-2002,121584,100000,1.2158,,0.0385,1.0,26250,293,45,7,0,0,93216,26250,0.7564,0.1471,0.32469,0.48714,,-0.0152,0.28908,0.08283
S25,c100,1998-2019,2019169,440000,4.589,,0.4763,1.0,111250,1586,178,52,2125,76,382922,11,0.0,0.7086,0.04654,0.3233,,0.08498,0.89695,2.69944
S25,c100,1998-2026,5213123,573333,9.0927,,0.4887,1.0,144583,1885,198,76,2567,106,1024544,17,0.0,0.7492,-0.05133,0.12261,,0.03778,1.09591,5.27694
S25,c100,2000-2019,1581914,400000,3.9548,,0.4636,0.9438,101250,1435,172,46,2299,92,298020,10,0.0,0.7813,0.15449,0.33036,0.00562,0.02518,0.84515,2.33819
S25,c100,2000-2020,1824273,420000,4.3435,,0.4658,0.9526,106250,1447,176,51,2353,101,363953,2,0.0,0.7859,0.16111,0.26574,-0.23116,0.13283,0.84219,2.66668
S25,c100,2000-2026,4041874,533333,7.5785,,0.4777,0.9933,134583,1739,192,69,2790,121,838129,3,0.0,0.8074,0.28347,0.12096,-0.33318,-0.04263,1.0026,4.47192
S25,c100,2003-2007,118226,100000,1.1823,,0.0215,1.0,26250,430,85,1,0,0,73339,25517,0.6177,0.2187,-0.25509,-0.15449,-0.22747,-0.30409,-0.07663,0.06234
S25,c100,2008-2012,137311,100000,1.3731,,0.1923,0.6979,26016,986,169,2,503,30,19415,16,0.0003,0.8047,0.0541,0.09211,-0.039,0.19945,0.17472,0.36346
S25,c100,2010-2019,357592,200000,1.788,,0.1115,0.9846,51250,679,99,11,0,0,114405,25697,0.2545,0.5901,-0.18779,-0.25358,-0.44796,-0.21705,0.03644,0.70223
S25,c100,2010-2026,1226773,333333,3.6803,,0.251,0.9819,84583,1118,134,35,0,0,207167,16141,0.109,0.7509,-0.00325,-0.29946,-0.60278,-0.17162,0.24805,2.00412
S25,c100,2013-2019,160805,140000,1.1486,,0.0276,0.9999,36247,272,43,2,0,0,114377,35435,0.7102,0.1262,-0.33559,-0.3737,-0.50264,-0.33744,-0.21779,0.09744
S25,c100,2020-2026,175237,133333,1.3143,,0.0507,0.9888,34583,437,70,5,0,0,100147,33278,0.5715,0.2633,-0.23366,-0.34498,-0.44822,-0.26765,-0.19023,0.14326
S25,f_g0c25,1998-2002,102835,100000,1.0284,,0.181,0.9359,25247,293,45,7,0,0,74467,25247,0.7236,0.1467,0.12042,0.25782,,-0.16705,0.0903,-0.08414
S25,f_g0c25,1998-2019,2233043,440000,5.0751,,0.493,0.9614,106961,1629,181,53,2034,75,549585,11,0.0,0.6931,0.15739,0.46346,,0.1999,1.09787,3.09129
S25,f_g0c25,1998-2026,6411609,573333,11.183,,0.4958,0.9614,139006,1951,200,77,2393,84,2065674,1,0.0,0.7158,0.16676,0.3807,,0.27637,1.57775,6.71999
S25,f_g0c25,2000-2019,1665000,400000,4.1625,,0.4714,0.898,97312,1407,173,46,2357,101,403846,4,0.0,0.7913,0.21513,0.40024,0.05844,0.07902,0.94206,2.51352
S25,f_g0c25,2000-2020,1969296,420000,4.6888,,0.4719,0.8997,102056,1418,172,51,2452,108,535042,6,0.0,0.7935,0.25342,0.36636,-0.17004,0.22289,0.98864,2.95817
S25,f_g0c25,2000-2026,4667414,533333,8.7514,,0.4843,0.9072,128936,1697,190,65,2927,127,1528584,0,0.0,0.7984,0.48211,0.29444,-0.22998,0.10553,1.31253,5.31878
S25,f_g0c25,2003-2007,135512,100000,1.3551,,0.0684,0.913,24616,430,85,1,0,0,90626,23875,0.6688,0.1946,-0.14617,-0.03086,-0.11451,-0.20234,0.05838,0.21768
S25,f_g0c25,2008-2012,129394,100000,1.2939,,0.3068,0.5856,24707,920,167,2,881,37,22948,47,0.0013,0.7913,-0.00667,0.02914,-0.09441,0.13029,0.10699,0.28485
S25,f_g0c25,2010-2019,445858,200000,2.2293,,0.1605,0.9352,50130,679,99,11,0,0,202672,33682,0.3286,0.5138,0.01269,-0.06934,-0.31169,-0.02379,0.29227,1.1224
S25,f_g0c25,2010-2026,1521458,333333,4.5644,,0.289,0.9346,81949,1118,134,35,0,0,501852,28283,0.1826,0.6554,0.23618,-0.13118,-0.50736,0.02736,0.54785,2.72574
S25,f_g0c25,2013-2019,228488,140000,1.6321,,0.1379,1.0,36250,272,43,2,0,0,182061,35900,0.795,0.0974,-0.05594,-0.11008,-0.2933,-0.05856,0.11144,0.55936
S25,f_g0c25,2020-2026,233940,133333,1.7546,,0.2382,0.7624,28272,437,70,5,0,0,158851,24882,0.6785,0.2228,0.02306,-0.12555,-0.26337,-0.02231,0.08103,0.52624
S25,f_g0c50,1998-2002,109321,100000,1.0932,,0.1284,0.9623,25260,293,45,7,0,0,80953,25260,0.7393,0.1459,0.19109,0.33715,,-0.11452,0.15907,-0.02638
S25,f_g0c50,1998-2019,2166898,440000,4.9248,,0.4878,0.9616,106973,1622,182,53,2042,76,490260,2,0.0,0.6962,0.12311,0.42011,,0.16436,1.03573,2.9701
S25,f_g0c50,1998-2026,5948689,573333,10.3756,,0.4931,0.9615,139018,1943,201,76,2407,89,1628388,2,0.0,0.7259,0.08252,0.28101,,0.18421,1.39164,6.1626
S25,f_g0c50,2000-2019,1641942,400000,4.1049,,0.4697,0.9322,99333,1421,175,46,2334,99,370977,0,0.0,0.7868,0.1983,0.38085,0.04378,0.06408,0.91517,2.46486
S25,f_g0c50,2000-2020,1916268,420000,4.5625,,0.4709,0.9415,104176,1431,173,51,2408,102,473056,1,0.0,0.7895,0.21967,0.32957,-0.19239,0.18996,0.93509,2.85158
S25,f_g0c50,2000-2026,4418476,533333,8.2846,,0.4834,0.969,131622,1723,192,67,2840,124,1242161,6,0.0,0.8004,0.40306,0.2254,-0.27105,0.04657,1.18919,4.98176
S25,f_g0c50,2003-2007,129447,100000,1.2945,,0.052,0.9421,25168,430,85,1,0,0,84560,24427,0.6531,0.2023,-0.18439,-0.07424,-0.15415,-0.23804,0.01101,0.16317
S25,f_g0c50,2008-2012,131250,100000,1.3125,,0.2832,0.6102,25213,935,168,2,706,34,21897,14,0.0003,0.7954,0.00757,0.0439,-0.08142,0.1465,0.12286,0.30327
S25,f_g0c50,2010-2019,411316,200000,2.0566,,0.1406,0.9601,50777,679,99,11,0,0,168129,31933,0.3095,0.5373,-0.06577,-0.14144,-0.36502,-0.09942,0.19216,0.95797
S25,f_g0c50,2010-2026,1394761,333333,4.1843,,0.2699,0.9599,83590,1118,134,35,0,0,375155,27237,0.1725,0.6845,0.13324,-0.20353,-0.54839,-0.05819,0.41896,2.41549
S25,f_g0c50,2013-2019,202434,140000,1.446,,0.0961,1.0,36250,272,43,2,0,0,156006,35900,0.7697,0.1062,-0.16359,-0.21156,-0.37388,-0.16591,-0.0153,0.38154
S25,f_g0c50,2020-2026,211929,133333,1.5895,,0.1548,0.8399,31147,437,70,5,0,0,136840,27757,0.6457,0.235,-0.0732,-0.20783,-0.33268,-0.1143,-0.02068,0.38264
S25,f_g100c25,1998-2002,89391,100000,0.8939,,0.4055,0.7716,25247,293,45,7,0,0,61022,25247,0.6566,0.1533,-0.02607,0.09337,,-0.27596,-0.05225,-0.20388
S25,f_g100c25,1998-2019,2251565,440000,5.1172,,0.4904,0.9614,106961,1578,178,52,2130,76,620332,2,0.0,0.7009,0.16699,0.4756,,0.20985,1.11528,3.12522
S25,f_g100c25,1998-2026,6777482,573333,11.8212,,0.4939,0.9614,139006,1889,198,76,2545,106,2572624,7,0.0,0.7117,0.23334,0.45949,,0.3492,1.72485,7.16052
S25,f_g100c25,2000-2019,1617545,400000,4.0439,,0.4726,0.7146,90213,1281,170,42,2707,120,424408,5,0.0,0.8296,0.1805,0.36033,0.02827,0.04827,0.88671,2.41338
S25,f_g100c25,2000-2020,1998109,420000,4.7574,,0.4731,0.7138,93686,1286,169,46,2816,124,644175,3,0.0,0.8294,0.27176,0.38635,-0.15789,0.24078,1.01774,3.01608
S25,f_g100c25,2000-2026,4846802,533333,9.0878,,0.4724,0.7092,113176,1567,183,63,3203,171,1811290,1,0.0,0.8197,0.53907,0.34419,-0.20038,0.14802,1.40141,5.56163
S25,f_g100c25,2003-2007,137814,100000,1.3781,,0.0973,0.8868,23696,430,85,1,0,0,92927,22954,0.6743,0.1921,-0.13167,-0.0144,-0.09947,-0.18879,0.07636,0.23836
S25,f_g100c25,2008-2012,130213,100000,1.3021,,0.3263,0.5769,24245,915,167,2,901,37,24709,4,0.0001,0.7861,-0.00039,0.03565,-0.08868,0.13745,0.114,0.29298
S25,f_g100c25,2010-2019,501445,200000,2.5072,,0.1488,0.9201,47155,679,99,11,0,0,258259,40035,0.3498,0.4828,0.13894,0.04669,-0.22588,0.09792,0.45339,1.38701
S25,f_g100c25,2010-2026,1775979,333333,5.3279,,0.2464,0.9199,77808,1118,134,35,0,0,756373,36037,0.2174,0.5971,0.44298,0.01416,-0.42495,0.19923,0.80679,3.34901
S25,f_g100c25,2013-2019,266296,140000,1.9021,,0.1362,0.9961,36107,272,43,2,0,0,219868,35411,0.8216,0.088,0.10027,0.03717,-0.17636,0.09722,0.29535,0.81738
S25,f_g100c25,2020-2026,256934,133333,1.927,,0.1836,0.8358,30993,437,70,5,0,0,181845,28737,0.7066,0.2086,0.12362,-0.0396,-0.19097,0.07378,0.18729,0.67626
S25,f_g100c50,1998-2002,100580,100000,1.0058,,0.2048,0.9066,25260,293,45,7,0,0,72212,25260,0.7037,0.1479,0.09585,0.23024,,-0.18532,0.06639,-0.10423
S25,f_g100c50,1998-2019,2192914,440000,4.9839,,0.4927,0.9616,106973,1602,181,52,2090,76,535183,6,0.0,0.6969,0.13659,0.43716,,0.17833,1.06017,3.01776
S25,f_g100c50,1998-2026,6209291,573333,10.8302,,0.4934,0.9615,139018,1929,200,76,2442,92,1942156,4,0.0,0.7177,0.12995,0.33713,,0.23609,1.49641,6.47639
S25,f_g100c50,2000-2019,1621253,400000,4.0531,,0.4673,0.8417,101012,1361,171,44,2512,108,387327,9,0.0,0.8063,0.1832,0.36345,0.03063,0.05067,0.89104,2.4212
S25,f_g100c50,2000-2020,1953944,420000,4.6522,,0.4693,0.8431,106000,1371,174,49,2557,113,540317,1,0.0,0.8083,0.24365,0.35571,-0.17651,0.21336,0.97314,2.92731
S25,f_g100c50,2000-2026,4522825,533333,8.4803,,0.4823,0.8488,134266,1650,192,65,3034,135,1426749,2,0.0,0.8093,0.4362,0.25434,-0.25383,0.07129,1.24089,5.12303
S25,f_g100c50,2003-2007,131293,100000,1.3129,,0.0961,0.8879,23727,430,85,1,0,0,86406,22985,0.6581,0.2003,-0.17276,-0.06104,-0.14209,-0.22718,0.02542,0.17976
S25,f_g100c50,2008-2012,132994,100000,1.3299,,0.2721,0.6157,24446,938,168,2,687,34,23026,1,0.0,0.7931,0.02096,0.05777,-0.06922,0.16173,0.13779,0.32059
S25,f_g100c50,2010-2019,439401,200000,2.197,,0.1305,0.9206,47180,679,99,11,0,0,196215,35660,0.3221,0.5181,-0.00198,-0.08282,-0.32166,-0.03792,0.27356,1.09166
S25,f_g100c50,2010-2026,1499774,333333,4.4993,,0.2433,0.9202,77833,1118,134,35,0,0,480168,31050,0.19,0.6524,0.21857,-0.14357,-0.51438,0.01272,0.52579,2.67264
S25,f_g100c50,2013-2019,223218,140000,1.5944,,0.0883,0.9961,36108,272,43,2,0,0,176790,35412,0.7896,0.0993,-0.07772,-0.13061,-0.3096,-0.08028,0.0858,0.52339
S25,f_g100c50,2020-2026,225752,133333,1.6931,,0.1154,0.8949,33184,437,70,5,0,0,150662,30711,0.6674,0.2244,-0.01275,-0.15616,-0.28915,-0.05654,0.04319,0.47282
S25,f_g50c25,1998-2002,98199,100000,0.982,,0.2335,0.8773,25247,293,45,7,0,0,69831,25247,0.6988,0.1467,0.0699,0.20111,,-0.20461,0.04114,-0.12544
S25,f_g50c25,1998-2019,2282930,440000,5.1885,,0.4936,0.9614,106961,1627,182,53,2016,75,600988,15,0.0,0.6916,0.18325,0.49616,,0.2267,1.14474,3.18269
S25,f_g50c25,1998-2026,6774440,573333,11.8159,,0.4953,0.9614,139006,1947,200,76,2421,85,2453020,2,0.0,0.7076,0.23279,0.45883,,0.3486,1.72363,7.15686
S25,f_g50c25,2000-2019,1654843,400000,4.1371,,0.4676,0.8061,98865,1353,173,44,2518,111,425432,6,0.0,0.8078,0.20772,0.39169,0.05198,0.07244,0.93022,2.49208
S25,f_g50c25,2000-2020,1999859,420000,4.7616,,0.4726,0.8058,103747,1357,169,48,2629,114,595661,0,0.0,0.8103,0.27287,0.38757,-0.15716,0.24187,1.01951,3.0196
S25,f_g50c25,2000-2026,4852148,533333,9.0978,,0.4783,0.8017,128338,1623,190,65,3107,141,1769712,2,0.0,0.8063,0.54077,0.34568,-0.1995,0.14929,1.40406,5.56887
S25,f_g50c25,2003-2007,137849,100000,1.3785,,0.0893,0.9102,23906,430,85,1,0,0,92962,23164,0.6744,0.1924,-0.13145,-0.01415,-0.09925,-0.18858,0.07663,0.23867
S25,f_g50c25,2008-2012,130392,100000,1.3039,,0.3098,0.5833,24485,919,167,2,885,37,24117,13,0.0003,0.7885,0.00099,0.03708,-0.08742,0.13901,0.11553,0.29476
S25,f_g50c25,2010-2019,478127,200000,2.3906,,0.1511,0.94,48405,679,99,11,0,0,234941,37560,0.3437,0.4943,0.08598,-0.00198,-0.26188,0.04687,0.3858,1.27601
S25,f_g50c25,2010-2026,1673696,333333,5.0211,,0.2691,0.9393,79876,1118,134,35,0,0,654090,33539,0.2058,0.6194,0.35988,-0.04425,-0.45807,0.13016,0.70273,3.09854
S25,f_g50c25,2013-2019,250010,140000,1.7858,,0.124,1.0,36250,272,43,2,0,0,203582,35733,0.8116,0.0917,0.03298,-0.02626,-0.22673,0.03012,0.21613,0.70624
S25,f_g50c25,2020-2026,250792,133333,1.8809,,0.1874,0.8198,30401,437,70,5,0,0,175703,27056,0.7003,0.2119,0.09676,-0.06256,-0.21031,0.04811,0.15891,0.63619
S25,f_g50c50,1998-2002,106186,100000,1.0619,,0.1481,0.9623,25260,293,45,7,0,0,77818,25260,0.7261,0.1454,0.15692,0.2988,,-0.13992,0.12583,-0.0543
S25,f_g50c50,1998-2019,2199277,440000,4.9984,,0.4924,0.9616,106973,1625,182,53,2018,75,519351,25,0.0,0.694,0.13989,0.44133,,0.18175,1.06615,3.02942
S25,f_g50c50,1998-2026,6184817,573333,10.7875,,0.4952,0.9615,139018,1954,201,75,2402,87,1819350,1,0.0,0.7204,0.12549,0.33186,,0.23122,1.48657,6.44692
S25,f_g50c50,2000-2019,1642952,400000,4.1074,,0.4697,0.9093,100424,1398,174,46,2391,103,382885,5,0.0,0.7951,0.19904,0.38169,0.04442,0.06474,0.91635,2.46699
S25,f_g50c50,2000-2020,1947284,420000,4.6364,,0.4716,0.9106,105383,1408,174,50,2469,108,514123,16,0.0,0.7975,0.23941,0.35109,-0.17931,0.20922,0.96641,2.91392
S25,f_g50c50,2000-2026,4495111,533333,8.4283,,0.4839,0.9157,133485,1692,190,66,2949,127,1371050,16,0.0,0.8029,0.4274,0.24666,-0.2584,0.06472,1.22716,5.08551
S25,f_g50c50,2003-2007,131154,100000,1.3115,,0.0882,0.9112,23934,430,85,1,0,0,86268,23193,0.6578,0.2004,-0.17363,-0.06203,-0.14299,-0.22799,0.02434,0.17852
S25,f_g50c50,2008-2012,132523,100000,1.3252,,0.2756,0.615,24485,938,168,2,689,34,22592,18,0.0004,0.7943,0.01735,0.05403,-0.07251,0.15763,0.13376,0.31592
S25,f_g50c50,2010-2019,427304,200000,2.1365,,0.1336,0.9404,48422,679,99,11,0,0,184118,34009,0.3173,0.5261,-0.02945,-0.10807,-0.34033,-0.06441,0.2385,1.03408
S25,f_g50c50,2010-2026,1456709,333333,4.3701,,0.257,0.9395,79894,1118,134,35,0,0,437103,29467,0.1823,0.6659,0.18357,-0.16816,-0.52833,-0.01636,0.48198,2.56718
S25,f_g50c50,2013-2019,214218,140000,1.5301,,0.0853,1.0,36250,272,43,2,0,0,167790,35696,0.7818,0.1022,-0.1149,-0.16566,-0.33743,-0.11736,0.04203,0.46197
S25,f_g50c50,2020-2026,221282,133333,1.6596,,0.1191,0.8812,32678,437,70,5,0,0,146193,29288,0.6607,0.2274,-0.03229,-0.17287,-0.30323,-0.07522,0.02254,0.44366
S25,f_g67c15,1998-2002,91703,100000,0.917,,0.3543,0.7958,25242,293,45,7,0,0,63334,25242,0.6698,0.1499,-0.00087,0.12165,,-0.25723,-0.02773,-0.18329
S25,f_g67c15,1998-2019,2305966,440000,5.2408,,0.4922,0.9614,106956,1606,181,52,2069,76,646565,1,0.0,0.6944,0.19519,0.51125,,0.23908,1.16638,3.22489
S25,f_g67c15,1998-2026,7109043,573333,12.3995,,0.4938,0.9614,139001,1916,198,75,2481,94,2868990,5,0.0,0.7034,0.29368,0.53089,,0.41521,1.85815,7.55974
S25,f_g67c15,2000-2019,1650314,400000,4.1258,,0.47,0.7491,94809,1304,166,41,2664,119,442315,5,0.0,0.8211,0.20441,0.38789,0.0491,0.06951,0.92493,2.48253
S25,f_g67c15,2000-2020,2023956,420000,4.8189,,0.4744,0.751,98660,1311,168,46,2774,122,657991,0,0.0,0.8208,0.28821,0.40429,-0.147,0.25683,1.04384,3.06803
S25,f_g67c15,2000-2026,5100230,533333,9.5629,,0.4736,0.7545,120408,1589,183,63,3151,154,2051268,3,0.0,0.8076,0.61955,0.41448,-0.15857,0.20805,1.52697,5.90472
S25,f_g67c15,2003-2007,140914,100000,1.4091,,0.0922,0.9021,23829,430,85,1,0,0,96027,23087,0.6815,0.1889,-0.11214,0.00777,-0.07922,-0.17054,0.10057,0.26621
S25,f_g67c15,2008-2012,129959,100000,1.2996,,0.3223,0.5739,24104,913,165,2,921,37,24741,31,0.0008,0.7859,-0.00234,0.03363,-0.09046,0.13522,0.11182,0.29045
S25,f_g67c15,2010-2019,511474,200000,2.5574,,0.1586,0.9362,47978,679,99,11,0,0,268287,39291,0.3523,0.4789,0.16172,0.06762,-0.2104,0.11988,0.48245,1.43475
S25,f_g67c15,2010-2026,1838482,333333,5.5154,,0.2678,0.9361,79182,1118,134,35,0,0,818876,34891,0.2138,0.5931,0.49376,0.04985,-0.40471,0.24143,0.87037,3.50207
S25,f_g67c15,2013-2019,274066,140000,1.9576,,0.1388,1.0,36250,272,43,2,0,0,227638,35637,0.8269,0.0862,0.13238,0.06743,-0.15233,0.12923,0.33315,0.87041
S25,f_g67c15,2020-2026,268216,133333,2.0116,,0.2135,0.8004,29682,437,70,5,0,0,193126,26985,0.7159,0.2038,0.17296,0.00257,-0.15544,0.12093,0.23942,0.74986
S25,f_g67c25,1998-2002,95439,100000,0.9544,,0.2937,0.8414,25247,293,45,7,0,0,67071,25247,0.6857,0.1484,0.03984,0.16736,,-0.22696,0.01189,-0.15001
S25,f_g67c25,1998-2019,2285727,440000,5.1948,,0.4929,0.9614,106961,1618,182,52,2042,75,608960,1,0.0,0.6934,0.1847,0.49799,,0.22821,1.14737,3.18781
S25,f_g67c25,1998-2026,6845354,573333,11.9396,,0.4941,0.9614,139006,1939,201,76,2432,94,2540438,4,0.0,0.707,0.24569,0.4741,,0.36271,1.75214,7.24225
S25,f_g67c25,2000-2019,1644820,400000,4.1121,,0.4703,0.7781,98230,1330,171,43,2563,114,424248,0,0.0,0.8149,0.2004,0.38327,0.04561,0.06595,0.91852,2.47093
S25,f_g67c25,2000-2020,2000687,420000,4.7635,,0.4734,0.7767,101940,1336,172,45,2683,120,610181,3,0.0,0.8164,0.2734,0.38814,-0.15681,0.24238,1.02034,3.02126
S25,f_g67c25,2000-2026,4878733,533333,9.1476,,0.4753,0.7705,122966,1602,185,65,3123,146,1826819,3,0.0,0.8099,0.54921,0.35305,-0.19511,0.15559,1.41723,5.60486
S25,f_g67c25,2003-2007,138209,100000,1.3821,,0.0918,0.9025,23840,430,85,1,0,0,93322,23099,0.6752,0.1919,-0.12918,-0.01158,-0.0969,-0.18646,0.07944,0.24191
S25,f_g67c25,2008-2012,130399,100000,1.304,,0.3124,0.5814,24472,918,167,2,897,37,24369,3,0.0001,0.7875,0.00104,0.03713,-0.08738,0.13907,0.11558,0.29482
S25,f_g67c25,2010-2019,487312,200000,2.4366,,0.1499,0.9363,47986,679,99,11,0,0,244125,38635,0.3472,0.4893,0.10684,0.01719,-0.2477,0.06698,0.41242,1.31973
S25,f_g67c25,2010-2026,1716583,333333,5.1497,,0.2617,0.9362,79184,1118,134,35,0,0,696977,34749,0.2115,0.6099,0.39472,-0.01976,-0.44418,0.15912,0.74636,3.20356
S25,f_g67c25,2013-2019,256092,140000,1.8292,,0.1226,1.0,36250,272,43,2,0,0,209664,35629,0.8155,0.0903,0.05811,-0.00257,-0.20792,0.05517,0.24572,0.74774
S25,f_g67c25,2020-2026,254116,133333,1.9059,,0.186,0.8253,30604,437,70,5,0,0,179027,27803,0.7043,0.21,0.1113,-0.05013,-0.19984,0.06201,0.17427,0.65787
S25,f_g67c50,1998-2002,104541,100000,1.0454,,0.1558,0.9566,25260,293,45,7,0,0,76173,25260,0.7193,0.1459,0.13901,0.27868,,-0.15324,0.10839,-0.06895
S25,f_g67c50,1998-2019,2198198,440000,4.9959,,0.4925,0.9616,106973,1619,181,52,2053,75,523444,13,0.0,0.6945,0.13933,0.44063,,0.18117,1.06514,3.02744
S25,f_g67c50,1998-2026,6211394,573333,10.8338,,0.4939,0.9615,139018,1948,200,76,2405,89,1876834,3,0.0,0.7185,0.13033,0.33758,,0.23651,1.49726,6.47892
S25,f_g67c50,2000-2019,1633320,400000,4.0833,,0.4693,0.8875,100625,1386,175,46,2390,105,382299,5,0.0,0.7988,0.19201,0.37359,0.0383,0.05849,0.90511,2.44667
S25,f_g67c50,2000-2020,1954316,420000,4.6531,,0.4707,0.8886,105595,1399,174,50,2514,110,528711,8,0.0,0.7999,0.24388,0.35597,-0.17635,0.21359,0.97352,2.92806
S25,f_g67c50,2000-2026,4503817,533333,8.4447,,0.4849,0.8934,133753,1679,192,65,3006,128,1383458,23,0.0001,0.8054,0.43016,0.24907,-0.25697,0.06678,1.23147,5.0973
S25,f_g67c50,2003-2007,131576,100000,1.3158,,0.0907,0.9036,23869,430,85,1,0,0,86689,23128,0.6589,0.1998,-0.17097,-0.05901,-0.14023,-0.22551,0.02764,0.18231
S25,f_g67c50,2008-2012,132578,100000,1.3258,,0.2744,0.6137,24474,937,168,2,690,34,22806,34,0.0009,0.7935,0.01777,0.05447,-0.07212,0.15811,0.13423,0.31647
S25,f_g67c50,2010-2019,432024,200000,2.1601,,0.1315,0.9367,48006,679,99,11,0,0,188838,34723,0.3199,0.5227,-0.01873,-0.09821,-0.33305,-0.05408,0.25218,1.05655
S25,f_g67c50,2010-2026,1474178,333333,4.4225,,0.2524,0.9364,79204,1118,134,35,0,0,454572,30245,0.1861,0.6603,0.19777,-0.15818,-0.52267,-0.00456,0.49975,2.60996
S25,f_g67c50,2013-2019,217480,140000,1.5534,,0.0829,1.0,36250,272,43,2,0,0,171052,35607,0.7848,0.1012,-0.10142,-0.15296,-0.32735,-0.10392,0.05789,0.48423
S25,f_g67c50,2020-2026,223338,133333,1.675,,0.1171,0.8865,32873,437,70,5,0,0,148249,29817,0.6638,0.2259,-0.0233,-0.16518,-0.29675,-0.06662,0.03204,0.45708
S25,g0,1998-2002,96269,100000,0.9627,,0.2329,0.8578,25235,293,45,7,0,0,67901,25235,0.7053,0.1484,0.04888,0.17751,,-0.22024,0.02069,-0.14262
S25,g0,1998-2019,2269502,440000,5.158,,0.495,0.9613,106949,1609,180,52,2079,75,604278,13,0.0,0.694,0.17629,0.48736,,0.21949,1.13213,3.15808
S25,g0,1998-2026,6802832,573333,11.8654,,0.4972,0.9613,138993,1925,200,75,2475,92,2541677,5,0.0,0.709,0.23796,0.46494,,0.35425,1.73504,7.19105
S25,g0,2000-2019,1674683,400000,4.1867,,0.4708,0.8421,95479,1368,168,45,2479,109,435209,4,0.0,0.7993,0.2222,0.40838,0.06459,0.0853,0.95336,2.53395
S25,g0,2000-2020,1991873,420000,4.7426,,0.4736,0.8446,100135,1376,170,49,2580,111,583543,9,0.0,0.801,0.26779,0.38203,-0.16052,0.23691,1.01144,3.00355
S25,g0,2000-2026,4949906,533333,9.2811,,0.4828,0.856,126522,1656,191,65,3029,130,1853545,10,0.0,0.7974,0.57181,0.37279,-0.18337,0.17245,1.45249,5.70122
S25,g0,2003-2007,141287,100000,1.4129,,0.0842,0.8843,24064,430,85,1,0,0,96400,23323,0.6823,0.1878,-0.10979,0.01043,-0.07678,-0.16835,0.10348,0.26956
S25,g0,2008-2012,127638,100000,1.2764,,0.3126,0.5719,24001,912,165,2,922,37,22572,8,0.0002,0.7919,-0.02015,0.01518,-0.1067,0.11495,0.09197,0.26741
S25,g0,2010-2019,476025,200000,2.3801,,0.1833,0.9129,49135,679,99,11,0,0,232839,32162,0.3203,0.5036,0.08121,-0.00637,-0.26512,0.04226,0.37971,1.266
S25,g0,2010-2026,1647689,333333,4.9431,,0.313,0.9122,80304,1118,134,35,0,0,628083,25966,0.1702,0.6393,0.33875,-0.0591,-0.46649,0.1126,0.67627,3.03485
S25,g0,2013-2019,258098,140000,1.8436,,0.18,1.0,36250,272,43,2,0,0,211671,35900,0.8175,0.0893,0.0664,0.00524,-0.20171,0.06344,0.25547,0.76144
S25,g0,2020-2026,255700,133333,1.9178,,0.3139,0.6912,25633,437,70,5,0,0,180611,22243,0.7035,0.2142,0.11822,-0.04421,-0.19485,0.06862,0.18159,0.66821
S25,g0c25,1998-2002,102888,100000,1.0289,,0.1817,0.9357,25495,293,45,7,0,0,74520,25495,0.7237,0.1469,0.121,0.25847,,-0.16663,0.09086,-0.08367
S25,g0c25,1998-2019,2223594,440000,5.0536,,0.489,0.9712,108050,1619,182,52,2058,75,547109,12,0.0,0.6956,0.15249,0.45727,,0.19482,1.089,3.07397
S25,g0c25,1998-2026,6303040,573333,10.9937,,0.4941,0.9712,140424,1927,201,74,2474,94,2039487,1,0.0,0.7181,0.14701,0.35732,,0.25475,1.5341,6.58927
S25,g0c25,2000-2019,1650253,400000,4.1256,,0.4694,0.9045,97314,1390,169,46,2415,107,400625,3,0.0,0.7933,0.20437,0.38784,0.04906,0.06947,0.92486,2.4824
S25,g0c25,2000-2020,1950114,420000,4.6431,,0.4724,0.9068,102060,1401,171,50,2504,109,523264,14,0.0,0.7962,0.24121,0.35305,-0.17812,0.21098,0.96927,2.91961
S25,g0c25,2000-2026,4646238,533333,8.7117,,0.4847,0.917,128955,1683,190,65,2973,128,1525388,31,0.0001,0.7991,0.47539,0.28857,-0.23347,0.10052,1.30204,5.29011
S25,g0c25,2003-2007,135281,100000,1.3528,,0.0676,0.9127,24606,430,85,1,0,0,90394,23864,0.6682,0.1949,-0.14763,-0.03252,-0.11603,-0.2037,0.05657,0.21559
S25,g0c25,2008-2012,129406,100000,1.2941,,0.2888,0.5973,24885,927,168,2,776,35,21926,11,0.0003,0.7946,-0.00658,0.02924,-0.09432,0.1304,0.1071,0.28497
S25,g0c25,2010-2019,438581,200000,2.1929,,0.161,0.9345,49973,679,99,11,0,0,195395,30965,0.3086,0.5248,-0.00384,-0.08453,-0.32293,-0.03972,0.27118,1.08776
S25,g0c25,2010-2026,1491871,333333,4.4756,,0.2913,0.9339,81681,1118,134,35,0,0,472265,24171,0.1588,0.6698,0.21214,-0.14808,-0.51694,0.00738,0.51775,2.65329
S25,g0c25,2013-2019,228523,140000,1.6323,,0.1386,1.0,36250,272,43,2,0,0,182095,35900,0.795,0.0974,-0.0558,-0.10995,-0.29319,-0.05842,0.11161,0.5596
S25,g0c25,2020-2026,232916,133333,1.7469,,0.2396,0.7586,28131,437,70,5,0,0,157827,24741,0.677,0.224,0.01858,-0.12938,-0.26659,-0.02659,0.0763,0.51956
S25,g0c50,1998-2002,109401,100000,1.094,,0.1302,0.9811,25755,293,45,7,0,0,81033,25755,0.7394,0.1462,0.19195,0.33812,,-0.11388,0.15991,-0.02567
S25,g0c50,1998-2019,2161171,440000,4.9118,,0.4834,0.9811,109151,1618,179,52,2086,75,488837,22,0.0,0.6987,0.12014,0.41636,,0.16128,1.03035,2.9596
S25,g0c50,1998-2026,5894267,573333,10.2807,,0.4914,0.9811,141855,1924,199,76,2472,97,1639818,21,0.0,0.7273,0.07262,0.26929,,0.17338,1.36976,6.09708
S25,g0c50,2000-2019,1627246,400000,4.0681,,0.4687,0.923,99163,1410,173,46,2349,101,360785,29,0.0001,0.7889,0.18758,0.36849,0.03444,0.05456,0.89803,2.43385
S25,g0c50,2000-2020,1905855,420000,4.5377,,0.4698,0.9316,103999,1418,172,50,2442,107,467013,11,0.0,0.7917,0.21304,0.32235,-0.19677,0.18349,0.92458,2.83065
S25,g0c50,2000-2026,4397323,533333,8.245,,0.4811,0.963,131406,1706,191,65,2912,126,1242315,11,0.0,0.8025,0.39634,0.21954,-0.27454,0.04156,1.17871,4.95312
S25,g0c50,2003-2007,129414,100000,1.2941,,0.0515,0.9417,25152,430,85,1,0,0,84527,24410,0.6529,0.2024,-0.1846,-0.07448,-0.15436,-0.23823,0.01075,0.16288
S25,g0c50,2008-2012,131871,100000,1.3187,,0.2614,0.6257,25262,944,168,2,663,32,21181,1,0.0,0.7978,0.01234,0.04884,-0.07707,0.15193,0.12818,0.30944
S25,g0c50,2010-2019,406709,200000,2.0335,,0.1416,0.9557,50470,679,99,11,0,0,163523,29473,0.2922,0.5465,-0.07623,-0.15106,-0.37213,-0.1095,0.1788,0.93604
S25,g0c50,2010-2026,1374999,333333,4.125,,0.2738,0.9553,83069,1118,134,35,0,0,355393,21748,0.1437,0.6991,0.11719,-0.21482,-0.55479,-0.07153,0.39885,2.36709
S25,g0c50,2013-2019,202665,140000,1.4476,,0.0972,1.0,36250,272,43,2,0,0,156238,35840,0.77,0.1062,-0.16263,-0.21066,-0.37317,-0.16496,-0.01417,0.38312
S25,g0c50,2020-2026,211768,133333,1.5883,,0.1591,0.8305,30799,437,70,5,0,0,136679,27409,0.6454,0.2355,-0.0739,-0.20843,-0.33318,-0.11497,-0.02142,0.38159
S25,g100,1998-2002,77253,100000,0.7725,,0.5851,0.6386,25235,293,45,7,0,0,48885,25235,0.5905,0.1632,-0.15831,-0.05509,,-0.37427,-0.18093,-0.31198
S25,g100,1998-2019,2250277,440000,5.1143,,0.5758,0.9138,106949,1504,172,50,2302,89,697084,15,0.0,0.7118,0.16632,0.47476,,0.20916,1.11407,3.12286
S25,g100,1998-2026,7405647,573333,12.9168,,0.5749,0.9613,138993,1805,196,71,2810,119,3300083,6,0.0,0.7105,0.34766,0.59476,,0.47425,1.9774,7.91688
S25,g100,2000-2019,1655481,400000,4.1387,,0.4656,0.6591,83211,1226,164,41,2856,134,485646,2,0.0,0.8433,0.20818,0.39223,0.05239,0.07286,0.93096,2.49343
S25,g100,2000-2020,2120199,420000,5.0481,,0.4671,0.661,86755,1237,166,45,2928,139,788452,0,0.0,0.8402,0.34947,0.47106,-0.10644,0.3166,1.14103,3.26147
S25,g100,2000-2026,5329349,533333,9.9925,,0.4723,0.6695,106838,1528,182,60,3310,195,2378721,3,0.0,0.8125,0.6923,0.47802,-0.12077,0.26232,1.64049,6.21491
S25,g100,2003-2007,144620,100000,1.4462,,0.1048,0.8863,23681,430,85,1,0,0,99733,22940,0.6896,0.184,-0.08879,0.03427,-0.055,-0.14873,0.12951,0.29952
S25,g100,2008-2012,129814,100000,1.2981,,0.3405,0.5666,23739,909,165,2,946,37,25165,4,0.0001,0.7839,-0.00345,0.03248,-0.09147,0.13396,0.11059,0.28902
S25,g100,2010-2019,569180,200000,2.8459,,0.1719,0.9199,47143,679,99,11,0,0,325993,40217,0.3556,0.4597,0.29279,0.18808,-0.12131,0.24623,0.64971,1.70944
S25,g100,2010-2026,2138773,333333,6.4163,,0.2879,0.9199,77805,1118,134,35,0,0,1119167,35632,0.2187,0.5559,0.73775,0.22133,-0.30748,0.4442,1.17587,4.23742
S25,g100,2013-2019,319665,140000,2.2833,,0.1843,0.9961,36107,272,43,2,0,0,273237,35411,0.8495,0.0778,0.32078,0.24503,-0.01129,0.31711,0.55495,1.18161
S25,g100,2020-2026,290108,133333,2.1758,,0.2477,0.7792,28894,437,70,5,0,0,215019,26637,0.7078,0.1967,0.26869,0.0844,-0.08651,0.21242,0.34059,0.89269
S25,g25,1998-2002,94161,100000,0.9416,,0.2514,0.8325,25235,293,45,7,0,0,65793,25235,0.6905,0.1474,0.02591,0.15172,,-0.23732,-0.00167,-0.1614
S25,g25,1998-2019,2324945,440000,5.284,,0.4942,0.9613,106949,1618,181,52,2054,75,652562,24,0.0,0.6908,0.20502,0.52369,,0.24928,1.18421,3.25966
S25,g25,1998-2026,7234218,573333,12.6178,,0.496,0.9613,138993,1933,201,75,2429,91,2939665,3,0.0,0.7009,0.31646,0.55784,,0.44013,1.90848,7.71046
S25,g25,2000-2019,1680182,400000,4.2005,,0.4702,0.8022,97511,1346,172,43,2540,111,454402,0,0.0,0.8066,0.22621,0.41301,0.06809,0.08886,0.95977,2.54556
S25,g25,2000-2020,2046696,420000,4.8731,,0.4726,0.8047,102326,1351,169,48,2633,116,648083,6,0.0,0.8071,0.30268,0.42007,-0.13742,0.27095,1.0668,3.11374
S25,g25,2000-2026,5185961,533333,9.7237,,0.4795,0.8161,129613,1630,190,64,3097,140,2096007,21,0.0,0.7968,0.64677,0.43825,-0.14443,0.22836,1.56945,6.02079
S25,g25,2003-2007,143606,100000,1.4361,,0.0863,0.9034,23983,430,85,1,0,0,98719,23242,0.6874,0.1856,-0.09518,0.02702,-0.06163,-0.1547,0.12159,0.2904
S25,g25,2008-2012,128759,100000,1.2876,,0.3138,0.5727,24062,913,166,2,924,37,23586,1,0.0,0.7892,-0.01155,0.02409,-0.09885,0.12475,0.10156,0.27855
S25,g25,2010-2019,504937,200000,2.5247,,0.1765,0.9282,49028,679,99,11,0,0,261750,35303,0.3376,0.4871,0.14688,0.05398,-0.22049,0.10557,0.46351,1.40363
S25,g25,2010-2026,1800095,333333,5.4003,,0.3021,0.9275,80468,1118,134,35,0,0,780489,30134,0.1921,0.6092,0.46258,0.02793,-0.41714,0.21551,0.83132,3.40807
S25,g25,2013-2019,276514,140000,1.9751,,0.1685,1.0,36250,272,43,2,0,0,230086,35900,0.829,0.0854,0.14249,0.07697,-0.14476,0.13932,0.34505,0.88712
S25,g25,2020-2026,270679,133333,2.0301,,0.2801,0.7272,26965,437,70,5,0,0,195589,23575,0.7134,0.2058,0.18373,0.01177,-0.14769,0.13122,0.2508,0.76593
S25,g25c50,1998-2002,105848,100000,1.0585,,0.1532,0.9739,25755,293,45,7,0,0,77480,25755,0.7247,0.1458,0.15324,0.29467,,-0.14265,0.12224,-0.05731
S25,g25c50,1998-2019,2182494,440000,4.9602,,0.4826,0.9811,109151,1617,180,52,2064,75,510494,3,0.0,0.6975,0.13119,0.43033,,0.17274,1.05039,2.99867
S25,g25c50,1998-2026,6066255,573333,10.5807,,0.4906,0.9811,141855,1923,198,74,2471,94,1793434,0,0.0,0.7226,0.10392,0.30633,,0.20762,1.4389,6.30416
S25,g25c50,2000-2019,1621356,400000,4.0534,,0.4673,0.8997,99433,1379,173,45,2429,107,374281,2,0.0,0.797,0.18328,0.36353,0.03069,0.05074,0.89116,2.42142
S25,g25c50,2000-2020,1921752,420000,4.5756,,0.4684,0.9079,104343,1390,173,49,2548,111,503487,2,0.0,0.799,0.22316,0.33338,-0.19007,0.19337,0.94063,2.86261
S25,g25c50,2000-2026,4457871,533333,8.3585,,0.4831,0.9265,132168,1674,191,66,2996,129,1349011,1,0.0,0.8052,0.41557,0.23633,-0.26455,0.0559,1.20871,5.0351
S25,g25c50,2003-2007,130841,100000,1.3084,,0.0454,0.9546,25058,430,85,1,0,0,85954,24316,0.6569,0.2008,-0.1756,-0.06427,-0.14504,-0.22983,0.0219,0.1757
S25,g25c50,2008-2012,132748,100000,1.3275,,0.2611,0.6277,25245,945,168,2,662,32,21891,16,0.0004,0.7957,0.01908,0.05582,-0.07093,0.15959,0.13569,0.31815
S25,g25c50,2010-2019,421892,200000,2.1095,,0.1345,0.9698,49823,679,99,11,0,0,178705,31717,0.302,0.5347,-0.04175,-0.11936,-0.34869,-0.07626,0.22281,1.00831
S25,g25c50,2010-2026,1429779,333333,4.2893,,0.2607,0.9696,82228,1118,134,35,0,0,410173,24569,0.1575,0.6804,0.16169,-0.18354,-0.53705,-0.03454,0.45458,2.50124
S25,g25c50,2013-2019,213806,140000,1.5272,,0.086,1.0,36250,272,43,2,0,0,167379,35660,0.7814,0.1023,-0.1166,-0.16727,-0.33871,-0.11906,0.04002,0.45916
S25,g25c50,2020-2026,219874,133333,1.6491,,0.1208,0.8724,32351,437,70,5,0,0,144785,28961,0.6585,0.2292,-0.03845,-0.17813,-0.30766,-0.0811,0.01603,0.43447
S25,g50,1998-2002,89954,100000,0.8995,,0.3617,0.7802,25235,293,45,7,0,0,61586,25235,0.666,0.1495,-0.01993,0.10026,,-0.27139,-0.04627,-0.19887
S25,g50,1998-2019,2335957,440000,5.309,,0.492,0.9613,106949,1600,179,52,2098,76,680232,8,0.0,0.6932,0.21073,0.53091,,0.2552,1.19456,3.27984
S25,g50,1998-2026,7490910,573333,13.0655,,0.4944,0.9613,138993,1915,199,75,2504,98,3254306,11,0.0,0.6975,0.36317,0.61312,,0.49123,2.01168,8.01954
S25,g50,2000-2019,1673017,400000,4.1825,,0.471,0.7572,97305,1309,170,42,2622,120,467491,7,0.0,0.8167,0.22098,0.40698,0.06354,0.08422,0.95141,2.53043
S25,g50,2000-2020,2060756,420000,4.9066,,0.4748,0.7596,101431,1318,168,45,2760,121,694206,0,0.0,0.8165,0.31163,0.42982,-0.13149,0.27968,1.081,3.142
S25,g50,2000-2026,5332003,533333,9.9975,,0.474,0.7708,124525,1596,186,65,3128,147,2270336,3,0.0,0.8018,0.69315,0.47876,-0.12033,0.26295,1.64181,6.2185
S25,g50,2003-2007,144957,100000,1.4496,,0.0898,0.9097,23893,430,85,1,0,0,100070,23151,0.6903,0.1843,-0.08666,0.03668,-0.0528,-0.14674,0.13214,0.30254
S25,g50,2008-2012,129558,100000,1.2956,,0.317,0.5727,24042,912,165,2,922,37,24492,48,0.0014,0.786,-0.00542,0.03044,-0.09326,0.13172,0.10839,0.28647
S25,g50,2010-2019,531188,200000,2.6559,,0.1735,0.9397,48396,679,99,11,0,0,288001,37875,0.3486,0.4743,0.2065,0.10877,-0.17996,0.16304,0.53959,1.52859
S25,g50,2010-2026,1945954,333333,5.8379,,0.2888,0.9392,79874,1118,134,35,0,0,926348,33040,0.2065,0.5848,0.58109,0.11122,-0.36991,0.314,0.97971,3.76524
S25,g50,2013-2019,293310,140000,2.0951,,0.1642,1.0,36250,272,43,2,0,0,246882,35770,0.8379,0.0822,0.21189,0.14239,-0.09281,0.20852,0.42676,1.00174
S25,g50,2020-2026,281922,133333,2.1144,,0.2522,0.7608,28211,437,70,5,0,0,206833,24921,0.7187,0.2002,0.2329,0.0538,-0.11229,0.17821,0.30276,0.83928
S25,g50c25,1998-2002,95063,100000,0.9506,,0.2991,0.8362,25495,293,45,7,0,0,66694,25495,0.684,0.1485,0.03573,0.16275,,-0.23001,0.00789,-0.15337
S25,g50c25,1998-2019,2256212,440000,5.1278,,0.4868,0.9712,108050,1601,180,52,2105,76,600218,40,0.0001,0.6965,0.1694,0.47865,,0.21235,1.11964,3.13374
S25,g50c25,1998-2026,6705202,573333,11.6951,,0.4929,0.9712,140424,1909,199,75,2506,95,2483262,9,0.0,0.7099,0.22019,0.44392,,0.33481,1.69579,7.07349
S25,g50c25,2000-2019,1640258,400000,4.1006,,0.4702,0.8005,98287,1328,170,43,2587,115,418275,6,0.0,0.813,0.19707,0.37943,0.04271,0.06299,0.9132,2.46131
S25,g50c25,2000-2020,1996690,420000,4.754,,0.4722,0.8026,103141,1333,172,46,2675,120,608735,11,0.0,0.8135,0.27085,0.38537,-0.15849,0.2399,1.01631,3.01323
S25,g50c25,2000-2026,4880370,533333,9.1507,,0.4764,0.8125,130323,1617,188,66,3106,142,1807214,14,0.0,0.8064,0.54973,0.3535,-0.19484,0.15597,1.41804,5.60708
S25,g50c25,2003-2007,138069,100000,1.3807,,0.0697,0.9262,24421,430,85,1,0,0,93182,23679,0.6749,0.1919,-0.13006,-0.01258,-0.09781,-0.18729,0.07835,0.24065
S25,g50c25,2008-2012,130997,100000,1.31,,0.2919,0.599,24855,928,168,2,771,35,23409,10,0.0002,0.7903,0.00563,0.04188,-0.08319,0.14429,0.1207,0.30076
S25,g50c25,2010-2019,478165,200000,2.3908,,0.1503,0.952,48788,679,99,11,0,0,234979,35757,0.3289,0.4999,0.08607,-0.0019,-0.26182,0.04695,0.38591,1.27619
S25,g50c25,2010-2026,1667612,333333,5.0028,,0.2646,0.952,80521,1118,134,35,0,0,648006,29819,0.1871,0.6264,0.35493,-0.04772,-0.46004,0.12605,0.69654,3.08364
S25,g50c25,2013-2019,255779,140000,1.827,,0.123,1.0,36250,272,43,2,0,0,209351,35625,0.8153,0.0903,0.05682,-0.00379,-0.20889,0.05389,0.24419,0.74561
S25,g50c25,2020-2026,251907,133333,1.8893,,0.1867,0.8209,30443,437,70,5,0,0,176818,27635,0.7017,0.212,0.10164,-0.05839,-0.2068,0.05277,0.16406,0.64346
S25,g50c50,1998-2002,99934,100000,0.9993,,0.2317,0.8926,25755,293,45,7,0,0,71566,25755,0.6997,0.1484,0.08881,0.22233,,-0.19056,0.05954,-0.10998
S25,g50c50,1998-2019,2173815,440000,4.9405,,0.4823,0.9811,109151,1591,180,52,2116,77,530391,5,0.0,0.7009,0.12669,0.42465,,0.16807,1.04223,2.98277
S25,g50c50,1998-2026,6092966,573333,10.6273,,0.49,0.9811,141855,1895,198,75,2543,102,1884618,16,0.0,0.7232,0.10878,0.31208,,0.21293,1.44964,6.33632
S25,g50c50,2000-2019,1599592,400000,3.999,,0.4681,0.8478,99265,1340,171,43,2550,112,374779,3,0.0,0.8098,0.1674,0.34523,0.01686,0.03664,0.86577,2.37549
S25,g50c50,2000-2020,1926255,420000,4.5863,,0.4719,0.8492,104167,1348,172,48,2614,120,529551,2,0.0,0.8111,0.22602,0.3365,-0.18818,0.19616,0.94518,2.87166
S25,g50c50,2000-2026,4510438,533333,8.4571,,0.4798,0.8557,131944,1635,190,65,3074,143,1427582,4,0.0,0.8113,0.43226,0.25091,-0.25587,0.06835,1.23475,5.10626
S25,g50c50,2003-2007,131428,100000,1.3143,,0.0494,0.9428,24953,430,85,1,0,0,86541,24212,0.6585,0.1999,-0.1719,-0.06007,-0.1412,-0.22638,0.02648,0.18098
S25,g50c50,2008-2012,133193,100000,1.3319,,0.2625,0.6274,25224,945,168,2,662,32,22336,1,0.0,0.7944,0.02249,0.05935,-0.06782,0.16348,0.13949,0.32257
S25,g50c50,2010-2019,434734,200000,2.1737,,0.1305,0.9596,49179,679,99,11,0,0,191547,33389,0.3076,0.526,-0.01258,-0.09256,-0.32887,-0.04814,0.26003,1.06944
S25,g50c50,2010-2026,1474869,333333,4.4246,,0.2464,0.9596,81166,1118,134,35,0,0,455263,26329,0.1661,0.6661,0.19833,-0.15779,-0.52245,-0.0041,0.50045,2.61165
S25,g50c50,2013-2019,223539,140000,1.5967,,0.0885,0.998,36177,272,43,2,0,0,177111,35481,0.7899,0.0993,-0.07639,-0.12936,-0.30861,-0.07896,0.08736,0.52558
S25,g50c50,2020-2026,224954,133333,1.6872,,0.1173,0.8839,32777,437,70,5,0,0,149864,30369,0.6662,0.2257,-0.01624,-0.15914,-0.29167,-0.05987,0.03951,0.46761
S25,g67,1998-2002,86205,100000,0.862,,0.4323,0.7347,25235,293,45,7,0,0,57836,25235,0.6449,0.1526,-0.06078,0.0544,,-0.30176,-0.08602,-0.23226
S25,g67,1998-2019,2325446,440000,5.2851,,0.4904,0.9613,106949,1580,177,52,2145,76,692173,2,0.0,0.6973,0.20528,0.52402,,0.24955,1.18468,3.26058
S25,g67,1998-2026,7546273,573333,13.1621,,0.4936,0.9613,138993,1886,199,75,2569,106,3349870,18,0.0,0.6989,0.37325,0.62504,,0.50225,2.03394,8.0862
S25,g67,2000-2019,1661285,400000,4.1532,,0.4745,0.7264,92455,1282,168,42,2721,121,474349,1,0.0,0.825,0.21242,0.39711,0.05608,0.07662,0.93773,2.50568
S25,g67,2000-2020,2083003,420000,4.9595,,0.4733,0.7288,96347,1288,168,46,2817,124,731009,12,0.0001,0.8237,0.32579,0.44526,-0.12212,0.2935,1.10347,3.18671
S25,g67,2000-2026,5389653,533333,10.1056,,0.4734,0.7399,118403,1572,183,61,3192,169,2354816,21,0.0,0.8044,0.71145,0.49475,-0.11082,0.2766,1.67037,6.29655
S25,g67,2003-2007,145298,100000,1.453,,0.0923,0.9021,23827,430,85,1,0,0,100411,23085,0.6911,0.1838,-0.08451,0.03912,-0.05057,-0.14474,0.13481,0.30561
S25,g67,2008-2012,129866,100000,1.2987,,0.3242,0.5711,23981,912,165,2,929,37,24753,0,0.0,0.7856,-0.00305,0.03289,-0.09111,0.13441,0.11103,0.28953
S25,g67,2010-2019,546374,200000,2.7319,,0.1725,0.9361,47977,679,99,11,0,0,303187,39227,0.3529,0.4677,0.24099,0.14047,-0.15652,0.19629,0.58361,1.60088
S25,g67,2010-2026,2029605,333333,6.0888,,0.279,0.9361,79182,1118,134,35,0,0,1009999,34391,0.213,0.5721,0.64905,0.15899,-0.34283,0.37049,1.06481,3.97009
S25,g67,2013-2019,303305,140000,2.1665,,0.1628,1.0,36250,272,43,2,0,0,256878,35650,0.8426,0.0805,0.25319,0.18132,-0.06189,0.24971,0.47538,1.06996
S25,g67,2020-2026,286907,133333,2.1518,,0.2505,0.7671,28446,437,70,5,0,0,211818,25825,0.7165,0.1979,0.25469,0.07243,-0.09659,0.19905,0.32579,0.8718
S25,g67c25,1998-2002,90724,100000,0.9072,,0.3766,0.7838,25495,293,45,7,0,0,62355,25495,0.6627,0.1518,-0.01154,0.10968,,-0.26516,-0.03811,-0.19201
S25,g67c25,1998-2019,2239304,440000,5.0893,,0.486,0.9712,108050,1575,178,52,2138,76,611129,6,0.0,0.7008,0.16064,0.46757,,0.20326,1.10376,3.10276
S25,g67c25,1998-2026,6699662,573333,11.6855,,0.4927,0.9712,140424,1880,197,75,2590,106,2509650,3,0.0,0.713,0.21918,0.44273,,0.33371,1.69356,7.06682
S25,g67c25,2000-2019,1623629,400000,4.0591,,0.4698,0.7633,96481,1297,169,42,2676,120,423687,0,0.0,0.8215,0.18494,0.36544,0.03214,0.05221,0.89381,2.42621
S25,g67c25,2000-2020,1997459,420000,4.7559,,0.4734,0.7654,100517,1307,171,46,2775,122,632391,0,0.0,0.8214,0.27134,0.3859,-0.15817,0.24038,1.01708,3.01477
S25,g67c25,2000-2026,4910482,533333,9.2072,,0.4746,0.7732,123389,1592,185,63,3159,157,1865012,2,0.0,0.8107,0.5593,0.36185,-0.18988,0.16311,1.43296,5.64784
S25,g67c25,2003-2007,138179,100000,1.3818,,0.0724,0.9183,24350,430,85,1,0,0,93292,23609,0.6752,0.1916,-0.12937,-0.01179,-0.09709,-0.18664,0.07921,0.24164
S25,g67c25,2008-2012,131221,100000,1.3122,,0.2967,0.5979,24841,927,168,2,776,35,23740,40,0.001,0.7888,0.00735,0.04367,-0.08162,0.14625,0.12262,0.30299
S25,g67c25,2010-2019,488479,200000,2.4424,,0.1492,0.9437,48365,679,99,11,0,0,245292,36804,0.3317,0.4947,0.10949,0.01963,-0.2459,0.06953,0.4158,1.32528
S25,g67c25,2010-2026,1711420,333333,5.1343,,0.2546,0.9437,79823,1118,134,35,0,0,691814,30767,0.1918,0.6167,0.39053,-0.02271,-0.44585,0.15563,0.74111,3.19092
S25,g67c25,2013-2019,263269,140000,1.8805,,0.1295,0.9987,36201,272,43,2,0,0,216841,35506,0.8199,0.0886,0.08777,0.02538,-0.18572,0.08475,0.28063,0.79672
S25,g67c25,2020-2026,254901,133333,1.9118,,0.185,0.8275,30688,437,70,5,0,0,179811,28432,0.7052,0.2104,0.11473,-0.0472,-0.19737,0.06528,0.17789,0.66299
S25,s_g0c50,1998-2002,109072,100000,1.0907,,0.1284,0.9811,25755,293,45,7,0,0,80704,25755,0.7387,0.1464,0.18837,0.3341,,-0.11654,0.15643,-0.0286
S25,s_g0c50,1998-2019,2166441,440000,4.9237,,0.488,0.9811,109151,1620,182,52,2047,75,489883,2,0.0,0.6969,0.12287,0.41981,,0.16411,1.0353,2.96926
S25,s_g0c50,1998-2026,5941289,573333,10.3627,,0.493,0.9811,141855,1939,200,77,2419,90,1636361,7,0.0,0.7262,0.08118,0.27942,,0.18274,1.38866,6.15369
S25,s_g0c50,2000-2019,1635544,400000,4.0889,,0.4697,0.9315,99114,1419,174,46,2323,100,368392,10,0.0,0.7871,0.19363,0.37547,0.03971,0.05993,0.90771,2.45136
S25,s_g0c50,2000-2020,1920732,420000,4.5732,,0.4707,0.941,103946,1432,176,51,2390,102,471553,2,0.0,0.79,0.22251,0.33267,-0.1905,0.19273,0.9396,2.86056
S25,s_g0c50,2000-2026,4424977,533333,8.2968,,0.4833,0.9668,131330,1723,191,69,2843,125,1254471,2,0.0,0.7999,0.40513,0.22721,-0.26997,0.04811,1.19241,4.99056
S25,s_g0c50,2003-2007,129437,100000,1.2944,,0.052,0.9419,25162,430,85,1,0,0,84550,24420,0.6531,0.2023,-0.18445,-0.07431,-0.15421,-0.2381,0.01093,0.16309
S25,s_g0c50,2008-2012,131249,100000,1.3125,,0.2832,0.6102,25213,935,168,2,706,34,21897,14,0.0003,0.7954,0.00757,0.04389,-0.08143,0.14649,0.12286,0.30327
S25,s_g0c50,2010-2019,410719,200000,2.0536,,0.1406,0.9551,50475,679,99,11,0,0,167533,31591,0.3074,0.5386,-0.06712,-0.14269,-0.36594,-0.10072,0.19043,0.95513
S25,s_g0c50,2010-2026,1392935,333333,4.1788,,0.2701,0.9546,83096,1118,134,35,0,0,373329,26640,0.1695,0.6861,0.13176,-0.20458,-0.54898,-0.05942,0.4171,2.41101
S25,s_g0c50,2013-2019,202238,140000,1.4446,,0.0961,1.0,36250,272,43,2,0,0,155810,35841,0.7695,0.1064,-0.1644,-0.21232,-0.37449,-0.16672,-0.01625,0.38021
S25,s_g0c50,2020-2026,211539,133333,1.5865,,0.1547,0.835,30963,437,70,5,0,0,136450,27573,0.645,0.2356,-0.0749,-0.20928,-0.33391,-0.11593,-0.02248,0.3801
S25,s_g50c50,1998-2002,105944,100000,1.0594,,0.148,0.9775,25755,293,45,7,0,0,77575,25755,0.7255,0.1459,0.15428,0.29584,,-0.14188,0.12326,-0.05646
S25,s_g50c50,1998-2019,2198923,440000,4.9976,,0.4925,0.9811,109151,1622,181,52,2055,75,519295,7,0.0,0.6949,0.13971,0.4411,,0.18156,1.06582,3.02877
S25,s_g50c50,1998-2026,6162991,573333,10.7494,,0.495,0.9811,141855,1950,201,77,2400,90,1832221,7,0.0,0.7205,0.12152,0.32716,,0.22687,1.4778,6.42064
S25,s_g50c50,2000-2019,1639268,400000,4.0982,,0.4692,0.9044,99439,1394,172,46,2408,106,379598,2,0.0,0.7966,0.19635,0.3786,0.04208,0.06235,0.91205,2.45922
S25,s_g50c50,2000-2020,1944581,420000,4.63,,0.472,0.9056,104350,1405,173,50,2485,109,514938,15,0.0,0.7985,0.23769,0.34921,-0.18045,0.20754,0.96368,2.90849
S25,s_g50c50,2000-2026,4493682,533333,8.4257,,0.4849,0.9103,132176,1688,192,65,2979,128,1361906,19,0.0,0.8039,0.42694,0.24626,-0.25864,0.06438,1.22645,5.08358
S25,s_g50c50,2003-2007,131073,100000,1.3107,,0.045,0.955,25068,430,85,1,0,0,86186,24327,0.6575,0.2005,-0.17414,-0.06262,-0.14353,-0.22847,0.0237,0.17778
S25,s_g50c50,2008-2012,132996,100000,1.33,,0.2748,0.6193,25154,940,168,2,671,33,22787,2,0.0001,0.793,0.02098,0.05779,-0.0692,0.16175,0.13781,0.32061
S25,s_g50c50,2010-2019,426776,200000,2.1339,,0.1336,0.9697,49829,679,99,11,0,0,183589,33729,0.3156,0.5271,-0.03065,-0.10917,-0.34115,-0.06557,0.23697,1.03156
S25,s_g50c50,2010-2026,1454685,333333,4.3641,,0.2573,0.9692,82238,1118,134,35,0,0,435079,28923,0.1796,0.6673,0.18193,-0.16931,-0.52898,-0.01773,0.47992,2.56223
S25,s_g50c50,2013-2019,214155,140000,1.5297,,0.0853,1.0,36250,272,43,2,0,0,167727,35661,0.7817,0.1023,-0.11516,-0.16591,-0.33763,-0.11762,0.04172,0.46154
S25,s_g50c50,2020-2026,220701,133333,1.6553,,0.1189,0.8742,32418,437,70,5,0,0,145612,29028,0.6598,0.2283,-0.03484,-0.17504,-0.30506,-0.07764,0.01985,0.43987
S25,s_g67c25,1998-2002,95333,100000,0.9533,,0.2933,0.8404,25495,293,45,7,0,0,66964,25495,0.6853,0.1486,0.03867,0.16605,,-0.22783,0.01075,-0.15096
S25,s_g67c25,1998-2019,2278565,440000,5.1786,,0.4928,0.9712,108050,1616,180,52,2062,75,607746,3,0.0,0.6938,0.18098,0.4933,,0.22436,1.14064,3.17469
S25,s_g67c25,1998-2026,6837841,573333,11.9265,,0.494,0.9712,140424,1937,201,75,2429,94,2533978,9,0.0,0.7076,0.24433,0.47248,,0.36122,1.74912,7.2332
S25,s_g67c25,2000-2019,1642246,400000,4.1056,,0.4702,0.7751,97852,1328,167,43,2601,114,423053,1,0.0,0.8157,0.19853,0.3811,0.04397,0.06428,0.91552,2.4655
S25,s_g67c25,2000-2020,2000060,420000,4.762,,0.4729,0.7737,101544,1334,172,45,2699,120,610177,2,0.0,0.817,0.273,0.38771,-0.15707,0.24199,1.01971,3.02
S25,s_g67c25,2000-2026,4869383,533333,9.1301,,0.4747,0.7674,122465,1601,186,65,3127,148,1816710,1,0.0,0.8111,0.54624,0.35046,-0.19666,0.15337,1.4126,5.5922
S25,s_g67c25,2003-2007,138324,100000,1.3832,,0.0696,0.9263,24423,430,85,1,0,0,93438,23682,0.6755,0.1916,-0.12845,-0.01075,-0.09614,-0.18578,0.08034,0.24295
S25,s_g67c25,2008-2012,130864,100000,1.3086,,0.3121,0.585,24675,920,167,2,881,37,24417,18,0.0004,0.7874,0.00461,0.04083,-0.08413,0.14313,0.11956,0.29944
S25,s_g67c25,2010-2019,487069,200000,2.4353,,0.1499,0.952,48792,679,99,11,0,0,243883,38541,0.3467,0.4896,0.10629,0.01668,-0.24807,0.06645,0.41172,1.31857
S25,s_g67c25,2010-2026,1714782,333333,5.1443,,0.2618,0.952,80527,1118,134,35,0,0,695176,34483,0.2102,0.6107,0.39326,-0.02079,-0.44477,0.1579,0.74453,3.19915
S25,s_g67c25,2013-2019,256084,140000,1.8292,,0.1226,1.0,36250,272,43,2,0,0,209656,35626,0.8155,0.0903,0.05808,-0.0026,-0.20795,0.05514,0.24568,0.74769
S25,s_g67c25,2020-2026,253707,133333,1.9028,,0.1859,0.8217,30472,437,70,5,0,0,178618,27668,0.7039,0.2104,0.10951,-0.05166,-0.20113,0.0603,0.17238,0.65521
S25,s_g67c50,1998-2002,104299,100000,1.043,,0.1557,0.9542,25755,293,45,7,0,0,75931,25755,0.7186,0.1464,0.13636,0.27572,,-0.1552,0.10582,-0.07111
S25,s_g67c50,1998-2019,2196695,440000,4.9925,,0.4922,0.9811,109151,1616,180,52,2065,75,524376,6,0.0,0.6953,0.13855,0.43964,,0.18037,1.06373,3.02469
S25,s_g67c50,1998-2026,6195673,573333,10.8064,,0.4941,0.9811,141855,1944,200,76,2415,89,1876129,0,0.0,0.7191,0.12747,0.3342,,0.23338,1.49094,6.45999
S25,s_g67c50,2000-2019,1636657,400000,4.0916,,0.4682,0.8816,99390,1382,172,46,2436,105,386330,12,0.0,0.7998,0.19445,0.3764,0.04042,0.06066,0.909,2.45371
S25,s_g67c50,2000-2020,1944588,420000,4.63,,0.4704,0.8827,104298,1393,173,49,2522,111,524793,6,0.0,0.8015,0.23769,0.34922,-0.18045,0.20755,0.96369,2.90851
S25,s_g67c50,2000-2026,4506313,533333,8.4493,,0.4833,0.8858,132111,1674,192,66,2984,129,1397002,18,0.0,0.8059,0.43095,0.24976,-0.25655,0.06737,1.23271,5.10068
S25,s_g67c50,2003-2007,131374,100000,1.3137,,0.0463,0.9514,25035,430,85,1,0,0,86487,24294,0.6583,0.2001,-0.17225,-0.06046,-0.14156,-0.2267,0.02606,0.18049
S25,s_g67c50,2008-2012,133391,100000,1.3339,,0.2729,0.6204,25153,941,168,2,663,32,22921,0,0.0,0.793,0.02401,0.06093,-0.06644,0.1652,0.14118,0.32453
S25,s_g67c50,2010-2019,431424,200000,2.1571,,0.1315,0.9682,49618,679,99,11,0,0,188237,34411,0.3181,0.5238,-0.0201,-0.09947,-0.33398,-0.05539,0.25044,1.05369
S25,s_g67c50,2010-2026,1471832,333333,4.4155,,0.2527,0.9682,81891,1118,134,35,0,0,452226,29642,0.1832,0.6619,0.19586,-0.15952,-0.52343,-0.00615,0.49736,2.60422
S25,s_g67c50,2013-2019,217468,140000,1.5533,,0.0829,1.0,36250,272,43,2,0,0,171040,35601,0.7848,0.1012,-0.10147,-0.15301,-0.32738,-0.10397,0.05783,0.48414
S25,s_g67c50,2020-2026,222692,133333,1.6702,,0.1169,0.8788,32591,437,70,5,0,0,147603,29530,0.6628,0.2268,-0.02613,-0.16759,-0.29879,-0.06932,0.02906,0.45286
S5,c100,1998-2002,119034,100000,1.1903,,0.04,1.0,6583,293,45,7,0,0,90666,6583,0.7405,0.1714,0.34952,0.52653,,0.03614,0.31487,0.08476
S5,c100,1998-2019,1893929,440000,4.3044,,0.4783,1.0,23583,1416,177,48,2452,109,366871,2,0.0,0.7956,0.15778,0.39378,,0.25796,0.98212,2.6867
S5,c100,1998-2026,5023242,573333,8.7615,,0.4837,1.0,30250,1681,191,73,3010,150,1014247,0,0.0,0.8325,0.15212,0.28615,,0.32271,1.35434,5.49386
S5,c100,2000-2019,1503394,400000,3.7585,,0.449,0.9738,21407,1278,175,43,2604,129,299877,4,0.0,0.8948,0.27129,0.29207,-0.12571,0.18158,0.8302,2.31896
S5,c100,2000-2020,1743802,420000,4.1519,,0.4481,0.9735,22397,1282,175,48,2734,137,368884,1,0.0,0.8967,0.29766,0.24497,-0.32414,0.32599,0.84838,2.67116
S5,c100,2000-2026,3670037,533333,6.8813,,0.4587,0.9722,28012,1544,187,61,3195,209,765645,0,0.0,0.9019,0.43711,0.0923,-0.4258,0.13085,0.9777,4.2475
S5,c100,2003-2007,117089,100000,1.1709,,0.0197,0.9994,6579,430,85,1,0,0,72202,5838,0.614,0.2702,-0.18788,-0.10798,-0.16921,-0.27598,-0.0457,0.06299
S5,c100,2008-2012,125290,100000,1.2529,,0.2682,0.6502,6327,820,159,2,1239,40,32422,27,0.0008,0.815,-0.05552,-0.03082,-0.12662,0.06127,0.06028,0.24766
S5,c100,2010-2019,351624,200000,1.7581,,0.1089,0.9718,11583,657,99,11,41,11,116232,26,0.0004,0.6975,-0.08648,-0.16724,-0.36037,-0.1136,0.10315,0.67732
S5,c100,2010-2026,1017400,333333,3.0522,,0.237,0.9703,18250,977,126,29,355,40,165856,25,0.0004,0.7853,0.02561,-0.27592,-0.56098,-0.13444,0.19222,1.51794
S5,c100,2013-2019,160472,140000,1.1462,,0.0285,0.9995,8579,272,43,2,0,0,114044,7767,0.7096,0.1476,-0.25984,-0.30513,-0.43004,-0.26128,-0.16793,0.09766
S5,c100,2020-2026,173349,133333,1.3001,,0.0489,0.9581,8250,437,70,5,0,0,98260,7549,0.5668,0.3182,-0.19512,-0.29431,-0.37776,-0.21687,-0.14944,0.14504
S5,f_g0c25,1998-2002,98970,100000,0.9897,,0.1709,0.8994,6344,293,45,7,0,0,70602,6344,0.7089,0.1752,0.12204,0.26922,,-0.13851,0.09324,-0.09809
S5,f_g0c25,1998-2019,2074023,440000,4.7137,,0.4772,0.962,22687,1442,179,48,2404,106,533118,1,0.0,0.7828,0.26787,0.52632,,0.37758,1.1706,3.03726
S5,f_g0c25,1998-2026,5955589,573333,10.3877,,0.4842,0.9619,29096,1681,191,73,3037,149,1942057,2,0.0,0.8027,0.36596,0.52487,,0.56821,1.79132,6.69916
S5,f_g0c25,2000-2019,1617462,400000,4.0437,,0.4509,0.939,20783,1273,175,41,2619,129,418950,6,0.0,0.8911,0.36775,0.3901,-0.05937,0.27123,0.96907,2.57078
S5,f_g0c25,2000-2020,1902993,420000,4.5309,,0.4483,0.9388,21745,1273,175,46,2753,137,538542,9,0.0,0.8904,0.41612,0.35862,-0.26244,0.44704,1.01711,3.0063
S5,f_g0c25,2000-2026,4247714,533333,7.9645,,0.4621,0.9379,27197,1537,185,61,3256,214,1392702,0,0.0,0.879,0.66331,0.26423,-0.33542,0.30885,1.289,5.07348
S5,f_g0c25,2003-2007,129029,100000,1.2903,,0.066,0.9312,6175,430,85,1,0,0,84143,5433,0.6521,0.2503,-0.10506,-0.01701,-0.08449,-0.20215,0.05161,0.17139
S5,f_g0c25,2008-2012,130530,100000,1.3053,,0.275,0.6355,6113,812,159,2,1248,42,38513,1,0.0,0.8037,-0.01602,0.00972,-0.09009,0.10565,0.10463,0.29984
S5,f_g0c25,2010-2019,400438,200000,2.0022,,0.1604,0.9336,11366,654,99,11,45,11,166306,43,0.0007,0.6684,0.04034,-0.05164,-0.27157,0.00945,0.25629,0.91017
S5,f_g0c25,2010-2026,1203104,333333,3.6093,,0.2856,0.9307,17912,976,126,29,365,42,355929,25,0.0004,0.7301,0.21281,-0.14375,-0.48084,0.02355,0.40983,1.97753
S5,f_g0c25,2013-2019,211457,140000,1.5104,,0.1337,1.0,8583,272,43,2,0,0,165030,7953,0.7781,0.1235,-0.02468,-0.08435,-0.24895,-0.02658,0.09643,0.44641
S5,f_g0c25,2020-2026,217690,133333,1.6327,,0.2398,0.7389,8250,437,70,5,0,0,142600,5046,0.5878,0.2871,0.01076,-0.1138,-0.2186,-0.01655,0.06812,0.43793
S5,f_g0c50,1998-2002,105513,100000,1.0551,,0.1242,0.9661,6360,293,45,7,0,0,77145,6360,0.7276,0.1734,0.19623,0.35313,,-0.08155,0.16551,-0.03846
S5,f_g0c50,1998-2019,2012472,440000,4.5738,,0.4774,0.9627,22703,1441,180,48,2405,105,472769,25,0.0,0.7861,0.23024,0.48102,,0.33669,1.10618,2.91745
S5,f_g0c50,1998-2026,5542476,573333,9.6671,,0.486,0.9624,29112,1689,190,72,3010,143,1556196,18,0.0,0.8116,0.27121,0.4191,,0.45943,1.5977,6.16511
S5,f_g0c50,2000-2019,1579711,400000,3.9493,,0.4508,0.9555,21022,1280,175,41,2601,129,373457,9,0.0,0.8921,0.33582,0.35766,-0.08133,0.24156,0.92311,2.48744
S5,f_g0c50,2000-2020,1851299,420000,4.4079,,0.4488,0.9552,21996,1281,175,47,2742,135,473829,3,0.0,0.8919,0.37766,0.32172,-0.28247,0.40773,0.96232,2.89747
S5,f_g0c50,2000-2026,4004285,533333,7.508,,0.4593,0.9543,27510,1539,185,63,3196,197,1149407,8,0.0,0.8852,0.56799,0.19178,-0.37351,0.23384,1.15782,4.72542
S5,f_g0c50,2003-2007,124904,100000,1.249,,0.0498,0.9542,6311,430,85,1,0,0,80017,5569,0.6405,0.2568,-0.13368,-0.04844,-0.11376,-0.22766,0.01799,0.13393
S5,f_g0c50,2008-2012,128667,100000,1.2867,,0.2745,0.6395,6171,814,159,2,1246,41,36434,19,0.0006,0.8074,-0.03007,-0.0047,-0.10308,0.08987,0.08886,0.28128
S5,f_g0c50,2010-2019,383858,200000,1.9193,,0.1411,0.955,11486,658,99,11,39,11,148158,7,0.0001,0.6784,-0.00274,-0.0909,-0.30173,-0.03234,0.20427,0.83108
S5,f_g0c50,2010-2026,1125327,333333,3.376,,0.2665,0.9529,18104,976,126,29,346,40,276205,7,0.0001,0.7483,0.13441,-0.1991,-0.5144,-0.04262,0.31869,1.78505
S5,f_g0c50,2013-2019,192402,140000,1.3743,,0.0922,1.0,8583,272,43,2,0,0,145974,7907,0.7572,0.1311,-0.11257,-0.16687,-0.31663,-0.1143,-0.00237,0.31607
S5,f_g0c50,2020-2026,201608,133333,1.5121,,0.1733,0.8132,8250,437,70,5,0,0,126519,5895,0.613,0.2959,-0.06391,-0.17926,-0.27633,-0.0892,-0.01078,0.33171
S5,f_g100c25,1998-2002,85604,100000,0.856,,0.3232,0.7326,6344,293,45,7,0,0,57236,6344,0.6317,0.1839,-0.02948,0.09781,,-0.25485,-0.0544,-0.21989
S5,f_g100c25,1998-2019,2125351,440000,4.8303,,0.4803,0.962,22687,1409,177,48,2481,112,605717,1,0.0,0.7862,0.29925,0.56409,,0.41167,1.22431,3.13718
S5,f_g100c25,1998-2026,6432585,573333,11.2196,,0.485,0.9619,29096,1659,189,72,3059,157,2430020,7,0.0,0.7922,0.47536,0.647,,0.69382,2.01489,7.31581
S5,f_g100c25,2000-2019,1697982,400000,4.245,,0.4481,0.9683,21062,1271,174,43,2631,130,483512,8,0.0,0.8925,0.43584,0.45931,-0.01255,0.33451,1.06709,2.74854
S5,f_g100c25,2000-2020,2089389,420000,4.9747,,0.4454,0.9758,22038,1270,173,47,2751,149,725605,2,0.0,0.8881,0.55483,0.4917,-0.19019,0.58878,1.21469,3.39871
S5,f_g100c25,2000-2026,4646586,533333,8.7123,,0.4647,0.9758,27567,1540,185,62,3230,220,1796024,2,0.0,0.863,0.8195,0.38295,-0.27302,0.43175,1.50395,5.64379
S5,f_g100c25,2003-2007,129987,100000,1.2999,,0.0935,0.9065,5968,430,85,1,0,0,85100,5226,0.6547,0.2499,-0.09842,-0.00971,-0.07769,-0.19623,0.05942,0.18008
S5,f_g100c25,2008-2012,132936,100000,1.3294,,0.2747,0.6364,6059,812,159,2,1248,42,40919,27,0.0009,0.7967,0.00211,0.02833,-0.07332,0.12603,0.12499,0.3238
S5,f_g100c25,2010-2019,435995,200000,2.18,,0.1491,0.9236,10699,664,99,11,30,7,197597,56,0.0009,0.6564,0.13271,0.03257,-0.20689,0.09909,0.36784,1.07978
S5,f_g100c25,2010-2026,1349393,333333,4.0482,,0.2515,0.9227,16839,979,126,29,333,40,495472,0,0.0,0.6981,0.36028,-0.03964,-0.41771,0.148,0.58126,2.33958
S5,f_g100c25,2013-2019,240636,140000,1.7188,,0.129,0.9958,8547,272,43,2,0,0,194208,7812,0.8023,0.1142,0.1099,0.04199,-0.14532,0.10774,0.24773,0.646
S5,f_g100c25,2020-2026,230585,133333,1.7294,,0.1533,0.819,8250,437,70,5,0,0,155496,6270,0.6016,0.2786,0.07064,-0.0613,-0.17231,0.04171,0.1314,0.52312
S5,f_g100c50,1998-2002,96229,100000,0.9623,,0.1575,0.862,6360,293,45,7,0,0,67860,6360,0.6829,0.1772,0.09097,0.23406,,-0.16237,0.06296,-0.12307
S5,f_g100c50,1998-2019,2063135,440000,4.6889,,0.4763,0.9627,22703,1436,178,48,2413,107,526368,8,0.0,0.7848,0.26121,0.5183,,0.37034,1.1592,3.01607
S5,f_g100c50,1998-2026,5841612,573333,10.1889,,0.4852,0.9624,29112,1680,190,72,3010,150,1820993,18,0.0,0.8039,0.33982,0.49569,,0.5382,1.7379,6.55182
S5,f_g100c50,2000-2019,1634340,400000,4.0858,,0.4498,0.9775,21474,1287,173,43,2613,124,415212,14,0.0,0.8908,0.38202,0.40461,-0.04956,0.28449,0.98961,2.60804
S5,f_g100c50,2000-2020,1973757,420000,4.6994,,0.4466,0.9949,22468,1279,174,47,2717,137,589453,1,0.0,0.8895,0.46878,0.40914,-0.23501,0.50085,1.09212,3.15527
S5,f_g100c50,2000-2026,4215311,533333,7.9037,,0.4616,0.9948,28105,1544,184,63,3202,210,1359704,17,0.0001,0.8755,0.65062,0.25459,-0.34049,0.29886,1.27154,5.02715
S5,f_g100c50,2003-2007,125798,100000,1.258,,0.0876,0.9124,6007,430,85,1,0,0,80911,5265,0.6432,0.2564,-0.12747,-0.04163,-0.10741,-0.22213,0.02528,0.14205
S5,f_g100c50,2008-2012,130059,100000,1.3006,,0.2749,0.6379,6059,813,159,2,1247,42,37964,16,0.0005,0.803,-0.01958,0.00607,-0.09337,0.10166,0.10064,0.29514
S5,f_g100c50,2010-2019,405039,200000,2.0252,,0.1315,0.9264,10731,666,99,11,28,7,166030,8,0.0001,0.6701,0.05229,-0.04074,-0.2632,0.02105,0.27073,0.93212
S5,f_g100c50,2010-2026,1199776,333333,3.5993,,0.2441,0.9245,16871,980,127,29,330,40,339491,2,0.0,0.7313,0.20946,-0.14612,-0.48228,0.02071,0.40594,1.9693
S5,f_g100c50,2013-2019,208879,140000,1.492,,0.0814,0.996,8549,272,43,2,0,0,162451,7813,0.7748,0.1245,-0.03657,-0.09552,-0.25811,-0.03844,0.08307,0.42878
S5,f_g100c50,2020-2026,209509,133333,1.5713,,0.1098,0.8748,8250,437,70,5,0,0,134419,6737,0.6187,0.2898,-0.02723,-0.1471,-0.24797,-0.05351,0.02798,0.38389
S5,f_g50c25,1998-2002,94185,100000,0.9419,,0.1981,0.8382,6344,293,45,7,0,0,65817,6344,0.6787,0.176,0.0678,0.20786,,-0.18016,0.04038,-0.14169
S5,f_g50c25,1998-2019,2119301,440000,4.8166,,0.4779,0.962,22687,1435,179,48,2401,106,582688,1,0.0,0.782,0.29555,0.55964,,0.40765,1.21798,3.1254
S5,f_g50c25,1998-2026,6274782,573333,10.9444,,0.4849,0.9619,29096,1676,189,71,3029,151,2284578,8,0.0,0.7939,0.43917,0.6066,,0.65226,1.94093,7.11181
S5,f_g50c25,2000-2019,1663842,400000,4.1596,,0.4495,0.9721,21041,1273,173,41,2644,132,456716,4,0.0,0.8905,0.40697,0.42996,-0.0324,0.30768,1.02553,2.67317
S5,f_g50c25,2000-2020,2021535,420000,4.8132,,0.448,0.9748,22015,1273,176,47,2725,141,652727,3,0.0,0.8879,0.50434,0.44326,-0.21649,0.53718,1.14276,3.25586
S5,f_g50c25,2000-2026,4549255,533333,8.5299,,0.462,0.9748,27538,1543,185,63,3225,214,1680352,4,0.0,0.8676,0.78139,0.35398,-0.28825,0.40176,1.4515,5.50463
S5,f_g50c25,2003-2007,130320,100000,1.3032,,0.0859,0.9141,6018,430,85,1,0,0,85433,5276,0.6556,0.2497,-0.09611,-0.00718,-0.07533,-0.19417,0.06213,0.1831
S5,f_g50c25,2008-2012,132210,100000,1.3221,,0.2748,0.6362,6088,812,159,2,1248,42,40193,21,0.0007,0.7991,-0.00336,0.02271,-0.07838,0.11988,0.11884,0.31657
S5,f_g50c25,2010-2019,421596,200000,2.108,,0.1517,0.9473,10973,660,99,11,37,10,184105,36,0.0006,0.6626,0.0953,-0.00153,-0.23308,0.06279,0.32267,1.0111
S5,f_g50c25,2010-2026,1289848,333333,3.8695,,0.2688,0.946,17278,978,126,29,352,42,439205,3,0.0,0.7112,0.30026,-0.08201,-0.44341,0.09734,0.51148,2.19222
S5,f_g50c25,2013-2019,228130,140000,1.6295,,0.118,1.0,8583,272,43,2,0,0,181702,7875,0.7931,0.1179,0.05222,-0.01216,-0.18974,0.05018,0.18288,0.56046
S5,f_g50c25,2020-2026,227703,133333,1.7078,,0.1809,0.7945,8250,437,70,5,0,0,152613,5681,0.5967,0.2797,0.05725,-0.07303,-0.18266,0.02869,0.11725,0.50407
S5,f_g50c50,1998-2002,102149,100000,1.0215,,0.1361,0.9387,6360,293,45,7,0,0,73781,6360,0.7092,0.1734,0.15809,0.30999,,-0.11083,0.12836,-0.06911
S5,f_g50c50,1998-2019,2050379,440000,4.66,,0.476,0.9627,22703,1444,179,48,2378,105,509143,3,0.0,0.7836,0.25341,0.50892,,0.36187,1.14585,2.99124
S5,f_g50c50,1998-2026,5724512,573333,9.9846,,0.4845,0.9624,29112,1684,190,72,2992,148,1729908,7,0.0,0.8074,0.31296,0.46571,,0.50737,1.68302,6.40044
S5,f_g50c50,2000-2019,1605845,400000,4.0146,,0.4511,0.9767,21346,1284,175,41,2598,126,397754,1,0.0,0.8911,0.35792,0.38012,-0.06613,0.2621,0.95493,2.54513
S5,f_g50c50,2000-2020,1919058,420000,4.5692,,0.4491,0.989,22335,1282,176,46,2722,135,543145,15,0.0001,0.8899,0.42808,0.37009,-0.25621,0.45926,1.03414,3.04012
S5,f_g50c50,2000-2026,4146037,533333,7.7738,,0.4593,0.9889,27938,1543,185,62,3193,202,1257147,5,0.0,0.8816,0.6235,0.23397,-0.35133,0.27752,1.23421,4.9281
S5,f_g50c50,2003-2007,125778,100000,1.2578,,0.0804,0.9196,6054,430,85,1,0,0,80891,5312,0.6431,0.2565,-0.12761,-0.04178,-0.10756,-0.22225,0.02511,0.14187
S5,f_g50c50,2008-2012,129578,100000,1.2958,,0.2743,0.6382,6088,813,159,2,1247,42,37482,32,0.001,0.8042,-0.0232,0.00235,-0.09673,0.09758,0.09657,0.29035
S5,f_g50c50,2010-2019,396198,200000,1.981,,0.1356,0.9492,10995,662,99,11,33,9,158335,37,0.0006,0.6736,0.02932,-0.06168,-0.27928,-0.00124,0.24299,0.88994
S5,f_g50c50,2010-2026,1172690,333333,3.5181,,0.2539,0.9472,17300,979,126,29,336,40,319401,56,0.0008,0.7385,0.18215,-0.1654,-0.49396,-0.00233,0.3742,1.90226
S5,f_g50c50,2013-2019,201810,140000,1.4415,,0.0819,1.0,8583,272,43,2,0,0,155382,7843,0.7679,0.1273,-0.06918,-0.12613,-0.28322,-0.07099,0.04641,0.38042
S5,f_g50c50,2020-2026,207351,133333,1.5551,,0.134,0.8516,8250,437,70,5,0,0,132261,6332,0.617,0.291,-0.03724,-0.15589,-0.25571,-0.06326,0.01739,0.36964
S5,f_g67c15,1998-2002,88081,100000,0.8808,,0.2692,0.7625,6338,293,45,7,0,0,59713,6338,0.6483,0.1797,-0.00141,0.12957,,-0.23329,-0.02705,-0.19732
S5,f_g67c15,1998-2019,2163702,440000,4.9175,,0.478,0.9614,22681,1426,177,48,2424,107,633632,2,0.0,0.7806,0.32269,0.59231,,0.43714,1.26445,3.21183
S5,f_g67c15,1998-2026,6654258,573333,11.6063,,0.4847,0.9616,29090,1671,189,71,3031,151,2666370,3,0.0,0.7856,0.5262,0.70376,,0.75219,2.11878,7.60238
S5,f_g67c15,2000-2019,1708016,400000,4.27,,0.4482,0.9689,20912,1273,172,43,2650,130,496181,4,0.0,0.8912,0.44432,0.46793,-0.00671,0.3424,1.07931,2.77069
S5,f_g67c15,2000-2020,2102735,420000,5.0065,,0.4447,0.9689,21881,1269,173,47,2748,148,742384,2,0.0,0.8855,0.56476,0.50123,-0.18502,0.59893,1.22883,3.42681
S5,f_g67c15,2000-2026,4800372,533333,9.0007,,0.4575,0.9689,27371,1540,187,64,3164,194,1937043,1,0.0,0.8588,0.87972,0.42872,-0.24896,0.47914,1.58682,5.86368
S5,f_g67c15,2003-2007,132357,100000,1.3236,,0.0905,0.9095,5987,430,85,1,0,0,87470,5246,0.6609,0.2466,-0.08199,0.00834,-0.06088,-0.18157,0.07873,0.20159
S5,f_g67c15,2008-2012,133542,100000,1.3354,,0.2747,0.6361,6078,812,159,2,1248,42,41524,19,0.0006,0.7963,0.00668,0.03301,-0.06909,0.13116,0.13011,0.32983
S5,f_g67c15,2010-2019,440011,200000,2.2001,,0.1577,0.9385,10871,661,99,11,36,9,202521,43,0.0007,0.6545,0.14315,0.04209,-0.19958,0.10921,0.38045,1.09894
S5,f_g67c15,2010-2026,1392361,333333,4.1771,,0.2684,0.9383,17123,978,126,29,339,40,540355,4,0.0001,0.6938,0.4036,-0.00906,-0.39917,0.18456,0.63161,2.44592
S5,f_g67c15,2013-2019,245740,140000,1.7553,,0.1325,1.0,8583,272,43,2,0,0,199312,7859,0.8067,0.1128,0.13345,0.06409,-0.12719,0.13124,0.27419,0.68091
S5,f_g67c15,2020-2026,238326,133333,1.7874,,0.183,0.7873,8250,437,70,5,0,0,163237,5647,0.5884,0.2752,0.10658,-0.02979,-0.14453,0.07668,0.16938,0.57425
S5,f_g67c25,1998-2002,91597,100000,0.916,,0.2143,0.8037,6344,293,45,7,0,0,63229,6344,0.6647,0.1779,0.03846,0.17467,,-0.20269,0.0118,-0.16528
S5,f_g67c25,1998-2019,2127481,440000,4.8352,,0.4785,0.962,22687,1429,178,48,2418,107,597034,4,0.0,0.7824,0.30055,0.56566,,0.41308,1.22654,3.14133
S5,f_g67c25,1998-2026,6340552,573333,11.0591,,0.4847,0.9619,29096,1671,189,71,3032,151,2352665,3,0.0,0.7924,0.45425,0.62344,,0.66958,1.97175,7.19683
S5,f_g67c25,2000-2019,1680910,400000,4.2023,,0.4508,0.9691,21050,1277,175,43,2612,128,467129,2,0.0,0.8914,0.4214,0.44463,-0.02248,0.3211,1.04631,2.71085
S5,f_g67c25,2000-2020,2040884,420000,4.8592,,0.4463,0.9753,22025,1273,176,47,2725,142,682895,0,0.0,0.8866,0.51874,0.45707,-0.20899,0.55189,1.16327,3.29659
S5,f_g67c25,2000-2026,4614203,533333,8.6516,,0.4673,0.9752,27551,1543,188,63,3186,204,1732212,4,0.0,0.8675,0.80682,0.37331,-0.27808,0.42177,1.4865,5.59749
S5,f_g67c25,2003-2007,130403,100000,1.304,,0.0883,0.9117,6002,430,85,1,0,0,85517,5261,0.6558,0.2497,-0.09553,-0.00654,-0.07474,-0.19365,0.06281,0.18386
S5,f_g67c25,2008-2012,132574,100000,1.3257,,0.2747,0.6362,6078,812,159,2,1248,42,40557,21,0.0007,0.7981,-0.00061,0.02553,-0.07584,0.12297,0.12193,0.32019
S5,f_g67c25,2010-2019,427112,200000,2.1356,,0.15,0.9394,10881,662,99,11,36,9,190209,58,0.0009,0.6591,0.10964,0.01154,-0.22305,0.07669,0.33998,1.03741
S5,f_g67c25,2010-2026,1321110,333333,3.9633,,0.2621,0.9387,17131,978,126,29,338,40,469247,4,0.0,0.7053,0.33177,-0.05977,-0.42992,0.12394,0.54812,2.26959
S5,f_g67c25,2013-2019,232832,140000,1.6631,,0.1165,1.0,8583,272,43,2,0,0,186405,7849,0.7968,0.1165,0.07391,0.0082,-0.17303,0.07182,0.20727,0.59262
S5,f_g67c25,2020-2026,229510,133333,1.7213,,0.1641,0.8102,8250,437,70,5,0,0,154421,5898,0.5988,0.2787,0.06564,-0.06568,-0.17617,0.03685,0.12612,0.51601
S5,f_g67c50,1998-2002,100345,100000,1.0034,,0.1438,0.9134,6360,293,45,7,0,0,71977,6360,0.701,0.1743,0.13763,0.28685,,-0.12654,0.10843,-0.08556
S5,f_g67c50,1998-2019,2060674,440000,4.6834,,0.4768,0.9627,22703,1443,179,48,2377,105,514713,3,0.0,0.7838,0.25971,0.51649,,0.36871,1.15663,3.01128
S5,f_g67c50,1998-2026,5764878,573333,10.055,,0.4844,0.9624,29112,1682,190,72,2991,148,1769025,7,0.0,0.8054,0.32222,0.47604,,0.518,1.70194,6.45262
S5,f_g67c50,2000-2019,1624503,400000,4.0613,,0.4511,0.9779,21390,1289,175,43,2586,123,404853,12,0.0,0.8909,0.3737,0.39616,-0.05528,0.27676,0.97764,2.58632
S5,f_g67c50,2000-2020,1934454,420000,4.6058,,0.4484,0.991,22381,1282,177,46,2699,136,558331,8,0.0,0.8893,0.43954,0.38109,-0.25024,0.47096,1.05046,3.07253
S5,f_g67c50,2000-2026,4194734,533333,7.8651,,0.4579,0.991,27995,1544,185,65,3171,197,1340493,3,0.0,0.8771,0.64257,0.24846,-0.34371,0.29252,1.26045,4.99773
S5,f_g67c50,2003-2007,125922,100000,1.2592,,0.0827,0.9173,6039,430,85,1,0,0,81036,5298,0.6435,0.2563,-0.12661,-0.04068,-0.10653,-0.22136,0.02629,0.14318
S5,f_g67c50,2008-2012,129809,100000,1.2981,,0.2745,0.6381,6078,813,159,2,1247,42,37714,25,0.0008,0.8037,-0.02146,0.00414,-0.09512,0.09954,0.09852,0.29265
S5,f_g67c50,2010-2019,399690,200000,1.9984,,0.1339,0.9416,10907,664,99,11,31,8,161450,1,0.0,0.6724,0.03839,-0.05341,-0.27293,0.00757,0.25394,0.9066
S5,f_g67c50,2010-2026,1180971,333333,3.5429,,0.2516,0.9401,17157,980,126,29,337,40,324246,5,0.0001,0.7363,0.1905,-0.1595,-0.49039,0.00472,0.3839,1.92276
S5,f_g67c50,2013-2019,204415,140000,1.4601,,0.079,1.0,8583,272,43,2,0,0,157987,7822,0.7706,0.1262,-0.05716,-0.11485,-0.27397,-0.059,0.05992,0.39824
S5,f_g67c50,2020-2026,208479,133333,1.5636,,0.1205,0.8647,8250,437,70,5,0,0,133390,6482,0.6178,0.2902,-0.032,-0.15129,-0.25166,-0.05816,0.02293,0.3771
S5,g0,1998-2002,92490,100000,0.9249,,0.218,0.8229,6329,293,45,7,0,0,64121,6329,0.6881,0.178,0.04858,0.18611,,-0.19492,0.02165,-0.15714
S5,g0,1998-2019,2118373,440000,4.8145,,0.4803,0.9542,22672,1424,178,48,2457,108,586650,1,0.0,0.7843,0.29498,0.55895,,0.40703,1.21701,3.1236
S5,g0,1998-2026,6333250,573333,11.0464,,0.4849,0.9596,29080,1667,189,71,3056,154,2353837,10,0.0,0.7957,0.45258,0.62157,,0.66766,1.96833,7.18739
S5,g0,2000-2019,1654818,400000,4.137,,0.449,0.9293,20566,1264,173,43,2652,132,462726,3,0.0,0.8905,0.39934,0.42221,-0.03765,0.30059,1.01454,2.65325
S5,g0,2000-2020,1968026,420000,4.6858,,0.4466,0.9292,21519,1265,176,47,2750,142,609720,14,0.0,0.8885,0.46452,0.40505,-0.23723,0.49649,1.08605,3.14321
S5,g0,2000-2026,4579151,533333,8.5859,,0.4529,0.9287,26915,1532,188,62,3196,197,1693331,0,0.0,0.8701,0.7931,0.36288,-0.28357,0.41097,1.46761,5.54737
S5,g0,2003-2007,132721,100000,1.3272,,0.0835,0.9082,6039,430,85,1,0,0,87834,5298,0.6618,0.245,-0.07946,0.01111,-0.05829,-0.17932,0.0817,0.2049
S5,g0,2008-2012,130842,100000,1.3084,,0.2739,0.6349,6113,811,159,2,1249,42,38955,33,0.0011,0.8022,-0.01367,0.01213,-0.08791,0.1083,0.10727,0.30295
S5,g0,2010-2019,420067,200000,2.1003,,0.1808,0.9199,11244,651,99,11,48,11,185428,8,0.0002,0.6604,0.09133,-0.00515,-0.23586,0.05893,0.31787,1.0038
S5,g0,2010-2026,1295661,333333,3.887,,0.3081,0.9188,17717,975,126,28,370,42,448871,39,0.0005,0.7127,0.30612,-0.07788,-0.4409,0.10229,0.5183,2.2066
S5,g0,2013-2019,232285,140000,1.6592,,0.1752,1.0,8583,272,43,2,0,0,185857,7993,0.7969,0.1165,0.07138,0.00583,-0.17498,0.0693,0.20442,0.58887
S5,g0,2020-2026,233814,133333,1.7536,,0.2833,0.6879,7854,437,70,5,0,0,158725,4464,0.5579,0.2807,0.08563,-0.04815,-0.16072,0.0563,0.14724,0.54444
S5,g0c25,1998-2002,99034,100000,0.9903,,0.1708,0.8995,6394,293,45,7,0,0,70666,6394,0.709,0.1753,0.12277,0.27004,,-0.13795,0.09394,-0.0975
S5,g0c25,1998-2019,2059221,440000,4.68,,0.4798,0.9707,22905,1428,177,48,2456,109,525931,10,0.0,0.786,0.25882,0.51542,,0.36774,1.1551,3.00845
S5,g0c25,1998-2026,5926335,573333,10.3366,,0.4854,0.9712,29380,1675,190,72,3048,151,1921845,5,0.0,0.8047,0.35925,0.51738,,0.56051,1.77761,6.66135
S5,g0c25,2000-2019,1614765,400000,4.0369,,0.449,0.9428,20777,1269,173,41,2657,131,418026,1,0.0,0.8917,0.36547,0.38779,-0.06094,0.26911,0.96579,2.56482
S5,g0c25,2000-2020,1906892,420000,4.5402,,0.4469,0.9427,21739,1271,174,47,2748,139,536835,2,0.0,0.8917,0.41902,0.36141,-0.26093,0.45001,1.02125,3.01451
S5,g0c25,2000-2026,4218451,533333,7.9096,,0.462,0.9421,27190,1529,185,63,3208,198,1360470,1,0.0,0.8791,0.65185,0.25552,-0.34,0.29983,1.27323,5.03164
S5,g0c25,2003-2007,128767,100000,1.2877,,0.0652,0.9308,6172,430,85,1,0,0,83880,5431,0.6514,0.251,-0.10688,-0.01901,-0.08635,-0.20377,0.04947,0.169
S5,g0c25,2008-2012,129607,100000,1.2961,,0.2741,0.6385,6167,813,159,2,1247,41,37452,30,0.0015,0.8052,-0.02298,0.00257,-0.09653,0.09783,0.09681,0.29064
S5,g0c25,2010-2019,400243,200000,2.0012,,0.1605,0.9379,11334,653,99,11,45,11,165524,16,0.0003,0.6692,0.03983,-0.0521,-0.27193,0.00896,0.25568,0.90924
S5,g0c25,2010-2026,1195022,333333,3.5851,,0.2869,0.9364,17859,976,126,29,365,42,347847,11,0.0002,0.7323,0.20466,-0.1495,-0.48433,0.01667,0.40036,1.95753
S5,g0c25,2013-2019,211415,140000,1.5101,,0.1343,1.0,8583,272,43,2,0,0,164987,7936,0.778,0.1235,-0.02487,-0.08454,-0.2491,-0.02677,0.09621,0.44612
S5,g0c25,2020-2026,217007,133333,1.6276,,0.2277,0.749,8250,437,70,5,0,0,141917,5161,0.5842,0.2883,0.00759,-0.11658,-0.22105,-0.01963,0.06477,0.43342
S5,g0c50,1998-2002,105706,100000,1.0571,,0.1245,0.9701,6459,293,45,7,0,0,77338,6459,0.7279,0.1734,0.19842,0.35561,,-0.07987,0.16765,-0.0367
S5,g0c50,1998-2019,1995432,440000,4.5351,,0.4777,0.9811,23138,1428,178,48,2436,108,473090,18,0.0,0.7879,0.21983,0.46848,,0.32538,1.08835,2.88428
S5,g0c50,1998-2026,5530439,573333,9.6461,,0.4851,0.9811,29679,1681,190,72,3036,149,1551028,5,0.0,0.814,0.26845,0.41602,,0.45626,1.59206,6.14955
S5,g0c50,2000-2019,1576539,400000,3.9413,,0.4503,0.9545,20987,1274,175,42,2618,129,373627,7,0.0,0.8927,0.33314,0.35493,-0.08317,0.23907,0.91925,2.48043
S5,g0c50,2000-2020,1834357,420000,4.3675,,0.4478,0.9541,21959,1276,175,47,2738,136,475260,2,0.0,0.8918,0.36505,0.30962,-0.28904,0.39485,0.94436,2.8618
S5,g0c50,2000-2026,4026975,533333,7.5506,,0.4561,0.9525,27465,1537,187,64,3182,196,1155257,1,0.0,0.8868,0.57688,0.19853,-0.36996,0.24083,1.17005,4.75786
S5,g0c50,2003-2007,124829,100000,1.2483,,0.0493,0.9537,6307,430,85,1,0,0,79942,5565,0.6402,0.2571,-0.13419,-0.04901,-0.11429,-0.22812,0.01738,0.13325
S5,g0c50,2008-2012,128184,100000,1.2818,,0.2723,0.6422,6220,815,159,2,1244,40,35850,24,0.0018,0.808,-0.03371,-0.00844,-0.10645,0.08578,0.08477,0.27647
S5,g0c50,2010-2019,382265,200000,1.9113,,0.1418,0.9556,11424,655,99,11,43,11,146874,4,0.0001,0.6794,-0.00688,-0.09468,-0.30463,-0.03636,0.19928,0.82348
S5,g0c50,2010-2026,1123520,333333,3.3706,,0.2683,0.9538,18001,976,126,29,346,40,274398,0,0.0,0.7496,0.13259,-0.20039,-0.51518,-0.04416,0.31658,1.78057
S5,g0c50,2013-2019,192555,140000,1.3754,,0.0932,1.0,8583,272,43,2,0,0,146128,7879,0.7574,0.1311,-0.11186,-0.1662,-0.31609,-0.11359,-0.00158,0.31712
S5,g0c50,2020-2026,201246,133333,1.5093,,0.1688,0.8143,8250,437,70,5,0,0,126157,5906,0.6072,0.2972,-0.06559,-0.18074,-0.27763,-0.09084,-0.01256,0.32932
S5,g100,1998-2002,75510,100000,0.7551,,0.4938,0.6221,6329,293,45,7,0,0,47142,6329,0.5702,0.1934,-0.14393,-0.03164,,-0.34272,-0.1659,-0.31188
S5,g100,1998-2019,2199303,440000,4.9984,,0.4803,0.9542,22672,1381,175,46,2580,115,700885,0,0.0,0.7864,0.34445,0.61851,,0.46079,1.30171,3.28113
S5,g100,1998-2026,7271519,573333,12.6829,,0.4843,0.9596,29080,1646,188,72,3119,163,3313026,8,0.0,0.7764,0.66778,0.8618,,0.91472,2.40809,8.40035
S5,g100,2000-2019,1757742,400000,4.3944,,0.4432,0.9572,20660,1261,172,43,2652,135,562596,3,0.0,0.8906,0.48637,0.51067,0.02221,0.38148,1.13984,2.88046
S5,g100,2000-2020,2228687,420000,5.3064,,0.4466,0.9572,21618,1260,173,47,2756,151,895652,14,0.0,0.8838,0.65849,0.59115,-0.13621,0.6947,1.36234,3.69197
S5,g100,2000-2026,5168954,533333,9.6918,,0.4639,0.9573,27043,1528,185,62,3237,223,2341221,4,0.0,0.8493,1.02405,0.53842,-0.19129,0.59271,1.78544,6.39069
S5,g100,2003-2007,134320,100000,1.3432,,0.097,0.903,5945,430,85,1,0,0,89433,5204,0.6658,0.2428,-0.06837,0.0233,-0.04695,-0.16943,0.09473,0.21942
S5,g100,2008-2012,134619,100000,1.3462,,0.2746,0.637,6059,813,159,2,1247,42,42337,10,0.0003,0.7941,0.0148,0.04135,-0.06158,0.14029,0.13923,0.34056
S5,g100,2010-2019,472701,200000,2.3635,,0.1693,0.922,10680,664,99,11,32,7,235262,67,0.001,0.6423,0.22807,0.1195,-0.14012,0.19162,0.483,1.25488
S5,g100,2010-2026,1552965,333333,4.6589,,0.286,0.9222,16830,979,126,29,335,40,700876,3,0.0001,0.6674,0.5655,0.10525,-0.32987,0.32119,0.81981,2.8434
S5,g100,2013-2019,278313,140000,1.988,,0.1763,0.9958,8547,272,43,2,0,0,231885,7812,0.8266,0.1048,0.28369,0.20514,-0.0115,0.28119,0.44309,0.90372
S5,g100,2020-2026,252320,133333,1.8924,,0.187,0.774,8250,437,70,5,0,0,177231,5764,0.5813,0.2707,0.17156,0.02718,-0.09429,0.1399,0.23804,0.66668
S5,g25,1998-2002,90177,100000,0.9018,,0.2345,0.7959,6329,293,45,7,0,0,61808,6329,0.6693,0.1775,0.02235,0.15645,,-0.21505,-0.0039,-0.17822
S5,g25,1998-2019,2165769,440000,4.9222,,0.4797,0.9542,22672,1429,177,48,2439,109,630106,0,0.0,0.7806,0.32395,0.59383,,0.43851,1.26661,3.21586
S5,g25,1998-2026,6696226,573333,11.6795,,0.485,0.9596,29080,1671,189,70,3080,157,2706392,7,0.0,0.7871,0.53583,0.71451,,0.76324,2.13845,7.65663
S5,g25,2000-2019,1698930,400000,4.2473,,0.4486,0.9627,20779,1265,173,42,2665,133,495832,1,0.0,0.89,0.43664,0.46012,-0.012,0.33526,1.06825,2.75063
S5,g25,2000-2020,2056758,420000,4.897,,0.4465,0.9627,21742,1265,176,47,2760,148,707204,3,0.0,0.8859,0.53055,0.4684,-0.20284,0.56396,1.1801,3.33001
S5,g25,2000-2026,4793297,533333,8.9874,,0.4581,0.9627,27197,1532,188,63,3191,203,1927947,0,0.0,0.8625,0.87695,0.42661,-0.25006,0.47696,1.58301,5.85356
S5,g25,2003-2007,134201,100000,1.342,,0.0857,0.9143,6019,430,85,1,0,0,89314,5278,0.6655,0.2434,-0.06919,0.02238,-0.04779,-0.17017,0.09376,0.21833
S5,g25,2008-2012,132469,100000,1.3247,,0.2748,0.6353,6101,812,159,2,1250,42,40315,1,0.0,0.7999,-0.00141,0.02471,-0.07657,0.12208,0.12104,0.31915
S5,g25,2010-2019,435613,200000,2.1781,,0.1749,0.9329,11102,656,99,11,43,11,201272,9,0.0001,0.6543,0.13172,0.03167,-0.20758,0.09812,0.36665,1.07796
S5,g25,2010-2026,1378794,333333,4.1364,,0.2989,0.931,17493,976,126,29,354,40,528268,4,0.0001,0.6962,0.38992,-0.01871,-0.40503,0.17302,0.61571,2.41235
S5,g25,2013-2019,246135,140000,1.7581,,0.164,1.0,8583,272,43,2,0,0,199707,7947,0.8076,0.1126,0.13527,0.0658,-0.12579,0.13306,0.27624,0.68361
S5,g25,2020-2026,242746,133333,1.8206,,0.2518,0.7173,8189,437,70,5,0,0,167657,4799,0.5659,0.2749,0.1271,-0.01179,-0.12866,0.09665,0.19107,0.60344
S5,g25c50,1998-2002,101985,100000,1.0199,,0.1388,0.937,6459,293,45,7,0,0,73617,6459,0.7086,0.1735,0.15623,0.30788,,-0.11226,0.12654,-0.07061
S5,g25c50,1998-2019,2027055,440000,4.6069,,0.4779,0.9811,23138,1428,178,48,2424,107,497607,2,0.0,0.7854,0.23916,0.49175,,0.34638,1.12144,2.94584
S5,g25c50,1998-2026,5707788,573333,9.9554,,0.4848,0.9811,29679,1683,190,73,3028,148,1728151,4,0.0,0.8073,0.30912,0.46143,,0.50296,1.67518,6.37882
S5,g25c50,2000-2019,1597352,400000,3.9934,,0.4491,0.9726,21151,1273,175,41,2619,132,394471,3,0.0,0.8929,0.35074,0.37282,-0.07107,0.25542,0.94459,2.52638
S5,g25c50,2000-2020,1911336,420000,4.5508,,0.4471,0.98,22131,1275,176,46,2750,136,536340,2,0.0,0.8917,0.42233,0.36458,-0.2592,0.45339,1.02596,3.02386
S5,g25c50,2000-2026,4115921,533333,7.7174,,0.4619,0.9799,27683,1535,186,63,3188,202,1251883,1,0.0,0.8818,0.6117,0.22501,-0.35604,0.26824,1.21798,4.88504
S5,g25c50,2003-2007,125719,100000,1.2572,,0.0455,0.9545,6284,430,85,1,0,0,80832,5542,0.643,0.256,-0.12802,-0.04223,-0.10797,-0.22262,0.02463,0.14133
S5,g25c50,2008-2012,129138,100000,1.2914,,0.2724,0.6427,6206,816,159,2,1243,40,36694,3,0.0001,0.8066,-0.02652,-0.00105,-0.09979,0.09386,0.09285,0.28597
S5,g25c50,2010-2019,393967,200000,1.9698,,0.1359,0.9679,11279,658,99,11,39,10,157325,9,0.0002,0.6746,0.02352,-0.06696,-0.28334,-0.00686,0.23599,0.8793
S5,g25c50,2010-2026,1161128,333333,3.4834,,0.2568,0.9653,17773,978,126,29,343,40,308033,4,0.0,0.7407,0.1705,-0.17362,-0.49895,-0.01217,0.36065,1.87365
S5,g25c50,2013-2019,201424,140000,1.4387,,0.0823,1.0,8583,272,43,2,0,0,154996,7834,0.7674,0.1274,-0.07096,-0.1278,-0.28459,-0.07276,0.04441,0.37778
S5,g25c50,2020-2026,206247,133333,1.5469,,0.1322,0.849,8250,437,70,5,0,0,131158,6303,0.6124,0.2932,-0.04237,-0.16038,-0.25967,-0.06824,0.01198,0.36235
S5,g50,1998-2002,86307,100000,0.8631,,0.2742,0.7465,6329,293,45,7,0,0,57939,6329,0.6436,0.1798,-0.02152,0.10682,,-0.24874,-0.04664,-0.21349
S5,g50,1998-2019,2194878,440000,4.9884,,0.4802,0.9542,22672,1421,177,48,2447,107,668303,5,0.0,0.7793,0.34175,0.61526,,0.45785,1.29708,3.27252
S5,g50,1998-2026,6983898,573333,12.1812,,0.4852,0.9596,29080,1668,188,70,3058,156,2996861,2,0.0,0.7809,0.60181,0.78816,,0.83899,2.27328,8.02853
S5,g50,2000-2019,1729934,400000,4.3248,,0.4467,0.9612,20747,1262,172,42,2676,134,525635,0,0.0,0.8897,0.46285,0.48677,0.00603,0.35963,1.10599,2.81908
S5,g50,2000-2020,2129163,420000,5.0694,,0.4457,0.9612,21708,1266,175,46,2766,148,777102,6,0.0,0.8846,0.58443,0.5201,-0.17478,0.61902,1.25685,3.48244
S5,g50,2000-2026,5017665,533333,9.4081,,0.4609,0.9612,27155,1536,188,62,3194,204,2164596,0,0.0,0.855,0.96481,0.49339,-0.21496,0.54609,1.70391,6.17437
S5,g50,2003-2007,134969,100000,1.3497,,0.0891,0.9109,5997,430,85,1,0,0,90082,5256,0.6674,0.2425,-0.06387,0.02824,-0.04234,-0.16542,0.10002,0.22531
S5,g50,2008-2012,133458,100000,1.3346,,0.2748,0.6359,6088,812,159,2,1248,42,41441,12,0.0004,0.7967,0.00605,0.03237,-0.06968,0.13046,0.12941,0.329
S5,g50,2010-2019,450831,200000,2.2542,,0.1706,0.9443,10960,659,99,11,38,10,213881,4,0.0001,0.6505,0.17126,0.06771,-0.1799,0.13649,0.41439,1.15056
S5,g50,2010-2026,1457203,333333,4.3716,,0.2878,0.9417,17271,977,126,29,344,41,604108,0,0.0,0.6833,0.46896,0.03709,-0.37119,0.23972,0.7076,2.6064
S5,g50,2013-2019,258693,140000,1.8478,,0.1575,1.0,8583,272,43,2,0,0,212265,7902,0.8159,0.1093,0.19319,0.12018,-0.08118,0.19087,0.34135,0.76951
S5,g50,2020-2026,249023,133333,1.8677,,0.2194,0.747,8250,437,70,5,0,0,173934,5138,0.5724,0.2713,0.15624,0.01376,-0.10613,0.125,0.22186,0.6449
S5,g50c25,1998-2002,91408,100000,0.9141,,0.2173,0.8023,6394,293,45,7,0,0,63040,6394,0.664,0.1778,0.03631,0.17224,,-0.20433,0.00971,-0.167
S5,g50c25,1998-2019,2118595,440000,4.815,,0.4791,0.9707,22905,1422,177,48,2429,107,585636,0,0.0,0.7827,0.29512,0.55912,,0.40718,1.21724,3.12403
S5,g50c25,1998-2026,6351645,573333,11.0785,,0.4857,0.9712,29380,1675,189,72,3035,151,2338810,1,0.0,0.7925,0.4568,0.62628,,0.6725,1.97695,7.21117
S5,g50c25,2000-2019,1668783,400000,4.172,,0.4488,0.9666,20937,1268,175,42,2640,133,464071,0,0.0,0.8918,0.41114,0.43421,-0.02953,0.31156,1.03155,2.68407
S5,g50c25,2000-2020,2055065,420000,4.893,,0.4449,0.97,21907,1269,174,47,2741,146,679453,2,0.0,0.8876,0.52929,0.46719,-0.2035,0.56268,1.17831,3.32645
S5,g50c25,2000-2026,4537878,533333,8.5085,,0.4568,0.97,27404,1535,185,64,3212,205,1673087,2,0.0,0.8675,0.77693,0.35059,-0.29003,0.39826,1.44537,5.48836
S5,g50c25,2003-2007,130433,100000,1.3043,,0.0693,0.9307,6127,430,85,1,0,0,85546,5385,0.6559,0.2489,-0.09533,-0.00632,-0.07453,-0.19347,0.06305,0.18413
S5,g50c25,2008-2012,131632,100000,1.3163,,0.2742,0.6396,6140,814,159,2,1246,41,39400,19,0.0006,0.8006,-0.00771,0.01824,-0.08241,0.11499,0.11396,0.31081
S5,g50c25,2010-2019,425701,200000,2.1285,,0.15,0.9538,11048,660,99,11,37,10,188211,49,0.0009,0.6608,0.10597,0.00819,-0.22561,0.07314,0.33555,1.03068
S5,g50c25,2010-2026,1306365,333333,3.9191,,0.2632,0.9539,17409,978,126,29,338,40,455568,7,0.0001,0.708,0.31691,-0.07026,-0.43628,0.1114,0.53084,2.23309
S5,g50c25,2013-2019,232445,140000,1.6603,,0.1166,1.0,8583,272,43,2,0,0,186017,7846,0.7964,0.1166,0.07212,0.00652,-0.17441,0.07004,0.20526,0.58997
S5,g50c25,2020-2026,228171,133333,1.7113,,0.1588,0.8133,8250,437,70,5,0,0,153081,5895,0.5958,0.2808,0.05943,-0.07113,-0.18098,0.0308,0.11955,0.50717
S5,g50c50,1998-2002,96484,100000,0.9648,,0.167,0.8603,6459,293,45,7,0,0,68116,6459,0.6825,0.1764,0.09386,0.23734,,-0.16015,0.06578,-0.12074
S5,g50c50,1998-2019,2049357,440000,4.6576,,0.4784,0.9811,23138,1419,177,48,2455,109,517195,4,0.0,0.7861,0.25279,0.50816,,0.36119,1.14478,2.98925
S5,g50c50,1998-2026,5801237,573333,10.1184,,0.4855,0.9811,29679,1677,189,71,3027,150,1817314,1,0.0,0.8036,0.33056,0.48535,,0.52757,1.71898,6.49962
S5,g50c50,2000-2019,1615122,400000,4.0378,,0.4494,0.9688,21126,1271,174,41,2641,133,409146,4,0.0,0.894,0.36577,0.38809,-0.06073,0.26939,0.96622,2.56561
S5,g50c50,2000-2020,1961190,420000,4.6695,,0.4464,0.9788,22105,1273,174,47,2729,140,584340,19,0.0001,0.8914,0.45943,0.40017,-0.23988,0.49129,1.0788,3.12882
S5,g50c50,2000-2026,4243790,533333,7.9571,,0.4555,0.9788,27651,1542,185,64,3210,204,1353687,1,0.0,0.8773,0.66178,0.26306,-0.33604,0.30764,1.28689,5.06787
S5,g50c50,2003-2007,125975,100000,1.2597,,0.0494,0.9506,6258,430,85,1,0,0,81088,5516,0.6437,0.2556,-0.12625,-0.04028,-0.10616,-0.22104,0.02671,0.14365
S5,g50c50,2008-2012,129753,100000,1.2975,,0.2723,0.6433,6192,816,159,2,1243,40,37310,22,0.0007,0.8044,-0.02188,0.00371,-0.09551,0.09907,0.09805,0.2921
S5,g50c50,2010-2019,403121,200000,2.0156,,0.131,0.9613,11135,661,99,11,36,9,165631,16,0.0003,0.6706,0.04731,-0.04528,-0.26669,0.01622,0.26471,0.92297
S5,g50c50,2010-2026,1189633,333333,3.5689,,0.243,0.9614,17546,979,126,29,340,40,333895,1,0.0,0.7326,0.19923,-0.15334,-0.48665,0.01209,0.39405,1.94419
S5,g50c50,2013-2019,209133,140000,1.4938,,0.0812,0.9977,8563,272,43,2,0,0,162705,7790,0.7751,0.1244,-0.0354,-0.09442,-0.25721,-0.03727,0.08438,0.43052
S5,g50c50,2020-2026,209113,133333,1.5683,,0.1071,0.8719,8250,437,70,5,0,0,134024,6668,0.6163,0.2915,-0.02906,-0.14871,-0.24939,-0.0553,0.02604,0.38128
S5,g67,1998-2002,83045,100000,0.8304,,0.349,0.7058,6329,293,45,7,0,0,54677,6329,0.6224,0.183,-0.0585,0.06499,,-0.27713,-0.08267,-0.24321
S5,g67,1998-2019,2207404,440000,5.0168,,0.4795,0.9542,22672,1411,177,48,2460,112,682822,0,0.0,0.7808,0.34941,0.62447,,0.46617,1.31019,3.2969
S5,g67,1998-2026,7151718,573333,12.4739,,0.4846,0.9596,29080,1665,189,72,3043,152,3150981,4,0.0,0.7782,0.6403,0.83113,,0.88318,2.35194,8.24548
S5,g67,2000-2019,1742381,400000,4.356,,0.4479,0.96,20721,1262,172,42,2684,138,540243,2,0.0,0.89,0.47338,0.49746,0.01327,0.36941,1.12114,2.84655
S5,g67,2000-2020,2156324,420000,5.1341,,0.4432,0.9601,21681,1264,175,47,2728,146,824487,4,0.0,0.8829,0.60464,0.53949,-0.16425,0.63967,1.28564,3.53962
S5,g67,2000-2026,5112833,533333,9.5866,,0.4611,0.9601,27122,1535,185,64,3226,213,2276015,4,0.0,0.8531,1.00207,0.52171,-0.20007,0.57542,1.7552,6.31044
S5,g67,2003-2007,135076,100000,1.3508,,0.0915,0.9085,5981,430,85,1,0,0,90189,5239,0.6677,0.2423,-0.06312,0.02905,-0.04158,-0.16476,0.10089,0.22628
S5,g67,2008-2012,133993,100000,1.3399,,0.2747,0.6363,6078,812,159,2,1248,42,41976,26,0.0008,0.7951,0.01008,0.0365,-0.06595,0.13498,0.13393,0.33432
S5,g67,2010-2019,459265,200000,2.2963,,0.1698,0.9381,10867,661,99,11,35,10,221402,24,0.0004,0.648,0.19317,0.08768,-0.16456,0.15775,0.44085,1.19079
S5,g67,2010-2026,1499686,333333,4.4991,,0.2786,0.9383,17123,978,126,29,338,40,648889,18,0.0004,0.6767,0.51179,0.06733,-0.35286,0.27586,0.75738,2.71154
S5,g67,2013-2019,266141,140000,1.901,,0.1562,1.0,8583,272,43,2,0,0,219713,7872,0.8204,0.1075,0.22754,0.15243,-0.05473,0.22515,0.37997,0.82046
S5,g67,2020-2026,251542,133333,1.8866,,0.2009,0.7635,8250,437,70,5,0,0,176453,5366,0.5759,0.2702,0.16794,0.02401,-0.09709,0.13638,0.23422,0.66154
S5,g67c25,1998-2002,87594,100000,0.8759,,0.2925,0.755,6394,293,45,7,0,0,59225,6394,0.6426,0.1811,-0.00693,0.12333,,-0.23753,-0.03243,-0.20176
S5,g67c25,1998-2019,2122736,440000,4.8244,,0.4788,0.9707,22905,1411,177,48,2464,112,604814,3,0.0,0.7836,0.29765,0.56217,,0.40993,1.22158,3.13209
S5,g67c25,1998-2026,6421426,573333,11.2002,,0.4847,0.9712,29380,1668,189,72,3043,152,2414222,2,0.0,0.7909,0.4728,0.64415,,0.69088,2.00966,7.30138
S5,g67c25,2000-2019,1683423,400000,4.2086,,0.4473,0.9667,20914,1266,172,42,2665,132,477892,11,0.0,0.8919,0.42352,0.44679,-0.02101,0.32307,1.04937,2.71639
S5,g67c25,2000-2020,2078307,420000,4.9483,,0.4421,0.969,21883,1268,173,47,2740,147,718194,10,0.0,0.8863,0.54658,0.48379,-0.19449,0.58035,1.20294,3.37538
S5,g67c25,2000-2026,4661221,533333,8.7398,,0.4609,0.969,27373,1541,186,63,3203,200,1802466,3,0.0,0.8637,0.82523,0.3873,-0.27073,0.43626,1.51183,5.66472
S5,g67c25,2003-2007,130384,100000,1.3038,,0.072,0.928,6110,430,85,1,0,0,85497,5368,0.6557,0.2489,-0.09567,-0.00669,-0.07487,-0.19377,0.06265,0.18369
S5,g67c25,2008-2012,131997,100000,1.32,,0.2742,0.64,6130,814,159,2,1246,41,39765,31,0.001,0.7993,-0.00496,0.02106,-0.07986,0.11808,0.11704,0.31445
S5,g67c25,2010-2019,432435,200000,2.1622,,0.1491,0.9456,10953,662,99,11,34,9,194572,8,0.0001,0.658,0.12346,0.02414,-0.21337,0.09011,0.35667,1.0628
S5,g67c25,2010-2026,1326168,333333,3.9785,,0.2535,0.9458,17260,979,126,29,349,42,474628,3,0.0,0.7036,0.33687,-0.05617,-0.42774,0.12824,0.55405,2.2821
S5,g67c25,2013-2019,238191,140000,1.7014,,0.122,0.9983,8569,272,43,2,0,0,191763,7816,0.8006,0.1149,0.09863,0.0314,-0.154,0.09649,0.23505,0.62927
S5,g67c25,2020-2026,229625,133333,1.7222,,0.1512,0.8194,8250,437,70,5,0,0,154536,6142,0.5985,0.2802,0.06618,-0.06521,-0.17576,0.03737,0.12668,0.51677
S5,s_g0c50,1998-2002,105463,100000,1.0546,,0.1242,0.9692,6459,293,45,7,0,0,77095,6459,0.7275,0.1735,0.19566,0.35249,,-0.08199,0.16496,-0.03891
S5,s_g0c50,1998-2019,2008064,440000,4.5638,,0.4781,0.9811,23138,1440,179,48,2398,106,475168,3,0.0,0.7861,0.22755,0.47778,,0.33377,1.10157,2.90887
S5,s_g0c50,1998-2026,5541810,573333,9.6659,,0.4858,0.9811,29679,1688,190,72,3011,143,1555531,40,0.0001,0.812,0.27106,0.41893,,0.45926,1.59739,6.16425
S5,s_g0c50,2000-2019,1580236,400000,3.9506,,0.4502,0.9536,20980,1280,173,41,2629,128,374144,8,0.0,0.8919,0.33627,0.35811,-0.08102,0.24197,0.92375,2.4886
S5,s_g0c50,2000-2020,1853531,420000,4.4132,,0.4477,0.9534,21951,1279,177,47,2722,135,487430,8,0.0,0.8907,0.37932,0.32331,-0.28161,0.40943,0.96468,2.90217
S5,s_g0c50,2000-2026,4045389,533333,7.5851,,0.4556,0.9524,27455,1541,188,63,3192,197,1155622,1,0.0,0.8854,0.58409,0.20401,-0.36708,0.2465,1.17997,4.78419
S5,s_g0c50,2003-2007,124902,100000,1.249,,0.0498,0.954,6309,430,85,1,0,0,80015,5568,0.6405,0.2568,-0.13369,-0.04846,-0.11377,-0.22767,0.01797,0.13392
S5,s_g0c50,2008-2012,128666,100000,1.2867,,0.2745,0.6395,6171,814,159,2,1246,41,36434,19,0.0006,0.8074,-0.03007,-0.0047,-0.10308,0.08987,0.08886,0.28128
S5,s_g0c50,2010-2019,383468,200000,1.9173,,0.1413,0.9522,11426,658,99,11,40,11,148663,24,0.0004,0.6778,-0.00375,-0.09183,-0.30244,-0.03333,0.20305,0.82922
S5,s_g0c50,2010-2026,1126876,333333,3.3806,,0.2652,0.9493,18004,976,126,29,357,40,278491,10,0.0002,0.7489,0.13597,-0.198,-0.51373,-0.04131,0.32051,1.78888
S5,s_g0c50,2013-2019,192363,140000,1.374,,0.0922,1.0,8583,272,43,2,0,0,145935,7883,0.7572,0.1311,-0.11275,-0.16704,-0.31677,-0.11448,-0.00258,0.3158
S5,s_g0c50,2020-2026,201530,133333,1.5115,,0.1734,0.81,8250,437,70,5,0,0,126441,5858,0.6116,0.2961,-0.06427,-0.17958,-0.27661,-0.08955,-0.01117,0.33119
S5,s_g50c50,1998-2002,102101,100000,1.021,,0.1361,0.9383,6459,293,45,7,0,0,73733,6459,0.7091,0.1735,0.15754,0.30937,,-0.11125,0.12782,-0.06955
S5,s_g50c50,1998-2019,2048939,440000,4.6567,,0.4761,0.9811,23138,1443,179,48,2374,105,509066,3,0.0,0.784,0.25253,0.50786,,0.36092,1.14434,2.98844
S5,s_g50c50,1998-2026,5713048,573333,9.9646,,0.4852,0.9811,29679,1684,190,72,3014,148,1727322,2,0.0,0.8073,0.31033,0.46277,,0.50435,1.67765,6.38562
S5,s_g50c50,2000-2019,1609076,400000,4.0227,,0.4505,0.9768,21157,1283,173,42,2618,127,397845,5,0.0,0.8908,0.36066,0.3829,-0.06425,0.26464,0.95886,2.55226
S5,s_g50c50,2000-2020,1922800,420000,4.5781,,0.4485,0.9803,22137,1281,176,46,2716,136,541179,2,0.0,0.8901,0.43086,0.37276,-0.25476,0.4621,1.03811,3.048
S5,s_g50c50,2000-2026,4139441,533333,7.7615,,0.4605,0.9802,27691,1541,185,62,3223,212,1266653,1,0.0,0.8823,0.62091,0.23201,-0.35236,0.27549,1.23066,4.91867
S5,s_g50c50,2003-2007,125912,100000,1.2591,,0.046,0.954,6281,430,85,1,0,0,81025,5539,0.6435,0.2558,-0.12668,-0.04076,-0.1066,-0.22142,0.02621,0.14309
S5,s_g50c50,2008-2012,129793,100000,1.2979,,0.275,0.6387,6113,814,159,2,1247,41,37422,1,0.0,0.8056,-0.02158,0.00402,-0.09522,0.09941,0.09839,0.2925
S5,s_g50c50,2010-2019,396223,200000,1.9811,,0.1356,0.9661,11277,662,99,11,33,9,158360,50,0.0008,0.6735,0.02938,-0.06162,-0.27924,-0.00117,0.24307,0.89006
S5,s_g50c50,2010-2026,1172507,333333,3.5175,,0.2539,0.9629,17769,979,126,29,336,40,319217,11,0.0002,0.7388,0.18197,-0.16553,-0.49404,-0.00248,0.37398,1.90181
S5,s_g50c50,2013-2019,201797,140000,1.4414,,0.0819,1.0,8583,272,43,2,0,0,155369,7836,0.7679,0.1273,-0.06924,-0.12619,-0.28326,-0.07105,0.04634,0.38033
S5,s_g50c50,2020-2026,207234,133333,1.5543,,0.1342,0.847,8250,437,70,5,0,0,132145,6280,0.6151,0.2913,-0.03778,-0.15636,-0.25613,-0.06378,0.01682,0.36887
S5,s_g67c25,1998-2002,91576,100000,0.9158,,0.2142,0.8035,6394,293,45,7,0,0,63208,6394,0.6647,0.178,0.03822,0.1744,,-0.20287,0.01156,-0.16547
S5,s_g67c25,1998-2019,2126526,440000,4.833,,0.4786,0.9667,22905,1429,179,48,2428,106,596276,2,0.0,0.7827,0.29996,0.56495,,0.41245,1.22554,3.13947
S5,s_g67c25,1998-2026,6364887,573333,11.1015,,0.4846,0.9703,29380,1673,191,72,3039,151,2348514,14,0.0,0.7928,0.45984,0.62967,,0.67599,1.98316,7.22829
S5,s_g67c25,2000-2019,1672678,400000,4.1817,,0.4498,0.9688,20950,1272,175,41,2623,130,468787,1,0.0,0.8905,0.41444,0.43756,-0.02726,0.31463,1.03629,2.69267
S5,s_g67c25,2000-2020,2039599,420000,4.8562,,0.4455,0.9706,21920,1273,176,46,2738,142,682444,1,0.0,0.8866,0.51778,0.45615,-0.20949,0.55092,1.16191,3.29389
S5,s_g67c25,2000-2026,4605014,533333,8.6344,,0.4629,0.9706,27421,1542,187,63,3189,208,1738957,6,0.0,0.8646,0.80322,0.37057,-0.27952,0.41894,1.48154,5.58435
S5,s_g67c25,2003-2007,130628,100000,1.3063,,0.0706,0.9294,6119,430,85,1,0,0,85741,5377,0.6564,0.2487,-0.09398,-0.00483,-0.07315,-0.19226,0.06464,0.1859
S5,s_g67c25,2008-2012,132574,100000,1.3257,,0.2747,0.6362,6078,812,159,2,1248,42,40557,21,0.0007,0.7981,-0.00061,0.02553,-0.07584,0.12297,0.12193,0.32019
S5,s_g67c25,2010-2019,427772,200000,2.1389,,0.1501,0.9533,11043,663,99,11,32,9,189283,0,0.0,0.6604,0.11135,0.0131,-0.22185,0.07836,0.34205,1.04056
S5,s_g67c25,2010-2026,1318980,333333,3.9569,,0.2623,0.9534,17400,978,126,29,341,41,463242,13,0.0002,0.7053,0.32962,-0.06128,-0.43084,0.12213,0.54562,2.26431
S5,s_g67c25,2013-2019,232831,140000,1.6631,,0.1165,1.0,8583,272,43,2,0,0,186403,7848,0.7968,0.1165,0.0739,0.0082,-0.17304,0.07182,0.20726,0.59261
S5,s_g67c25,2020-2026,229423,133333,1.7207,,0.1642,0.8079,8250,437,70,5,0,0,154333,5871,0.5978,0.2789,0.06524,-0.06603,-0.17649,0.03646,0.12569,0.51544
S5,s_g67c50,1998-2002,100298,100000,1.003,,0.1437,0.9129,6459,293,45,7,0,0,71930,6459,0.7009,0.1745,0.1371,0.28625,,-0.12695,0.10791,-0.08598
S5,s_g67c50,1998-2019,2055724,440000,4.6721,,0.4773,0.9811,23138,1442,180,48,2378,105,514949,4,0.0,0.7841,0.25668,0.51285,,0.36542,1.15145,3.00164
S5,s_g67c50,1998-2026,5749221,573333,10.0277,,0.4854,0.9811,29679,1683,190,72,3019,147,1765029,7,0.0,0.8059,0.31863,0.47203,,0.51387,1.6946,6.43238
S5,s_g67c50,2000-2019,1619902,400000,4.0498,,0.4509,0.9759,21153,1283,173,42,2609,126,407098,0,0.0,0.8903,0.36981,0.3922,-0.05795,0.27315,0.97204,2.57616
S5,s_g67c50,2000-2020,1936796,420000,4.6114,,0.4488,0.98,22133,1281,176,46,2722,136,558322,5,0.0,0.8902,0.44128,0.38276,-0.24934,0.47274,1.05294,3.07746
S5,s_g67c50,2000-2026,4184057,533333,7.8451,,0.4632,0.98,27685,1542,185,63,3220,208,1291109,1,0.0,0.8792,0.63839,0.24529,-0.34538,0.28923,1.2547,4.98246
S5,s_g67c50,2003-2007,126052,100000,1.2605,,0.0473,0.9527,6272,430,85,1,0,0,81165,5531,0.6439,0.2556,-0.12571,-0.0397,-0.10561,-0.22056,0.02734,0.14435
S5,s_g67c50,2008-2012,130036,100000,1.3004,,0.2752,0.6387,6113,814,159,2,1247,41,37664,1,0.0001,0.8048,-0.01975,0.00589,-0.09354,0.10146,0.10044,0.29491
S5,s_g67c50,2010-2019,398919,200000,1.9946,,0.1339,0.9694,11229,664,99,11,32,7,161480,12,0.0002,0.6719,0.03639,-0.05523,-0.27433,0.00562,0.25153,0.90292
S5,s_g67c50,2010-2026,1180047,333333,3.5401,,0.2512,0.9671,17694,979,126,29,333,40,327097,0,0.0,0.7349,0.18957,-0.16016,-0.49079,0.00393,0.38282,1.92047
S5,s_g67c50,2013-2019,204412,140000,1.4601,,0.079,1.0,8583,272,43,2,0,0,157984,7821,0.7706,0.1263,-0.05717,-0.11486,-0.27398,-0.05901,0.0599,0.39822
S5,s_g67c50,2020-2026,208350,133333,1.5626,,0.1207,0.8597,8250,437,70,5,0,0,133261,6425,0.6158,0.2905,-0.0326,-0.15182,-0.25213,-0.05874,0.0223,0.37624
S50,c100,1998-2002,124771,100000,1.2477,,0.0368,1.0,50833,293,45,7,0,0,96403,50833,0.7666,0.1284,0.29625,0.44274,,-0.07014,0.25962,0.08055
S50,c100,1998-2019,2343772,440000,5.3268,,0.4423,1.0,220833,1798,190,54,1130,70,380293,30,0.0001,0.6601,0.02067,0.35116,,0.01666,0.95219,3.00022
S50,c100,1998-2026,6092837,573333,10.627,,0.4618,1.0,287500,2146,209,89,1535,86,1254873,6,0.0,0.7029,-0.1188,0.09458,,-0.07056,1.0799,5.75668
S50,c100,2000-2019,1782493,400000,4.4562,,0.4471,0.9521,200833,1625,183,50,1613,81,293982,121,0.0002,0.7204,0.11074,0.45987,0.2824,-0.05259,0.97569,2.56481
S50,c100,2000-2020,2047507,420000,4.875,,0.4518,0.9507,210833,1644,183,56,1801,82,374218,4,0.0,0.7265,0.10359,0.37232,-0.03125,0.03438,0.95218,2.89493
S50,c100,2000-2026,4497597,533333,8.433,,0.4675,0.9534,267500,1981,204,77,2288,90,932155,12,0.0,0.7521,0.15518,0.1494,-0.20377,-0.17361,1.02451,4.70945
S50,c100,2003-2007,119646,100000,1.1965,,0.0244,1.0,50833,430,85,1,0,0,74759,50050,0.6222,0.1881,-0.32357,-0.20519,-0.28851,-0.33565,-0.11185,0.06156
S50,c100,2008-2012,156202,100000,1.562,,0.1769,0.7754,48459,1162,179,4,0,0,6281,2328,0.0276,0.7994,0.2273,0.28773,0.09869,0.41995,0.35486,0.54553
S50,c100,2010-2019,358139,200000,1.7907,,0.1118,0.9907,100833,679,99,11,0,0,114953,62745,0.3202,0.51,-0.29704,-0.34898,-0.53506,-0.32651,-0.05219,0.7004
S50,c100,2010-2026,1232153,333333,3.6965,,0.2355,0.99,167500,1118,134,35,0,0,212547,85106,0.1695,0.6564,-0.19427,-0.43578,-0.69592,-0.33856,0.07618,1.97806
S50,c100,2013-2019,161221,140000,1.1516,,0.0265,1.0,70831,272,43,2,0,0,114793,70020,0.7109,0.1125,-0.41064,-0.44218,-0.57068,-0.41276,-0.27206,0.09717
S50,c100,2020-2026,177596,133333,1.332,,0.0528,0.9951,67500,437,70,5,0,0,102507,65439,0.5772,0.2285,-0.27596,-0.39774,-0.51519,-0.32134,-0.235,0.14109
S50,f_g0c25,1998-2002,107681,100000,1.0768,,0.1954,0.9615,48876,293,45,7,0,0,79313,48876,0.7366,0.1252,0.1187,0.24513,,-0.1975,0.08709,-0.06746
S50,f_g0c25,1998-2019,2483968,440000,5.6454,,0.5005,0.9614,212303,1792,189,53,1191,74,530807,7,0.0,0.644,0.08172,0.43198,,0.07747,1.06897,3.2395
S50,f_g0c25,1998-2026,7313287,573333,12.7557,,0.5052,0.9614,276392,2169,209,89,1448,87,2370112,24,0.0,0.6718,0.05772,0.31383,,0.11562,1.49653,7.11011
S50,f_g0c25,2000-2019,1739427,400000,4.3486,,0.4899,0.8109,185152,1520,170,47,2239,80,386838,62,0.0001,0.7326,0.0839,0.4246,0.25142,-0.07548,0.92796,2.47868
S50,f_g0c25,2000-2020,2058757,420000,4.9018,,0.4907,0.811,193285,1543,174,53,2286,84,518216,10,0.0,0.7366,0.10966,0.37986,-0.02593,0.04006,0.96291,2.91633
S50,f_g0c25,2000-2026,4974194,533333,9.3266,,0.4926,0.8115,239382,1887,199,71,2460,93,1599672,4,0.0,0.7442,0.27759,0.2712,-0.1194,-0.08604,1.23904,5.31446
S50,f_g0c25,2003-2007,143660,100000,1.4366,,0.071,0.9088,47668,430,85,1,0,0,98773,45714,0.6875,0.1609,-0.18781,-0.04567,-0.14571,-0.2023,0.06641,0.27462
S50,f_g0c25,2008-2012,129823,100000,1.2982,,0.3613,0.5693,35583,1039,169,3,377,21,2774,3,0.0001,0.8295,0.02003,0.07025,-0.08686,0.18015,0.12605,0.28452
S50,f_g0c25,2010-2019,493384,200000,2.4669,,0.1604,0.9358,97023,679,99,11,0,0,250197,77073,0.5025,0.4076,-0.03158,-0.10314,-0.35949,-0.07218,0.30574,1.34253
S50,f_g0c25,2010-2026,1775850,333333,5.3275,,0.2821,0.9356,160636,1118,134,35,0,0,756244,115522,0.4098,0.4989,0.16126,-0.18681,-0.56175,-0.04669,0.55106,3.29215
S50,f_g0c25,2013-2019,249636,140000,1.7831,,0.1421,1.0,70833,272,43,2,0,0,203209,70483,0.8128,0.0805,-0.08742,-0.13626,-0.33523,-0.09071,0.12714,0.69886
S50,f_g0c25,2020-2026,254457,133333,1.9084,,0.2488,0.7688,53177,437,70,5,0,0,179367,49787,0.7049,0.1824,0.03739,-0.1371,-0.30537,-0.02763,0.09608,0.63492
S50,f_g0c50,1998-2002,113990,100000,1.1399,,0.1368,0.9617,48884,293,45,7,0,0,85621,48884,0.7501,0.1252,0.18424,0.31808,,-0.15049,0.15078,-0.01282
S50,f_g0c50,1998-2019,2442735,440000,5.5517,,0.4857,0.9614,212312,1797,190,54,1144,73,476034,10,0.0,0.6476,0.06377,0.40821,,0.05959,1.03462,3.16912
S50,f_g0c50,1998-2026,6861697,573333,11.9681,,0.4941,0.9614,276401,2164,209,88,1451,85,1906209,2,0.0,0.6812,-0.0076,0.2327,,0.04673,1.34237,6.60931
S50,f_g0c50,2000-2019,1736798,400000,4.342,,0.4851,0.881,195602,1552,175,48,2183,82,349474,4,0.0,0.7271,0.08226,0.42244,0.24953,-0.07688,0.92504,2.47343
S50,f_g0c50,2000-2020,2034440,420000,4.8439,,0.4859,0.8852,205301,1574,175,54,2233,79,464353,9,0.0,0.7313,0.09655,0.36356,-0.03743,0.02778,0.93972,2.87007
S50,f_g0c50,2000-2026,4780821,533333,8.964,,0.4893,0.9049,260262,1919,201,74,2400,90,1324240,2,0.0,0.7457,0.22793,0.22178,-0.15363,-0.12157,1.15199,5.06899
S50,f_g0c50,2003-2007,135153,100000,1.3515,,0.0545,0.9395,48740,430,85,1,0,0,90266,47324,0.6677,0.1694,-0.2359,-0.10218,-0.1963,-0.24954,0.00326,0.19914
S50,f_g0c50,2008-2012,137811,100000,1.3781,,0.3165,0.6193,38708,1077,175,4,227,18,3705,1,0.0,0.8235,0.0828,0.13611,-0.03067,0.25276,0.19534,0.36356
S50,f_g0c50,2010-2019,436686,200000,2.1834,,0.1391,0.9616,98985,679,99,11,0,0,193499,74836,0.4424,0.4409,-0.14287,-0.2062,-0.4331,-0.1788,0.15568,1.07333
S50,f_g0c50,2010-2026,1510469,333333,4.5314,,0.256,0.9615,163898,1118,134,35,0,0,490863,107320,0.3189,0.5547,-0.01227,-0.30833,-0.62724,-0.18915,0.31927,2.65074
S50,f_g0c50,2013-2019,214840,140000,1.5346,,0.1002,1.0,70833,272,43,2,0,0,168412,70483,0.783,0.09,-0.21463,-0.25666,-0.42789,-0.21745,-0.02997,0.46206
S50,f_g0c50,2020-2026,225503,133333,1.6913,,0.1651,0.8486,58694,437,70,5,0,0,150413,55304,0.667,0.1956,-0.08065,-0.23529,-0.38441,-0.13828,-0.02864,0.44889
S50,f_g100c25,1998-2002,97125,100000,0.9713,,0.4771,0.8565,48876,293,45,7,0,0,68757,48876,0.6958,0.1281,0.00904,0.12307,,-0.27617,-0.01948,-0.15887
S50,f_g100c25,1998-2019,2451214,440000,5.5709,,0.518,0.9614,212303,1726,186,53,1415,78,591461,3,0.0,0.6504,0.06746,0.4131,,0.06327,1.04168,3.1836
S50,f_g100c25,1998-2026,7503512,573333,13.0875,,0.5216,0.9614,276392,2102,208,86,1836,91,2822693,1,0.0,0.6656,0.08523,0.348,,0.14464,1.56146,7.32106
S50,f_g100c25,2000-2019,1559064,400000,3.8977,,0.4821,0.5897,134161,1320,159,43,2701,114,370257,2,0.0,0.7819,-0.02849,0.27688,0.12166,-0.17134,0.72805,2.11798
S50,f_g100c25,2000-2020,1941097,420000,4.6217,,0.4829,0.5899,140098,1336,163,49,2763,119,573645,7,0.0,0.782,0.04624,0.301,-0.0816,-0.01938,0.85072,2.69251
S50,f_g100c25,2000-2026,4709541,533333,8.8304,,0.493,0.5901,173594,1661,188,64,3056,142,1685358,4,0.0,0.778,0.20962,0.20356,-0.16625,-0.13467,1.11991,4.9785
S50,f_g100c25,2003-2007,147660,100000,1.4766,,0.1037,0.8818,45560,430,85,1,0,0,102773,44785,0.696,0.1574,-0.16519,-0.0191,-0.12192,-0.18009,0.0961,0.31011
S50,f_g100c25,2008-2012,131563,100000,1.3156,,0.3841,0.5721,35758,1041,169,3,370,21,4106,17,0.0004,0.8257,0.03371,0.0846,-0.07461,0.19597,0.14115,0.30174
S50,f_g100c25,2010-2019,574915,200000,2.8746,,0.1482,0.9196,92724,679,99,11,0,0,331728,86540,0.5161,0.3748,0.12845,0.04507,-0.25365,0.08115,0.52151,1.72962
S50,f_g100c25,2010-2026,2243297,333333,6.7299,,0.2518,0.9195,154024,1118,134,35,0,0,1223691,128534,0.4725,0.4337,0.46694,0.02724,-0.44639,0.20425,0.95933,4.42195
S50,f_g100c25,2013-2019,298301,140000,2.1307,,0.1427,0.9961,70557,272,43,2,0,0,251873,69861,0.8409,0.0713,0.09048,0.03211,-0.20564,0.08655,0.34687,1.03004
S50,f_g100c25,2020-2026,290339,133333,2.1775,,0.2103,0.8403,58124,437,70,5,0,0,215250,55867,0.7414,0.1655,0.18368,-0.01542,-0.20742,0.10949,0.25064,0.86548
S50,f_g100c50,1998-2002,110077,100000,1.1008,,0.2504,0.9617,48884,293,45,7,0,0,81709,48884,0.7369,0.1236,0.14359,0.27283,,-0.17965,0.11128,-0.04671
S50,f_g100c50,1998-2019,2430769,440000,5.5245,,0.502,0.9614,212312,1761,189,53,1257,74,519031,3,0.0,0.6449,0.05856,0.40131,,0.0544,1.02465,3.1487
S50,f_g100c50,1998-2026,6991407,573333,12.1943,,0.505,0.9614,276401,2139,209,88,1572,85,2160368,5,0.0,0.6726,0.01116,0.256,,0.06652,1.38665,6.75316
S50,f_g100c50,2000-2019,1651690,400000,4.1292,,0.4832,0.7652,171393,1447,163,45,2392,82,364898,21,0.0001,0.7503,0.02923,0.35274,0.1883,-0.12211,0.83071,2.30322
S50,f_g100c50,2000-2020,1988459,420000,4.7344,,0.4833,0.7668,179497,1466,168,51,2452,87,517792,2,0.0,0.7536,0.07177,0.33274,-0.05919,0.00455,0.89588,2.7826
S50,f_g100c50,2000-2026,4604028,533333,8.6326,,0.489,0.7738,225422,1805,194,70,2676,112,1410325,9,0.0,0.7607,0.18252,0.1766,-0.18493,-0.15405,1.07241,4.84456
S50,f_g100c50,2003-2007,137989,100000,1.3799,,0.1034,0.8822,45580,430,85,1,0,0,93102,44805,0.6747,0.1667,-0.21987,-0.08334,-0.17943,-0.23379,0.02432,0.22431
S50,f_g100c50,2008-2012,138942,100000,1.3894,,0.3278,0.6228,38925,1079,175,4,192,16,4560,36,0.0006,0.8216,0.09168,0.14543,-0.02272,0.26304,0.20515,0.37475
S50,f_g100c50,2010-2019,476938,200000,2.3847,,0.1286,0.9197,92741,679,99,11,0,0,233751,81189,0.4807,0.4184,-0.06386,-0.13303,-0.38084,-0.1031,0.26221,1.26444
S50,f_g100c50,2010-2026,1692787,333333,5.0784,,0.2189,0.9196,154036,1118,134,35,0,0,673181,114617,0.3831,0.5124,0.10695,-0.22485,-0.58225,-0.09128,0.47851,3.0914
S50,f_g100c50,2013-2019,240831,140000,1.7202,,0.0948,0.9961,70557,272,43,2,0,0,194403,69861,0.8054,0.0831,-0.11961,-0.16673,-0.35868,-0.12278,0.08739,0.63894
S50,f_g100c50,2020-2026,246456,133333,1.8484,,0.1299,0.901,62319,437,70,5,0,0,171367,60063,0.6953,0.1827,0.00478,-0.16423,-0.32721,-0.0582,0.06162,0.58352
S50,f_g50c25,1998-2002,103468,100000,1.0347,,0.3121,0.9285,48876,293,45,7,0,0,75100,48876,0.7214,0.1246,0.07493,0.19642,,-0.2289,0.04456,-0.10394
S50,f_g50c25,1998-2019,2547819,440000,5.7905,,0.5028,0.9614,212303,1798,189,54,1143,73,581680,14,0.0,0.6423,0.10953,0.46879,,0.10517,1.12215,3.34847
S50,f_g50c25,1998-2026,7812199,573333,13.6259,,0.5062,0.9614,276392,2179,210,88,1413,85,2793744,8,0.0,0.6646,0.12987,0.40346,,0.19172,1.66684,7.66338
S50,f_g50c25,2000-2019,1681278,400000,4.2032,,0.4859,0.6993,159668,1443,163,45,2415,85,396269,1,0.0,0.7536,0.04767,0.37697,0.20958,-0.10639,0.86351,2.36239
S50,f_g50c25,2000-2020,2041378,420000,4.8604,,0.4862,0.6988,166538,1457,168,50,2463,88,574449,2,0.0,0.7556,0.10029,0.36821,-0.03415,0.03128,0.94634,2.88327
S50,f_g50c25,2000-2026,4914331,533333,9.2144,,0.4902,0.6966,205483,1788,195,70,2688,119,1734302,1,0.0,0.7567,0.26222,0.2559,-0.13,-0.09704,1.21209,5.23847
S50,f_g50c25,2003-2007,147415,100000,1.4742,,0.0898,0.9062,46266,430,85,1,0,0,102528,45525,0.6955,0.1578,-0.16658,-0.02073,-0.12338,-0.18145,0.09429,0.30794
S50,f_g50c25,2008-2012,131737,100000,1.3174,,0.3668,0.5769,36054,1045,169,3,349,21,3624,10,0.0002,0.8267,0.03507,0.08603,-0.0734,0.19755,0.14265,0.30346
S50,f_g50c25,2010-2019,541395,200000,2.707,,0.1509,0.9385,95194,679,99,11,0,0,298209,84546,0.514,0.3864,0.06266,-0.01586,-0.29716,0.01811,0.4328,1.57048
S50,f_g50c25,2010-2026,2056618,333333,6.1699,,0.2538,0.9383,157950,1118,134,35,0,0,1037012,125642,0.468,0.4571,0.34486,-0.05824,-0.49246,0.10403,0.79628,3.97076
S50,f_g50c25,2013-2019,277347,140000,1.9811,,0.1297,1.0,70833,272,43,2,0,0,230919,70483,0.8304,0.0749,0.01388,-0.04039,-0.26144,0.01022,0.25226,0.88744
S50,f_g50c25,2020-2026,279860,133333,2.0989,,0.2017,0.8241,57003,437,70,5,0,0,204770,53867,0.7317,0.1698,0.14096,-0.05095,-0.23603,0.06944,0.2055,0.79814
S50,f_g50c50,1998-2002,111601,100000,1.116,,0.1602,0.9617,48884,293,45,7,0,0,83233,48884,0.7425,0.124,0.15943,0.29046,,-0.16829,0.12667,-0.03351
S50,f_g50c50,1998-2019,2442230,440000,5.5505,,0.4976,0.9614,212312,1783,189,53,1202,76,499799,6,0.0,0.6451,0.06355,0.40792,,0.05937,1.0342,3.16826
S50,f_g50c50,1998-2026,7008445,573333,12.224,,0.5029,0.9614,276401,2153,209,88,1502,86,2083413,10,0.0,0.6757,0.01363,0.25906,,0.06911,1.39246,6.77205
S50,f_g50c50,2000-2019,1701676,400000,4.2542,,0.489,0.8323,187811,1505,170,46,2273,84,362320,13,0.0,0.7366,0.06038,0.39368,0.22426,-0.09554,0.88612,2.40319
S50,f_g50c50,2000-2020,2027024,420000,4.8262,,0.4887,0.8329,196520,1528,173,52,2322,81,502000,23,0.0,0.7399,0.09255,0.35859,-0.04094,0.02403,0.93265,2.85596
S50,f_g50c50,2000-2026,4765753,533333,8.9358,,0.4921,0.8344,245867,1876,196,71,2484,92,1412999,11,0.0,0.75,0.22405,0.21793,-0.1563,-0.12434,1.14521,5.04986
S50,f_g50c50,2003-2007,137862,100000,1.3786,,0.0895,0.9066,46285,430,85,1,0,0,92975,45544,0.6744,0.1668,-0.22058,-0.08419,-0.18019,-0.2345,0.02337,0.22318
S50,f_g50c50,2008-2012,139372,100000,1.3937,,0.3154,0.6287,39293,1084,175,4,161,14,4130,2,0.0,0.8223,0.09506,0.14898,-0.01969,0.26695,0.20888,0.379
S50,f_g50c50,2010-2019,460342,200000,2.3017,,0.1311,0.9387,95205,679,99,11,0,0,217156,79309,0.4708,0.4268,-0.09643,-0.1632,-0.40239,-0.13431,0.21829,1.18565
S50,f_g50c50,2010-2026,1620151,333333,4.8605,,0.2377,0.9384,157959,1118,134,35,0,0,600545,112397,0.3651,0.5285,0.05945,-0.25811,-0.60017,-0.13027,0.41507,2.91584
S50,f_g50c50,2013-2019,229469,140000,1.6391,,0.0898,1.0,70833,272,43,2,0,0,183041,70421,0.7967,0.086,-0.16115,-0.20604,-0.38894,-0.16417,0.03608,0.56162
S50,f_g50c50,2020-2026,239560,133333,1.7967,,0.1323,0.8882,61431,437,70,5,0,0,164470,58144,0.6866,0.1866,-0.02334,-0.18762,-0.34604,-0.08456,0.03191,0.53921
S50,f_g67c15,1998-2002,96318,100000,0.9632,,0.4448,0.8385,48873,293,45,7,0,0,67950,48873,0.6938,0.1274,0.00065,0.11374,,-0.28218,-0.02762,-0.16586
S50,f_g67c15,1998-2019,2535983,440000,5.7636,,0.5045,0.9614,212300,1764,188,53,1273,76,621293,1,0.0,0.646,0.10438,0.46196,,0.10004,1.11229,3.32827
S50,f_g67c15,1998-2026,7991459,573333,13.9386,,0.5064,0.9614,276389,2143,209,89,1566,85,3146669,5,0.0,0.6612,0.1558,0.43566,,0.21907,1.72803,7.86217
S50,f_g67c15,2000-2019,1596070,400000,3.9902,,0.4826,0.6068,138047,1344,160,44,2642,107,393565,1,0.0,0.7748,-0.00543,0.30719,0.14828,-0.15167,0.76906,2.19198
S50,f_g67c15,2000-2020,1972686,420000,4.6969,,0.4838,0.606,143928,1363,164,48,2704,116,588683,4,0.0,0.7766,0.06327,0.32217,-0.06665,-0.00342,0.88084,2.7526
S50,f_g67c15,2000-2026,4875292,533333,9.1412,,0.4911,0.5991,176253,1673,189,66,2997,137,1845669,18,0.0,0.7718,0.25219,0.24592,-0.13691,-0.10421,1.19452,5.18891
S50,f_g67c15,2003-2007,152109,100000,1.5211,,0.0924,0.8981,46134,430,85,1,0,0,107222,45393,0.7049,0.1537,-0.14004,0.01045,-0.09547,-0.15539,0.12913,0.34958
S50,f_g67c15,2008-2012,129116,100000,1.2912,,0.3894,0.5587,34922,1030,169,2,395,21,3737,28,0.0007,0.8271,0.01448,0.06443,-0.09183,0.17372,0.11992,0.27753
S50,f_g67c15,2010-2019,598618,200000,2.9931,,0.1592,0.9358,94365,679,99,11,0,0,355432,87606,0.5297,0.3652,0.17498,0.08816,-0.22288,0.12572,0.58424,1.84217
S50,f_g67c15,2010-2026,2420370,333333,7.2611,,0.2518,0.9358,156755,1118,134,35,0,0,1400764,132087,0.4854,0.4183,0.58273,0.10832,-0.40269,0.2993,1.11399,4.84993
S50,f_g67c15,2013-2019,309491,140000,2.2106,,0.1446,1.0,70833,272,43,2,0,0,263063,70305,0.8469,0.0694,0.13138,0.07083,-0.17584,0.12731,0.39739,1.10619
S50,f_g67c15,2020-2026,305074,133333,2.2881,,0.2279,0.8042,55622,437,70,5,0,0,229985,53366,0.7535,0.161,0.24376,0.03455,-0.1672,0.1658,0.31412,0.96015
S50,f_g67c25,1998-2002,101039,100000,1.0104,,0.3692,0.8981,48876,293,45,7,0,0,72671,48876,0.7115,0.1257,0.0497,0.16833,,-0.247,0.02004,-0.12497
S50,f_g67c25,1998-2019,2526094,440000,5.7411,,0.5043,0.9614,212303,1777,189,53,1212,73,589911,3,0.0,0.6444,0.10007,0.45626,,0.09575,1.10405,3.3114
S50,f_g67c25,1998-2026,7767484,573333,13.5479,,0.5068,0.9614,276392,2155,209,89,1512,86,2848308,40,0.0001,0.6638,0.12341,0.39543,,0.1849,1.65157,7.61379
S50,f_g67c25,2000-2019,1645257,400000,4.1131,,0.4838,0.6646,151188,1405,163,44,2487,96,399034,86,0.0002,0.7616,0.02522,0.34747,0.18367,-0.12553,0.82358,2.29035
S50,f_g67c25,2000-2020,2019584,420000,4.8085,,0.4841,0.6646,157835,1421,167,49,2555,101,590644,1,0.0,0.763,0.08854,0.3536,-0.04446,0.02027,0.92556,2.84181
S50,f_g67c25,2000-2026,4862740,533333,9.1176,,0.4884,0.6626,194966,1750,193,69,2778,130,1739497,0,0.0,0.7618,0.24897,0.24271,-0.13913,-0.10652,1.18887,5.17298
S50,f_g67c25,2003-2007,148141,100000,1.4814,,0.0924,0.8982,46138,430,85,1,0,0,103255,45397,0.697,0.1571,-0.16247,-0.0159,-0.11906,-0.17742,0.09968,0.31438
S50,f_g67c25,2008-2012,131726,100000,1.3173,,0.3713,0.5756,35973,1044,169,3,365,21,3800,3,0.0001,0.8265,0.03499,0.08595,-0.07347,0.19745,0.14256,0.30335
S50,f_g67c25,2010-2019,554995,200000,2.775,,0.1495,0.9359,94367,679,99,11,0,0,311809,86262,0.5164,0.3812,0.08935,0.00886,-0.27951,0.04369,0.46879,1.63505
S50,f_g67c25,2010-2026,2135741,333333,6.4072,,0.2435,0.9358,156755,1118,134,35,0,0,1116135,127417,0.4717,0.4468,0.3966,-0.02201,-0.47293,0.14651,0.86539,4.162
S50,f_g67c25,2013-2019,285104,140000,2.0365,,0.1283,1.0,70833,272,43,2,0,0,238676,70288,0.8346,0.0736,0.04223,-0.01355,-0.24078,0.03848,0.28728,0.94023
S50,f_g67c25,2020-2026,285197,133333,2.139,,0.2003,0.8297,57387,437,70,5,0,0,210108,55131,0.7367,0.1675,0.16272,-0.03285,-0.22146,0.08984,0.22849,0.83244
S50,f_g67c50,1998-2002,110604,100000,1.106,,0.1947,0.9617,48884,293,45,7,0,0,82236,48884,0.7394,0.1241,0.14907,0.27893,,-0.17572,0.1166,-0.04214
S50,f_g67c50,1998-2019,2438381,440000,5.5418,,0.4983,0.9614,212312,1775,189,53,1188,73,509412,14,0.0,0.645,0.06187,0.4057,,0.0577,1.031,3.16169
S50,f_g67c50,1998-2026,7025817,573333,12.2543,,0.5032,0.9614,276401,2151,209,88,1520,84,2131267,22,0.0,0.6746,0.01614,0.26218,,0.07176,1.39839,6.79132
S50,f_g67c50,2000-2019,1686031,400000,4.2151,,0.4872,0.8084,181965,1486,168,46,2310,81,366735,71,0.0002,0.7404,0.05063,0.38086,0.213,-0.10386,0.86877,2.3719
S50,f_g67c50,2000-2020,2016462,420000,4.8011,,0.4874,0.8093,190451,1511,172,52,2366,85,508076,1,0.0,0.744,0.08686,0.35151,-0.04594,0.0187,0.92258,2.83587
S50,f_g67c50,2000-2026,4729621,533333,8.868,,0.4903,0.813,238527,1853,196,71,2510,97,1426748,6,0.0,0.7529,0.21477,0.20869,-0.1627,-0.13098,1.12895,5.00399
S50,f_g67c50,2003-2007,138626,100000,1.3863,,0.092,0.8986,46157,430,85,1,0,0,93739,45416,0.6762,0.1659,-0.21627,-0.07911,-0.17565,-0.23026,0.02904,0.22995
S50,f_g67c50,2008-2012,138991,100000,1.3899,,0.3187,0.6249,39054,1081,175,4,176,16,4286,0,0.0,0.8223,0.09207,0.14584,-0.02237,0.2635,0.20558,0.37524
S50,f_g67c50,2010-2019,466977,200000,2.3349,,0.1298,0.936,94381,679,99,11,0,0,223790,80585,0.4782,0.4231,-0.08341,-0.15114,-0.39377,-0.12183,0.23585,1.21715
S50,f_g67c50,2010-2026,1650335,333333,4.951,,0.2313,0.9359,156764,1118,134,35,0,0,630729,113645,0.3735,0.5216,0.07919,-0.24429,-0.59272,-0.11407,0.44143,2.98879
S50,f_g67c50,2013-2019,233506,140000,1.6679,,0.0886,1.0,70833,272,43,2,0,0,187079,70246,0.8,0.085,-0.14639,-0.19207,-0.37818,-0.14946,0.05431,0.58909
S50,f_g67c50,2020-2026,242652,133333,1.8199,,0.1314,0.8925,61734,437,70,5,0,0,167562,59119,0.6905,0.1848,-0.01074,-0.17713,-0.3376,-0.07274,0.04523,0.55907
S50,g0,1998-2002,100994,100000,1.0099,,0.25,0.9007,48868,293,45,7,0,0,72626,48868,0.7191,0.1262,0.04923,0.16781,,-0.24734,0.01958,-0.12537
S50,g0,1998-2019,2510619,440000,5.706,,0.5065,0.9613,212295,1771,189,53,1250,76,584557,12,0.0,0.6447,0.09333,0.44734,,0.08903,1.09116,3.28498
S50,g0,1998-2026,7700169,573333,13.4305,,0.5098,0.9613,276384,2146,209,88,1529,89,2842750,2,0.0,0.6663,0.11367,0.38333,,0.17464,1.62859,7.53914
S50,g0,2000-2019,1715599,400000,4.289,,0.4908,0.7306,166813,1464,165,46,2371,82,414380,2,0.0,0.7433,0.06905,0.40508,0.23428,-0.08814,0.90155,2.43103
S50,g0,2000-2020,2044876,420000,4.8688,,0.4907,0.7309,174204,1486,169,50,2405,83,561165,5,0.0,0.7467,0.10218,0.37055,-0.03249,0.03305,0.94967,2.88992
S50,g0,2000-2026,5091529,533333,9.5466,,0.4921,0.7325,216089,1817,195,70,2609,107,1883819,5,0.0,0.7464,0.30773,0.30118,-0.09863,-0.06448,1.29185,5.46341
S50,g0,2003-2007,151994,100000,1.5199,,0.0932,0.8787,46132,430,85,1,0,0,107107,44135,0.7047,0.1534,-0.14069,0.00969,-0.09615,-0.15603,0.12827,0.34856
S50,g0,2008-2012,125762,100000,1.2576,,0.386,0.545,34061,1019,168,2,434,25,2133,0,0.0,0.8332,-0.01188,0.03678,-0.11542,0.14323,0.09083,0.24434
S50,g0,2010-2019,547069,200000,2.7353,,0.186,0.9111,95058,679,99,11,0,0,303883,75680,0.5151,0.3882,0.0738,-0.00555,-0.2898,0.02878,0.44781,1.59742
S50,g0,2010-2026,2080315,333333,6.2409,,0.3188,0.9108,157121,1118,134,35,0,0,1060709,113228,0.4552,0.4624,0.36036,-0.04739,-0.48661,0.11675,0.81698,4.02804
S50,g0,2013-2019,290366,140000,2.074,,0.1846,1.0,70833,272,43,2,0,0,243938,70483,0.838,0.0721,0.06147,0.00466,-0.22677,0.05765,0.31104,0.97604
S50,g0,2020-2026,283057,133333,2.1229,,0.3285,0.6919,47857,437,70,5,0,0,207968,44468,0.7328,0.1728,0.15399,-0.04011,-0.2273,0.08166,0.21927,0.81869
S50,g0c25,1998-2002,107707,100000,1.0771,,0.1971,0.9712,49371,293,45,7,0,0,79338,49371,0.7366,0.1254,0.11897,0.24543,,-0.19731,0.08735,-0.06723
S50,g0c25,1998-2019,2496950,440000,5.6749,,0.4879,0.9712,214481,1800,189,54,1136,72,532527,0,0.0,0.6461,0.08738,0.43946,,0.08311,1.07978,3.26165
S50,g0c25,1998-2026,7339384,573333,12.8013,,0.495,0.9712,279229,2170,209,88,1427,85,2366933,3,0.0,0.6742,0.06149,0.31852,,0.1196,1.50543,7.13905
S50,g0c25,2000-2019,1721383,400000,4.3035,,0.486,0.8135,185743,1507,169,46,2283,80,380482,15,0.0,0.7354,0.07266,0.40982,0.23844,-0.08507,0.90796,2.4426
S50,g0c25,2000-2020,2036529,420000,4.8489,,0.4864,0.8138,193967,1528,173,53,2316,82,513190,27,0.0001,0.7391,0.09768,0.36496,-0.03644,0.02884,0.94171,2.87404
S50,g0c25,2000-2026,4873020,533333,9.1369,,0.4906,0.8155,240570,1862,197,71,2501,98,1555530,14,0.0,0.7475,0.25161,0.24534,-0.13731,-0.10463,1.19349,5.18603
S50,g0c25,2003-2007,143423,100000,1.4342,,0.0703,0.9085,47647,430,85,1,0,0,98536,45698,0.687,0.1612,-0.18915,-0.04725,-0.14712,-0.20362,0.06465,0.27251
S50,g0c25,2008-2012,132627,100000,1.3263,,0.3383,0.5878,36735,1052,170,3,320,20,2857,16,0.0003,0.8277,0.04206,0.09337,-0.06713,0.20564,0.15037,0.31226
S50,g0c25,2010-2019,483901,200000,2.4195,,0.161,0.9337,96698,679,99,11,0,0,240715,75993,0.4892,0.4168,-0.05019,-0.12037,-0.3718,-0.09001,0.28064,1.2975
S50,g0c25,2010-2026,1733777,333333,5.2013,,0.286,0.9334,160092,1118,134,35,0,0,714171,108595,0.3945,0.5123,0.13375,-0.20608,-0.57213,-0.06927,0.51431,3.19047
S50,g0c25,2013-2019,249909,140000,1.7851,,0.1428,1.0,70833,272,43,2,0,0,203481,70483,0.813,0.0805,-0.08643,-0.13532,-0.33451,-0.08972,0.12837,0.70071
S50,g0c25,2020-2026,252803,133333,1.896,,0.2545,0.7606,52606,437,70,5,0,0,177714,49217,0.703,0.1835,0.03065,-0.14271,-0.30989,-0.03395,0.08896,0.6243
S50,g0c50,1998-2002,114019,100000,1.1402,,0.1402,0.9811,49874,293,45,7,0,0,85651,49874,0.7502,0.1255,0.18455,0.31842,,-0.15027,0.15107,-0.01257
S50,g0c50,1998-2019,2460929,440000,5.593,,0.4692,0.9811,216666,1817,190,54,1098,69,482135,8,0.0,0.6493,0.07169,0.4187,,0.06748,1.04978,3.20017
S50,g0c50,1998-2026,7000576,573333,12.2103,,0.4797,0.9811,282075,2181,210,88,1406,84,1951176,25,0.0,0.6825,0.01249,0.25765,,0.06791,1.38978,6.76332
S50,g0c50,2000-2019,1738295,400000,4.3457,,0.477,0.8814,195201,1549,174,48,2184,79,349632,92,0.0003,0.729,0.0832,0.42367,0.2506,-0.07608,0.9267,2.47642
S50,g0c50,2000-2020,2035524,420000,4.8465,,0.479,0.8832,204880,1571,176,54,2227,83,463298,14,0.0,0.7336,0.09713,0.36429,-0.03692,0.02833,0.94076,2.87213
S50,g0c50,2000-2026,4714218,533333,8.8392,,0.4858,0.8951,259728,1906,200,72,2423,94,1305490,15,0.0,0.7481,0.21082,0.20476,-0.16542,-0.13381,1.12201,4.98444
S50,g0c50,2003-2007,135145,100000,1.3514,,0.0541,0.9389,48708,430,85,1,0,0,90258,47297,0.6676,0.1695,-0.23595,-0.10224,-0.19635,-0.24959,0.0032,0.19907
S50,g0c50,2008-2012,139683,100000,1.3968,,0.294,0.639,39939,1092,176,4,141,15,3148,12,0.0002,0.8247,0.09751,0.15155,-0.0175,0.26979,0.21158,0.38209
S50,g0c50,2010-2019,432335,200000,2.1617,,0.1402,0.9558,98351,679,99,11,0,0,189148,72215,0.4368,0.4471,-0.15141,-0.21411,-0.43874,-0.18698,0.14417,1.05267
S50,g0c50,2010-2026,1495123,333333,4.4854,,0.2609,0.9556,162834,1118,134,35,0,0,475517,102447,0.312,0.5629,-0.02231,-0.31536,-0.63103,-0.19739,0.30586,2.61365
S50,g0c50,2013-2019,215303,140000,1.5379,,0.1013,1.0,70833,272,43,2,0,0,168875,70483,0.7835,0.0899,-0.21294,-0.25506,-0.42666,-0.21577,-0.02788,0.46521
S50,g0c50,2020-2026,224921,133333,1.6869,,0.1744,0.8339,57677,437,70,5,0,0,149832,54288,0.6662,0.1963,-0.08302,-0.23726,-0.386,-0.1405,-0.03115,0.44515
S50,g100,1998-2002,79432,100000,0.7943,,0.6749,0.6588,48868,293,45,7,0,0,51063,39208,0.6104,0.1407,-0.17478,-0.08152,,-0.40803,-0.1981,-0.3121
S50,g100,1998-2019,2317429,440000,5.2669,,0.6946,0.7953,212295,1603,176,51,2229,83,651430,2,0.0,0.6672,0.0092,0.33597,,0.00523,0.93025,2.95526
S50,g100,1998-2026,7800091,573333,13.6048,,0.6963,0.8109,270978,1980,204,78,2400,96,3450404,1,0.0,0.6692,0.12812,0.40128,,0.18988,1.6627,7.64995
S50,g100,2000-2019,1494506,400000,3.7363,,0.5759,0.4919,111301,1175,154,39,3122,138,386253,36,0.0001,0.8164,-0.06872,0.224,0.07521,-0.20566,0.65649,1.98887
S50,g100,2000-2020,1918468,420000,4.5678,,0.5772,0.4921,116455,1187,158,44,3173,143,645250,1,0.0,0.8138,0.03404,0.28583,-0.0923,-0.03081,0.82915,2.64946
S50,g100,2000-2026,5018852,533333,9.4103,,0.5842,0.4933,145112,1518,182,60,3389,189,2116268,6,0.0,0.7943,0.28906,0.28261,-0.11149,-0.07783,1.25914,5.37116
S50,g100,2003-2007,157495,100000,1.5749,,0.1185,0.8817,45556,430,85,1,0,0,112608,44781,0.715,0.1488,-0.10959,0.04623,-0.06344,-0.12549,0.16911,0.39737
S50,g100,2008-2012,127213,100000,1.2721,,0.4136,0.5452,34074,1019,168,2,428,22,3652,1,0.0,0.8286,-0.00047,0.04874,-0.10522,0.15642,0.10341,0.2587
S50,g100,2010-2019,692456,200000,3.4623,,0.1748,0.9195,92721,679,99,11,0,0,449270,88063,0.5332,0.3425,0.35917,0.25874,-0.10106,0.30219,0.83258,2.2877
S50,g100,2010-2026,3095057,333333,9.2852,,0.3098,0.9195,154024,1118,134,35,0,0,2075451,133268,0.4898,0.3729,1.02392,0.41727,-0.23619,0.66149,1.70327,6.48062
S50,g100,2013-2019,371354,140000,2.6525,,0.1913,0.9961,70557,272,43,2,0,0,324927,69861,0.8705,0.0612,0.35753,0.28488,-0.0111,0.35264,0.67672,1.5272
S50,g100,2020-2026,337343,133333,2.5301,,0.2905,0.7802,53965,437,70,5,0,0,262254,51709,0.7674,0.1525,0.37531,0.14398,-0.07911,0.28911,0.45311,1.16748
S50,g25,1998-2002,99141,100000,0.9914,,0.349,0.8776,48868,293,45,7,0,0,70773,48868,0.7104,0.1249,0.02998,0.14638,,-0.26115,0.00088,-0.14141
S50,g25,1998-2019,2573281,440000,5.8484,,0.5031,0.9613,212295,1783,189,53,1193,73,630119,1,0.0,0.642,0.12062,0.48347,,0.11622,1.14336,3.39193
S50,g25,1998-2026,8206128,573333,14.313,,0.507,0.9613,276384,2155,209,88,1477,87,3273189,9,0.0,0.659,0.18685,0.47423,,0.25182,1.80131,8.10023
S50,g25,2000-2019,1688323,400000,4.2208,,0.4862,0.6749,154111,1419,163,46,2453,93,424950,10,0.0,0.7556,0.05206,0.38274,0.21465,-0.10264,0.87132,2.37648
S50,g25,2000-2020,2052024,420000,4.8858,,0.4865,0.6752,160923,1435,169,49,2506,97,611693,38,0.0001,0.7572,0.10603,0.37534,-0.02911,0.03666,0.95649,2.90352
S50,g25,2000-2026,5144488,533333,9.6459,,0.4903,0.6764,199526,1766,194,70,2738,124,1998276,21,0.0,0.7537,0.32133,0.31472,-0.08925,-0.05475,1.31569,5.53064
S50,g25,2003-2007,155362,100000,1.5536,,0.0865,0.898,46439,430,85,1,0,0,110475,45145,0.7111,0.1509,-0.12165,0.03206,-0.07613,-0.13733,0.15327,0.37844
S50,g25,2008-2012,127127,100000,1.2713,,0.3831,0.5499,34367,1023,169,2,409,22,2703,23,0.0005,0.8311,-0.00115,0.04803,-0.10582,0.15565,0.10267,0.25785
S50,g25,2010-2019,592945,200000,2.9647,,0.1791,0.9271,95247,679,99,11,0,0,349759,80874,0.5274,0.3703,0.16384,0.07785,-0.23024,0.11505,0.56923,1.81523
S50,g25,2010-2026,2393743,333333,7.1812,,0.302,0.9268,157678,1118,134,35,0,0,1374137,122721,0.4799,0.4277,0.56532,0.09613,-0.40926,0.28501,1.09073,4.78558
S50,g25,2013-2019,314489,140000,2.2463,,0.1742,1.0,70833,272,43,2,0,0,268061,70483,0.8499,0.0683,0.14965,0.08812,-0.16253,0.14551,0.41996,1.1402
S50,g25,2020-2026,305594,133333,2.292,,0.2943,0.7292,50435,437,70,5,0,0,230504,47046,0.7526,0.1634,0.24587,0.03631,-0.16578,0.16778,0.31635,0.96349
S50,g25c50,1998-2002,110677,100000,1.1068,,0.1686,0.9811,49874,293,45,7,0,0,82309,49874,0.7404,0.1248,0.14983,0.27977,,-0.17518,0.11733,-0.04151
S50,g25c50,1998-2019,2487725,440000,5.6539,,0.4673,0.9811,216666,1816,191,54,1097,69,507554,1,0.0,0.6487,0.08336,0.43414,,0.0791,1.07209,3.24591
S50,g25c50,1998-2026,7180287,573333,12.5238,,0.4784,0.9811,282075,2179,209,88,1418,82,2130843,3,0.0,0.6787,0.03848,0.28994,,0.09533,1.45112,6.96262
S50,g25c50,2000-2019,1679055,400000,4.1976,,0.4785,0.8242,185315,1487,169,46,2314,81,357747,16,0.0,0.7407,0.04628,0.37515,0.20799,-0.10757,0.86104,2.35795
S50,g25c50,2000-2020,1995503,420000,4.7512,,0.4801,0.8244,193886,1507,171,51,2365,81,489672,1,0.0,0.7442,0.07556,0.33746,-0.05585,0.00811,0.9026,2.796
S50,g25c50,2000-2026,4614615,533333,8.6524,,0.4846,0.8256,242454,1838,196,71,2563,107,1374801,4,0.0,0.7544,0.18524,0.1793,-0.18306,-0.15211,1.07718,4.858
S50,g25c50,2003-2007,137244,100000,1.3724,,0.0454,0.9529,48525,430,85,1,0,0,92357,47783,0.6729,0.1675,-0.22408,-0.08829,-0.18386,-0.23793,0.01879,0.2177
S50,g25c50,2008-2012,141268,100000,1.4127,,0.2978,0.6438,40238,1096,177,4,136,14,3529,2,0.0,0.8236,0.10996,0.16461,-0.00635,0.28419,0.22533,0.39777
S50,g25c50,2010-2019,454293,200000,2.2715,,0.1323,0.9691,98003,679,99,11,0,0,211106,76552,0.4637,0.4333,-0.10831,-0.17419,-0.41024,-0.14569,0.20228,1.15693
S50,g25c50,2010-2026,1593904,333333,4.7817,,0.2417,0.969,162798,1118,134,35,0,0,574298,107123,0.3541,0.5379,0.04229,-0.27013,-0.60665,-0.14436,0.39214,2.8524
S50,g25c50,2013-2019,229285,140000,1.6377,,0.0909,1.0,70833,272,43,2,0,0,182857,70350,0.7966,0.086,-0.16182,-0.20668,-0.38943,-0.16484,0.03525,0.56036
S50,g25c50,2020-2026,236907,133333,1.7768,,0.1377,0.8753,60538,437,70,5,0,0,161818,57285,0.683,0.1887,-0.03416,-0.19661,-0.35328,-0.0947,0.02048,0.52217
S50,g50,1998-2002,94512,100000,0.9451,,0.4604,0.8213,48868,293,45,7,0,0,66144,48868,0.6875,0.1268,-0.01811,0.09286,,-0.29564,-0.04585,-0.1815
S50,g50,1998-2019,2560660,440000,5.8197,,0.5028,0.9613,212295,1758,188,53,1302,77,653261,3,0.0,0.6455,0.11512,0.47619,,0.11074,1.13284,3.37039
S50,g50,1998-2026,8320936,573333,14.5133,,0.5056,0.9613,276384,2132,209,87,1595,90,3539796,2,0.0,0.6565,0.20345,0.49485,,0.26933,1.8405,8.22755
S50,g50,2000-2019,1619287,400000,4.0482,,0.4836,0.6134,140057,1349,161,44,2632,110,413736,5,0.0,0.7723,0.00904,0.3262,0.16499,-0.13933,0.7948,2.23842
S50,g50,2000-2020,2006700,420000,4.7779,,0.485,0.6135,146226,1364,165,49,2695,118,625252,23,0.0001,0.7726,0.0816,0.34497,-0.05056,0.01377,0.91327,2.8173
S50,g50,2000-2026,5143418,533333,9.6439,,0.4884,0.6142,181188,1693,190,66,2941,134,2074158,17,0.0,0.7642,0.32106,0.31444,-0.08944,-0.05495,1.31521,5.52929
S50,g50,2003-2007,157442,100000,1.5744,,0.0899,0.9061,46262,430,85,1,0,0,112555,45521,0.7149,0.1494,-0.10989,0.04588,-0.06375,-0.12578,0.16872,0.3969
S50,g50,2008-2012,127795,100000,1.278,,0.3888,0.5518,34489,1024,169,2,408,21,3237,58,0.0015,0.829,0.0041,0.05354,-0.10112,0.16172,0.10847,0.26446
S50,g50,2010-2019,634406,200000,3.172,,0.1762,0.9385,95191,679,99,11,0,0,391220,85310,0.5349,0.3568,0.24522,0.15321,-0.17642,0.19302,0.67895,2.01208
S50,g50,2010-2026,2695927,333333,8.0878,,0.2825,0.9383,157946,1118,134,35,0,0,1676321,129761,0.4893,0.4014,0.76292,0.2345,-0.33469,0.44723,1.35467,5.51594
S50,g50,2013-2019,336582,140000,2.4042,,0.1702,1.0,70833,272,43,2,0,0,290154,70483,0.8589,0.0653,0.23042,0.16456,-0.1037,0.22599,0.51971,1.29056
S50,g50,2020-2026,323046,133333,2.4228,,0.2686,0.7613,52658,437,70,5,0,0,247957,49650,0.766,0.1571,0.31702,0.0955,-0.11814,0.23447,0.39153,1.07562
S50,g50c25,1998-2002,99631,100000,0.9963,,0.3842,0.8776,49371,293,45,7,0,0,71263,49371,0.7058,0.1266,0.03507,0.15205,,-0.2575,0.00582,-0.13717
S50,g50c25,1998-2019,2506904,440000,5.6975,,0.4868,0.9712,214481,1770,190,53,1248,76,584624,3,0.0,0.6486,0.09171,0.4452,,0.08742,1.08807,3.27864
S50,g50c25,1998-2026,7613671,573333,13.2797,,0.4929,0.9712,279229,2141,210,88,1551,86,2772469,11,0.0,0.6679,0.10116,0.36779,,0.16144,1.59907,7.44322
S50,g50c25,2000-2019,1611330,400000,4.0283,,0.4815,0.669,152207,1380,162,44,2558,100,382786,10,0.0,0.7654,0.00408,0.31968,0.15926,-0.14356,0.78598,2.2225
S50,g50c25,2000-2020,1974069,420000,4.7002,,0.482,0.6693,158969,1398,167,50,2615,110,567710,3,0.0,0.7664,0.06401,0.3231,-0.066,-0.00272,0.88216,2.75523
S50,g50c25,2000-2026,4765153,533333,8.9347,,0.4875,0.6702,197286,1726,192,69,2844,130,1684941,12,0.0,0.7648,0.2239,0.21777,-0.15641,-0.12445,1.14494,5.0491
S50,g50c25,2003-2007,147615,100000,1.4761,,0.0697,0.9232,47288,430,85,1,0,0,102728,46546,0.6959,0.1576,-0.16545,-0.0194,-0.12219,-0.18035,0.09577,0.30971
S50,g50c25,2008-2012,134203,100000,1.342,,0.3526,0.594,37127,1057,171,3,305,19,3696,7,0.0001,0.8249,0.05445,0.10637,-0.05605,0.21997,0.16405,0.32786
S50,g50c25,2010-2019,543820,200000,2.7191,,0.1503,0.9517,95964,679,99,11,0,0,300633,84597,0.505,0.3892,0.06742,-0.01145,-0.29402,0.02267,0.43921,1.58199
S50,g50c25,2010-2026,2075629,333333,6.2269,,0.2468,0.9517,159412,1118,134,35,0,0,1056023,120041,0.4571,0.459,0.35729,-0.04954,-0.48777,0.11424,0.81289,4.01671
S50,g50c25,2013-2019,284947,140000,2.0353,,0.129,1.0,70833,272,43,2,0,0,238520,70281,0.8345,0.0736,0.04166,-0.01409,-0.2412,0.03791,0.28658,0.93917
S50,g50c25,2020-2026,281578,133333,2.1118,,0.2037,0.8224,56884,437,70,5,0,0,206489,54628,0.7333,0.1695,0.14796,-0.04513,-0.23134,0.07601,0.2129,0.80918
S50,g50c50,1998-2002,104246,100000,1.0425,,0.3039,0.932,49874,293,45,7,0,0,75878,49874,0.7187,0.1272,0.08302,0.20541,,-0.2231,0.05241,-0.0972
S50,g50c50,1998-2019,2438165,440000,5.5413,,0.4727,0.9811,216666,1768,189,53,1251,76,517884,10,0.0,0.6533,0.06178,0.40557,,0.05761,1.03081,3.16132
S50,g50c50,1998-2026,6902426,573333,12.0391,,0.4817,0.9811,282075,2132,209,88,1591,88,2156175,59,0.0001,0.6794,-0.00171,0.24002,,0.05294,1.35627,6.65448
S50,g50c50,2000-2019,1601580,400000,4.004,,0.4783,0.7277,163904,1405,163,44,2481,91,352908,25,0.0001,0.7588,-0.002,0.3117,0.15225,-0.14875,0.77517,2.203
S50,g50c50,2000-2020,1932033,420000,4.6001,,0.4798,0.728,171483,1422,167,49,2543,101,505369,4,0.0,0.7613,0.04135,0.29492,-0.08588,-0.02396,0.84208,2.67526
S50,g50c50,2000-2026,4460011,533333,8.3625,,0.4859,0.7292,214432,1754,193,69,2763,124,1352124,12,0.0,0.7677,0.14553,0.13979,-0.21043,-0.18052,1.00759,4.66174
S50,g50c50,2003-2007,138245,100000,1.3825,,0.0512,0.9403,48322,430,85,1,0,0,93358,47581,0.6753,0.1664,-0.21842,-0.08164,-0.17791,-0.23237,0.02622,0.22658
S50,g50c50,2008-2012,141506,100000,1.4151,,0.3089,0.6438,40237,1093,177,4,132,13,4178,1,0.0,0.8208,0.11183,0.16657,-0.00468,0.28635,0.22739,0.40012
S50,g50c50,2010-2019,472565,200000,2.3628,,0.129,0.9593,96734,679,99,11,0,0,229379,78424,0.4728,0.4237,-0.07244,-0.14098,-0.38652,-0.11133,0.25064,1.24368
S50,g50c50,2010-2026,1676467,333333,5.0294,,0.2212,0.9594,160691,1118,134,35,0,0,656861,109759,0.3765,0.5196,0.09627,-0.23232,-0.58628,-0.10004,0.46425,3.05195
S50,g50c50,2013-2019,241546,140000,1.7253,,0.0959,0.998,70694,272,43,2,0,0,195118,69998,0.806,0.0829,-0.117,-0.16426,-0.35678,-0.12018,0.09061,0.6438
S50,g50c50,2020-2026,244754,133333,1.8357,,0.1349,0.8863,61305,437,70,5,0,0,169665,59049,0.6932,0.1842,-0.00216,-0.17,-0.33186,-0.06471,0.05429,0.57259
S50,g67,1998-2002,90154,100000,0.9015,,0.5373,0.77,48868,293,45,7,0,0,61786,48868,0.6667,0.1299,-0.06338,0.04247,,-0.32812,-0.08985,-0.21924
S50,g67,1998-2019,2498574,440000,5.6786,,0.5714,0.9157,212295,1719,187,53,1464,79,656391,2,0.0,0.651,0.08808,0.4404,,0.08381,1.08113,3.26443
S50,g67,1998-2026,8168888,573333,14.2481,,0.5744,0.9323,276384,2093,207,86,1909,94,3587537,2,0.0,0.6572,0.18146,0.46754,,0.24614,1.7886,8.05893
S50,g67,2000-2019,1578672,400000,3.9467,,0.481,0.5718,130096,1294,158,42,2791,117,407225,47,0.0002,0.7846,-0.01627,0.29294,0.13577,-0.16092,0.74978,2.15719
S50,g67,2000-2020,1983754,420000,4.7232,,0.4834,0.5719,135886,1312,161,46,2835,118,630817,2,0.0,0.7853,0.06923,0.32959,-0.06141,0.00217,0.89139,2.77365
S50,g67,2000-2026,5080769,533333,9.5264,,0.4943,0.5722,168698,1632,189,63,3148,144,2103461,3,0.0,0.7724,0.30496,0.29843,-0.10053,-0.06646,1.28701,5.44976
S50,g67,2003-2007,158075,100000,1.5808,,0.0924,0.8981,46134,430,85,1,0,0,113188,45393,0.716,0.1488,-0.10631,0.05009,-0.05999,-0.12226,0.17342,0.40252
S50,g67,2008-2012,127913,100000,1.2791,,0.3962,0.551,34440,1024,169,2,408,21,3354,10,0.0002,0.8291,0.00502,0.05451,-0.10029,0.16278,0.10948,0.26562
S50,g67,2010-2019,658100,200000,3.2905,,0.175,0.9355,94365,679,99,11,0,0,414913,87645,0.5362,0.3502,0.29173,0.19628,-0.14566,0.23758,0.74166,2.12458
S50,g67,2010-2026,2869574,333333,8.6087,,0.2757,0.9354,156755,1118,134,35,0,0,1849968,132079,0.4921,0.3884,0.87647,0.31402,-0.29184,0.54044,1.50633,5.93564
S50,g67,2013-2019,349761,140000,2.4983,,0.1686,1.0,70833,272,43,2,0,0,303334,70330,0.8637,0.0637,0.27859,0.21017,-0.0686,0.27399,0.57922,1.38025
S50,g67,2020-2026,331113,133333,2.4833,,0.267,0.7678,53108,437,70,5,0,0,256024,50851,0.7695,0.1544,0.34991,0.12285,-0.09611,0.2653,0.42628,1.12745
S50,g67c25,1998-2002,94636,100000,0.9464,,0.4746,0.819,49371,293,45,7,0,0,66268,49371,0.6848,0.1298,-0.01682,0.09429,,-0.29472,-0.04461,-0.18043
S50,g67c25,1998-2019,2431671,440000,5.5265,,0.5176,0.9591,214481,1723,187,53,1416,78,581932,1,0.0,0.6547,0.05895,0.40183,,0.05479,1.02541,3.15024
S50,g67c25,1998-2026,7338613,573333,12.7999,,0.5213,0.9712,279229,2090,207,85,1902,91,2750724,5,0.0,0.6696,0.06138,0.31838,,0.11948,1.50517,7.13819
S50,g67c25,2000-2019,1554738,400000,3.8868,,0.4806,0.6153,139972,1321,159,43,2703,115,367484,25,0.0001,0.7786,-0.03118,0.27334,0.11855,-0.17364,0.72325,2.10932
S50,g67c25,2000-2020,1926452,420000,4.5868,,0.4823,0.6155,146185,1337,164,49,2778,122,560604,8,0.0,0.7795,0.03835,0.29118,-0.08852,-0.02677,0.83676,2.66465
S50,g67c25,2000-2026,4670390,533333,8.757,,0.4922,0.6166,181392,1666,188,64,3039,143,1643022,1,0.0,0.7777,0.19956,0.19356,-0.17318,-0.14186,1.10228,4.9288
S50,g67c25,2003-2007,147923,100000,1.4792,,0.0779,0.9149,47151,430,85,1,0,0,103036,46409,0.6966,0.1572,-0.1637,-0.01735,-0.12036,-0.17863,0.09806,0.31245
S50,g67c25,2008-2012,134222,100000,1.3422,,0.3607,0.5926,37038,1056,171,3,303,20,3877,1,0.0,0.8245,0.0546,0.10652,-0.05591,0.22014,0.16421,0.32805
S50,g67c25,2010-2019,559049,200000,2.7952,,0.149,0.9434,95130,679,99,11,0,0,315862,85160,0.5065,0.3838,0.09731,0.01623,-0.27424,0.05131,0.47952,1.65429
S50,g67c25,2010-2026,2161726,333333,6.4852,,0.246,0.9434,158026,1118,134,35,0,0,1142120,121395,0.4591,0.4481,0.4136,-0.01011,-0.46652,0.16046,0.88809,4.2248
S50,g67c25,2013-2019,294617,140000,2.1044,,0.1366,0.9987,70742,272,43,2,0,0,248189,70047,0.8393,0.0719,0.07701,0.01937,-0.21545,0.07313,0.33024,1.00497
S50,g67c25,2020-2026,286496,133333,2.1487,,0.2021,0.8292,57355,437,70,5,0,0,211406,55099,0.7379,0.1675,0.16801,-0.02845,-0.21791,0.0948,0.23409,0.84078
S50,s_g0c50,1998-2002,113495,100000,1.1349,,0.1368,0.9811,49874,293,45,7,0,0,85126,49874,0.7491,0.1259,0.1791,0.31235,,-0.15418,0.14578,-0.01711
S50,s_g0c50,1998-2019,2427313,440000,5.5166,,0.4861,0.9811,216666,1791,189,53,1183,74,474106,4,0.0,0.6485,0.05705,0.39932,,0.0529,1.02178,3.1428
S50,s_g0c50,1998-2026,6814294,573333,11.8854,,0.4944,0.9811,282075,2158,209,88,1459,83,1896444,5,0.0,0.6824,-0.01445,0.22419,,0.0395,1.32618,6.55675
S50,s_g0c50,2000-2019,1736364,400000,4.3409,,0.4849,0.8802,195161,1551,175,47,2188,82,347602,0,0.0,0.7275,0.08199,0.42209,0.24922,-0.07711,0.92456,2.47256
S50,s_g0c50,2000-2020,2032916,420000,4.8403,,0.4862,0.8836,204838,1573,175,53,2218,79,463405,1,0.0,0.7316,0.09573,0.36254,-0.03815,0.02701,0.93827,2.86717
S50,s_g0c50,2000-2026,4746939,533333,8.9005,,0.4893,0.9038,259675,1915,201,74,2392,93,1324242,3,0.0,0.7457,0.21922,0.21312,-0.15963,-0.1278,1.13674,5.02598
S50,s_g0c50,2003-2007,135134,100000,1.3513,,0.0545,0.9392,48728,430,85,1,0,0,90247,47311,0.6676,0.1695,-0.23601,-0.10231,-0.19641,-0.24965,0.00312,0.19897
S50,s_g0c50,2008-2012,137887,100000,1.3789,,0.3165,0.6193,38707,1077,175,4,227,18,3707,2,0.0,0.8235,0.08339,0.13673,-0.03014,0.25345,0.196,0.36431
S50,s_g0c50,2010-2019,435506,200000,2.1775,,0.1393,0.956,98391,679,99,11,0,0,192319,74158,0.4409,0.4425,-0.14518,-0.20835,-0.43463,-0.18102,0.15256,1.06773
S50,s_g0c50,2010-2026,1506944,333333,4.5208,,0.2563,0.9558,162909,1118,134,35,0,0,487338,106189,0.3173,0.5566,-0.01458,-0.30995,-0.62811,-0.19104,0.31619,2.64222
S50,s_g0c50,2013-2019,214449,140000,1.5318,,0.1002,1.0,70833,272,43,2,0,0,168021,70483,0.7826,0.0902,-0.21606,-0.25801,-0.42893,-0.21888,-0.03173,0.4594
S50,s_g0c50,2020-2026,224724,133333,1.6854,,0.1651,0.8433,58327,437,70,5,0,0,149634,54937,0.6659,0.1964,-0.08383,-0.23793,-0.38654,-0.14125,-0.032,0.44389
S50,s_g50c50,1998-2002,111113,100000,1.1111,,0.1602,0.9811,49874,293,45,7,0,0,82745,49874,0.7414,0.1246,0.15436,0.28482,,-0.17192,0.12174,-0.03773
S50,s_g50c50,1998-2019,2434317,440000,5.5325,,0.498,0.9811,216666,1777,189,53,1220,76,499237,0,0.0,0.646,0.0601,0.40336,,0.05594,1.02761,3.15476
S50,s_g50c50,1998-2026,6951040,573333,12.1239,,0.503,0.9811,282075,2151,209,88,1516,85,2082888,16,0.0,0.676,0.00533,0.24875,,0.06036,1.37287,6.70839
S50,s_g50c50,2000-2019,1694514,400000,4.2363,,0.4882,0.8254,186161,1500,170,47,2282,84,361426,31,0.0001,0.7381,0.05592,0.38781,0.21911,-0.09935,0.87818,2.38886
S50,s_g50c50,2000-2020,2020112,420000,4.8098,,0.4889,0.8259,194787,1523,174,53,2326,85,501823,20,0.0,0.7413,0.08883,0.35395,-0.04421,0.02054,0.92606,2.84281
S50,s_g50c50,2000-2026,4745646,533333,8.8981,,0.4913,0.8276,243669,1865,197,71,2499,98,1401479,3,0.0,0.7515,0.21889,0.21279,-0.15986,-0.12803,1.13616,5.02434
S50,s_g50c50,2003-2007,137559,100000,1.3756,,0.0449,0.9536,48553,430,85,1,0,0,92672,47812,0.6737,0.1672,-0.2223,-0.0862,-0.18199,-0.23618,0.02112,0.22049
S50,s_g50c50,2008-2012,139594,100000,1.3959,,0.3154,0.6303,39395,1085,175,4,160,15,4184,29,0.0005,0.8216,0.09681,0.15081,-0.01813,0.26897,0.21081,0.3812
S50,s_g50c50,2010-2019,459019,200000,2.2951,,0.1312,0.9693,98019,679,99,11,0,0,215832,78605,0.4693,0.4283,-0.09903,-0.1656,-0.4041,-0.1368,0.21479,1.17936
S50,s_g50c50,2010-2026,1615624,333333,4.8469,,0.238,0.9692,162825,1118,134,35,0,0,596018,111171,0.3631,0.5305,0.05649,-0.26018,-0.60129,-0.1327,0.41111,2.9049
S50,s_g50c50,2013-2019,229343,140000,1.6382,,0.0898,1.0,70833,272,43,2,0,0,182916,70351,0.7966,0.086,-0.16161,-0.20648,-0.38927,-0.16463,0.03552,0.56076
S50,s_g50c50,2020-2026,238391,133333,1.7879,,0.1323,0.8807,60913,437,70,5,0,0,163301,57624,0.685,0.1876,-0.02811,-0.19158,-0.34923,-0.08903,0.02687,0.5317
S50,s_g67c25,1998-2002,100815,100000,1.0081,,0.3687,0.896,49371,293,45,7,0,0,72446,49371,0.7108,0.126,0.04737,0.16573,,-0.24867,0.01777,-0.12692
S50,s_g67c25,1998-2019,2518549,440000,5.724,,0.5043,0.9712,214481,1774,189,53,1196,73,590055,9,0.0,0.6447,0.09678,0.45191,,0.09247,1.09777,3.29852
S50,s_g67c25,1998-2026,7748885,573333,13.5155,,0.5069,0.9712,279229,2153,209,88,1502,83,2846330,6,0.0,0.6643,0.12072,0.39208,,0.18207,1.64522,7.59317
S50,s_g67c25,2000-2019,1642699,400000,4.1067,,0.4834,0.6619,150583,1402,161,44,2503,97,398621,1,0.0,0.7624,0.02363,0.34538,0.18183,-0.12689,0.82075,2.28524
S50,s_g67c25,2000-2020,2006807,420000,4.7781,,0.4853,0.6619,157200,1420,166,50,2561,96,587893,10,0.0,0.7637,0.08166,0.34504,-0.05051,0.01382,0.91337,2.8175
S50,s_g67c25,2000-2026,4844373,533333,9.0832,,0.4895,0.6597,194153,1748,192,69,2788,126,1726487,3,0.0,0.7631,0.24425,0.23802,-0.14238,-0.10989,1.1806,5.14966
S50,s_g67c25,2003-2007,148006,100000,1.4801,,0.0694,0.9236,47304,430,85,1,0,0,103119,46562,0.6967,0.1573,-0.16324,-0.0168,-0.11987,-0.17818,0.09867,0.31317
S50,s_g67c25,2008-2012,132229,100000,1.3223,,0.3716,0.5796,36227,1047,169,3,344,21,3854,26,0.0006,0.8256,0.03894,0.09009,-0.06993,0.20202,0.14692,0.30833
S50,s_g67c25,2010-2019,554039,200000,2.7702,,0.1495,0.9519,95979,679,99,11,0,0,310853,85936,0.5154,0.3819,0.08748,0.00712,-0.28075,0.04189,0.46626,1.63051
S50,s_g67c25,2010-2026,2131161,333333,6.3935,,0.2436,0.9519,159437,1118,134,35,0,0,1111555,126732,0.4704,0.4479,0.39361,-0.02411,-0.47406,0.14405,0.86139,4.15093
S50,s_g67c25,2013-2019,285087,140000,2.0363,,0.1283,1.0,70833,272,43,2,0,0,238659,70282,0.8345,0.0736,0.04217,-0.01361,-0.24083,0.03842,0.28721,0.94012
S50,s_g67c25,2020-2026,284381,133333,2.1329,,0.2003,0.8259,57124,437,70,5,0,0,209292,54868,0.736,0.1681,0.15939,-0.03562,-0.22368,0.08672,0.22498,0.8272
S50,s_g67c50,1998-2002,110070,100000,1.1007,,0.1943,0.9811,49874,293,45,7,0,0,81701,49874,0.7382,0.1248,0.14352,0.27275,,-0.1797,0.1112,-0.04677
S50,s_g67c50,1998-2019,2429183,440000,5.5209,,0.4987,0.9811,216666,1771,189,53,1237,76,508552,4,0.0,0.6461,0.05787,0.4004,,0.05371,1.02333,3.14599
S50,s_g67c50,1998-2026,6950564,573333,12.1231,,0.5032,0.9811,282075,2144,209,88,1566,86,2094910,1,0.0,0.6756,0.00526,0.24867,,0.06029,1.3727,6.70786
S50,s_g67c50,2000-2019,1679401,400000,4.1985,,0.4867,0.8004,180040,1481,166,46,2331,81,362651,53,0.0002,0.7423,0.0465,0.37543,0.20823,-0.10738,0.86143,2.35864
S50,s_g67c50,2000-2020,2014096,420000,4.7955,,0.4871,0.8012,188430,1506,172,51,2383,84,508053,4,0.0,0.7454,0.08558,0.34992,-0.04706,0.0175,0.92032,2.83137
S50,s_g67c50,2000-2026,4708192,533333,8.8279,,0.4894,0.8048,235972,1843,197,71,2533,102,1424118,7,0.0,0.7541,0.20927,0.20322,-0.16649,-0.13492,1.1193,4.97679
S50,s_g67c50,2003-2007,138055,100000,1.3806,,0.0461,0.9495,48489,430,85,1,0,0,93168,47747,0.6749,0.1667,-0.21949,-0.0829,-0.17904,-0.23343,0.02481,0.22489
S50,s_g67c50,2008-2012,139744,100000,1.3974,,0.3185,0.6303,39396,1085,175,4,160,15,4334,29,0.0005,0.8213,0.09799,0.15205,-0.01707,0.27034,0.21211,0.38269
S50,s_g67c50,2010-2019,465470,200000,2.3274,,0.13,0.968,97605,679,99,11,0,0,222284,79799,0.4765,0.4248,-0.08637,-0.15388,-0.39573,-0.12467,0.23186,1.21
S50,s_g67c50,2010-2026,1644998,333333,4.935,,0.2317,0.968,162137,1118,134,35,0,0,625392,112283,0.3712,0.5238,0.0757,-0.24673,-0.59404,-0.11693,0.43677,2.97589
S50,s_g67c50,2013-2019,233482,140000,1.6677,,0.0886,1.0,70833,272,43,2,0,0,187054,70233,0.8,0.085,-0.14648,-0.19216,-0.37825,-0.14955,0.0542,0.58892
S50,s_g67c50,2020-2026,241359,133333,1.8102,,0.1314,0.8844,61169,437,70,5,0,0,166270,58545,0.6889,0.1859,-0.016,-0.18152,-0.34113,-0.07768,0.03966,0.55077
